split,class,path,extension,readable,width,height,mode,error
train,ambulance,train/ambulance/195939523.jpg,.jpg,True,307,366,RGB,
train,ambulance,train/ambulance/198727855.jpg,.jpg,True,328,365,RGB,
train,ambulance,train/ambulance/199031396.jpg,.jpg,True,253,333,RGB,
train,ambulance,train/ambulance/199587392.jpg,.jpg,True,290,326,RGB,
train,ambulance,train/ambulance/199659807.jpg,.jpg,True,286,328,RGB,
train,ambulance,train/ambulance/199984667.jpg,.jpg,True,269,397,RGB,
train,ambulance,train/ambulance/200011359.jpg,.jpg,True,272,372,RGB,
train,ambulance,train/ambulance/200805520.jpg,.jpg,True,263,341,RGB,
train,ambulance,train/ambulance/201107960.jpg,.jpg,True,263,401,RGB,
train,ambulance,train/ambulance/203158523.jpg,.jpg,True,270,355,RGB,
train,ambulance,train/ambulance/203539792.jpg,.jpg,True,269,336,RGB,
train,ambulance,train/ambulance/203829862.jpg,.jpg,True,305,353,RGB,
train,ambulance,train/ambulance/204215951.jpg,.jpg,True,290,360,RGB,
train,ambulance,train/ambulance/204227881.jpg,.jpg,True,289,339,RGB,
train,ambulance,train/ambulance/205326290.jpg,.jpg,True,248,313,RGB,
train,ambulance,train/ambulance/206000918.jpg,.jpg,True,408,495,RGB,
train,ambulance,train/ambulance/206174864.jpg,.jpg,True,268,289,RGB,
train,ambulance,train/ambulance/206808986.jpg,.jpg,True,279,366,RGB,
train,ambulance,train/ambulance/208466531.jpg,.jpg,True,237,317,RGB,
train,ambulance,train/ambulance/208738861.jpg,.jpg,True,284,339,RGB,
train,ambulance,train/ambulance/209441415.jpg,.jpg,True,222,275,RGB,
train,ambulance,train/ambulance/209741797.jpg,.jpg,True,171,216,RGB,
train,ambulance,train/ambulance/209817390.jpg,.jpg,True,162,216,RGB,
train,ambulance,train/ambulance/209819480.jpg,.jpg,True,195,264,RGB,
train,ambulance,train/ambulance/211623028.jpg,.jpg,True,162,216,RGB,
train,ambulance,train/ambulance/211676031.jpg,.jpg,True,168,216,RGB,
train,ambulance,train/ambulance/211786744.jpg,.jpg,True,198,264,RGB,
train,ambulance,train/ambulance/211940909.jpg,.jpg,True,207,259,RGB,
train,ambulance,train/ambulance/211966435.jpg,.jpg,True,162,216,RGB,
train,ambulance,train/ambulance/211996658.jpg,.jpg,True,210,265,RGB,
train,ambulance,train/ambulance/212007692.jpg,.jpg,True,207,276,RGB,
train,ambulance,train/ambulance/212181645.jpg,.jpg,True,156,204,RGB,
train,ambulance,train/ambulance/212409258.jpg,.jpg,True,180,228,RGB,
train,ambulance,train/ambulance/212750815.jpg,.jpg,True,281,326,RGB,
train,ambulance,train/ambulance/212822076.jpg,.jpg,True,207,276,RGB,
train,ambulance,train/ambulance/213029149.jpg,.jpg,True,186,252,RGB,
train,ambulance,train/ambulance/213064777.jpg,.jpg,True,189,252,RGB,
train,ambulance,train/ambulance/213283576.jpg,.jpg,True,156,204,RGB,
train,ambulance,train/ambulance/213342200.jpg,.jpg,True,189,252,RGB,
train,ambulance,train/ambulance/213357768.jpg,.jpg,True,210,270,RGB,
train,ambulance,train/ambulance/213490536.jpg,.jpg,True,156,204,RGB,
train,ambulance,train/ambulance/213801906.jpg,.jpg,True,162,216,RGB,
train,ambulance,train/ambulance/213805984.jpg,.jpg,True,210,276,RGB,
train,ambulance,train/ambulance/214162077.jpg,.jpg,True,162,204,RGB,
train,ambulance,train/ambulance/214354132.jpg,.jpg,True,189,252,RGB,
train,ambulance,train/ambulance/214358069.jpg,.jpg,True,462,956,RGB,
train,ambulance,train/ambulance/214425638.jpg,.jpg,True,207,273,RGB,
train,ambulance,train/ambulance/214485304.jpg,.jpg,True,198,264,RGB,
train,ambulance,train/ambulance/214491219.jpg,.jpg,True,171,228,RGB,
train,ambulance,train/ambulance/214493399.jpg,.jpg,True,165,216,RGB,
train,ambulance,train/ambulance/214587510.jpg,.jpg,True,180,240,RGB,
train,ambulance,train/ambulance/214641358.jpg,.jpg,True,177,240,RGB,
train,ambulance,train/ambulance/214715793.jpg,.jpg,True,198,264,RGB,
train,ambulance,train/ambulance/214725360.jpg,.jpg,True,186,252,RGB,
train,ambulance,train/ambulance/214784967.jpg,.jpg,True,177,228,RGB,
train,ambulance,train/ambulance/214803565.jpg,.jpg,True,198,247,RGB,
train,ambulance,train/ambulance/215086043.jpg,.jpg,True,162,216,RGB,
train,ambulance,train/ambulance/215101954.jpg,.jpg,True,156,204,RGB,
train,ambulance,train/ambulance/215162191.jpg,.jpg,True,186,235,RGB,
train,ambulance,train/ambulance/215455492.jpg,.jpg,True,186,252,RGB,
train,ambulance,train/ambulance/215691126.jpg,.jpg,True,186,240,RGB,
train,ambulance,train/ambulance/215731258.jpg,.jpg,True,162,216,RGB,
train,ambulance,train/ambulance/215767078.jpg,.jpg,True,186,252,RGB,
train,ambulance,train/ambulance/215775115.jpg,.jpg,True,171,228,RGB,
train,ambulance,train/ambulance/215799618.jpg,.jpg,True,180,240,RGB,
train,ambulance,train/ambulance/215890423.jpg,.jpg,True,189,252,RGB,
train,ambulance,train/ambulance/215895473.jpg,.jpg,True,195,264,RGB,
train,ambulance,train/ambulance/215922180.jpg,.jpg,True,156,216,RGB,
train,ambulance,train/ambulance/215998859.jpg,.jpg,True,189,240,RGB,
train,ambulance,train/ambulance/216005219.jpg,.jpg,True,165,216,RGB,
train,ambulance,train/ambulance/216013688.jpg,.jpg,True,270,361,RGB,
train,ambulance,train/ambulance/216018033.jpg,.jpg,True,186,237,RGB,
train,ambulance,train/ambulance/216019173.jpg,.jpg,True,177,240,RGB,
train,ambulance,train/ambulance/216026223.jpg,.jpg,True,198,250,RGB,
train,ambulance,train/ambulance/216029056.jpg,.jpg,True,207,254,RGB,
train,ambulance,train/ambulance/216035809.jpg,.jpg,True,189,252,RGB,
train,ambulance,train/ambulance/216048174.jpg,.jpg,True,165,216,RGB,
train,ambulance,train/ambulance/216059668.jpg,.jpg,True,189,252,RGB,
train,ambulance,train/ambulance/216066730.jpg,.jpg,True,162,216,RGB,
train,ambulance,train/ambulance/216077999.jpg,.jpg,True,207,276,RGB,
train,ambulance,train/ambulance/216092441.jpg,.jpg,True,141,180,RGB,
train,ambulance,train/ambulance/216105563.jpg,.jpg,True,150,192,RGB,
train,ambulance,train/ambulance/216113788.jpg,.jpg,True,198,252,RGB,
train,ambulance,train/ambulance/216118298.jpg,.jpg,True,171,216,RGB,
train,ambulance,train/ambulance/216128960.jpg,.jpg,True,198,247,RGB,
train,ambulance,train/ambulance/216143298.jpg,.jpg,True,156,204,RGB,
train,ambulance,train/ambulance/216146573.jpg,.jpg,True,189,230,RGB,
train,ambulance,train/ambulance/216152703.jpg,.jpg,True,380,787,RGB,
train,ambulance,train/ambulance/216157856.jpg,.jpg,True,210,276,RGB,
train,ambulance,train/ambulance/216216403.jpg,.jpg,True,189,240,RGB,
train,ambulance,train/ambulance/216224583.jpg,.jpg,True,180,228,RGB,
train,ambulance,train/ambulance/216232960.jpg,.jpg,True,171,228,RGB,
train,ambulance,train/ambulance/216242769.jpg,.jpg,True,195,252,RGB,
train,ambulance,train/ambulance/216256793.jpg,.jpg,True,162,216,RGB,
train,ambulance,train/ambulance/216287989.jpg,.jpg,True,425,852,RGB,
train,ambulance,train/ambulance/216379768.jpg,.jpg,True,177,228,RGB,
train,ambulance,train/ambulance/216400367.jpg,.jpg,True,156,204,RGB,
train,ambulance,train/ambulance/216447391.jpg,.jpg,True,145,216,RGB,
train,ambulance,train/ambulance/216449202.jpg,.jpg,True,162,216,RGB,
train,ambulance,train/ambulance/216527609.jpg,.jpg,True,207,274,RGB,
train,ambulance,train/ambulance/216533019.jpg,.jpg,True,189,252,RGB,
train,ambulance,train/ambulance/216561672.jpg,.jpg,True,256,363,RGB,
train,ambulance,train/ambulance/216612929.jpg,.jpg,True,162,216,RGB,
train,ambulance,train/ambulance/216657686.jpg,.jpg,True,198,264,RGB,
train,ambulance,train/ambulance/216657889.jpg,.jpg,True,198,264,RGB,
train,ambulance,train/ambulance/216673206.jpg,.jpg,True,186,252,RGB,
train,ambulance,train/ambulance/216753875.jpg,.jpg,True,198,264,RGB,
train,ambulance,train/ambulance/216765169.jpg,.jpg,True,186,252,RGB,
train,ambulance,train/ambulance/216773853.jpg,.jpg,True,198,252,RGB,
train,ambulance,train/ambulance/216777388.jpg,.jpg,True,198,264,RGB,
train,ambulance,train/ambulance/216780041.jpg,.jpg,True,180,228,RGB,
train,ambulance,train/ambulance/216816417.jpg,.jpg,True,135,180,RGB,
train,ambulance,train/ambulance/216820535.jpg,.jpg,True,171,228,RGB,
train,ambulance,train/ambulance/216834352.jpg,.jpg,True,198,264,RGB,
train,ambulance,train/ambulance/216840747.jpg,.jpg,True,150,192,RGB,
train,ambulance,train/ambulance/216843475.jpg,.jpg,True,207,276,RGB,
train,ambulance,train/ambulance/216864213.jpg,.jpg,True,198,264,RGB,
train,ambulance,train/ambulance/216903655.jpg,.jpg,True,189,240,RGB,
train,ambulance,train/ambulance/216915388.jpg,.jpg,True,135,180,RGB,
train,ambulance,train/ambulance/216951685.jpg,.jpg,True,198,252,RGB,
train,ambulance,train/ambulance/216952196.jpg,.jpg,True,168,228,RGB,
train,ambulance,train/ambulance/216959847.jpg,.jpg,True,198,252,RGB,
train,ambulance,train/ambulance/216974433.jpg,.jpg,True,370,553,RGB,
train,ambulance,train/ambulance/216983143.jpg,.jpg,True,156,204,RGB,
train,ambulance,train/ambulance/217037450.jpg,.jpg,True,117,216,RGB,
train,ambulance,train/ambulance/217043669.jpg,.jpg,True,168,228,RGB,
train,ambulance,train/ambulance/217088412.jpg,.jpg,True,171,228,RGB,
train,ambulance,train/ambulance/217119220.jpg,.jpg,True,207,276,RGB,
train,ambulance,train/ambulance/217150612.jpg,.jpg,True,120,168,RGB,
train,ambulance,train/ambulance/217155355.jpg,.jpg,True,129,180,RGB,
train,ambulance,train/ambulance/217206154.jpg,.jpg,True,207,254,RGB,
train,ambulance,train/ambulance/217208536.jpg,.jpg,True,186,252,RGB,
train,ambulance,train/ambulance/217209937.jpg,.jpg,True,189,252,RGB,
train,ambulance,train/ambulance/217226406.jpg,.jpg,True,156,204,RGB,
train,ambulance,train/ambulance/217250077.jpg,.jpg,True,156,204,RGB,
train,ambulance,train/ambulance/217302360.jpg,.jpg,True,198,239,RGB,
train,ambulance,train/ambulance/217323781.jpg,.jpg,True,162,216,RGB,
train,ambulance,train/ambulance/217324168.jpg,.jpg,True,198,276,RGB,
train,ambulance,train/ambulance/217381140.jpg,.jpg,True,189,252,RGB,
train,ambulance,train/ambulance/217402380.jpg,.jpg,True,162,216,RGB,
train,ambulance,train/ambulance/217402945.jpg,.jpg,True,180,240,RGB,
train,ambulance,train/ambulance/217447963.jpg,.jpg,True,189,240,RGB,
train,ambulance,train/ambulance/217477279.jpg,.jpg,True,198,247,RGB,
train,ambulance,train/ambulance/217477434.jpg,.jpg,True,180,228,RGB,
train,ambulance,train/ambulance/217480566.jpg,.jpg,True,186,240,RGB,
train,ambulance,train/ambulance/217496158.jpg,.jpg,True,180,240,RGB,
train,ambulance,train/ambulance/217497126.jpg,.jpg,True,180,240,RGB,
train,ambulance,train/ambulance/217499646.jpg,.jpg,True,165,216,RGB,
train,ambulance,train/ambulance/217504681.jpg,.jpg,True,171,216,RGB,
train,ambulance,train/ambulance/217506368.jpg,.jpg,True,186,252,RGB,
train,ambulance,train/ambulance/217526919.jpg,.jpg,True,210,276,RGB,
train,ambulance,train/ambulance/217541742.jpg,.jpg,True,177,228,RGB,
train,ambulance,train/ambulance/217551252.jpg,.jpg,True,171,228,RGB,
train,ambulance,train/ambulance/217570069.jpg,.jpg,True,177,220,RGB,
train,ambulance,train/ambulance/217579095.jpg,.jpg,True,123,168,RGB,
train,ambulance,train/ambulance/217584509.jpg,.jpg,True,162,216,RGB,
train,ambulance,train/ambulance/217652202.jpg,.jpg,True,198,264,RGB,
train,ambulance,train/ambulance/217697159.jpg,.jpg,True,165,216,RGB,
train,ambulance,train/ambulance/217727567.jpg,.jpg,True,177,240,RGB,
train,ambulance,train/ambulance/217785400.jpg,.jpg,True,186,252,RGB,
train,ambulance,train/ambulance/217814338.jpg,.jpg,True,150,189,RGB,
train,ambulance,train/ambulance/217825810.jpg,.jpg,True,186,252,RGB,
train,ambulance,train/ambulance/217888265.jpg,.jpg,True,129,180,RGB,
train,ambulance,train/ambulance/217910074.jpg,.jpg,True,198,252,RGB,
train,ambulance,train/ambulance/217940480.jpg,.jpg,True,162,216,RGB,
train,ambulance,train/ambulance/217986910.jpg,.jpg,True,171,228,RGB,
train,ambulance,train/ambulance/218036224.jpg,.jpg,True,171,228,RGB,
train,ambulance,train/ambulance/218078334.jpg,.jpg,True,198,264,RGB,
train,ambulance,train/ambulance/218119796.jpg,.jpg,True,189,252,RGB,
train,ambulance,train/ambulance/218153518.jpg,.jpg,True,198,276,RGB,
train,ambulance,train/ambulance/218191394.jpg,.jpg,True,180,240,RGB,
train,ambulance,train/ambulance/218193739.jpg,.jpg,True,201,263,RGB,
train,ambulance,train/ambulance/218204858.jpg,.jpg,True,162,216,RGB,
train,ambulance,train/ambulance/218244029.jpg,.jpg,True,271,333,RGB,
train,ambulance,train/ambulance/218249834.jpg,.jpg,True,150,189,RGB,
train,ambulance,train/ambulance/218254848.jpg,.jpg,True,171,228,RGB,
train,ambulance,train/ambulance/218266352.jpg,.jpg,True,177,228,RGB,
train,ambulance,train/ambulance/218289823.jpg,.jpg,True,198,264,RGB,
train,ambulance,train/ambulance/218289961.jpg,.jpg,True,198,264,RGB,
train,ambulance,train/ambulance/218308494.jpg,.jpg,True,156,204,RGB,
train,ambulance,train/ambulance/218315928.jpg,.jpg,True,207,276,RGB,
train,ambulance,train/ambulance/218316367.jpg,.jpg,True,198,264,RGB,
train,ambulance,train/ambulance/218332655.jpg,.jpg,True,171,202,RGB,
train,ambulance,train/ambulance/218339551.jpg,.jpg,True,168,228,RGB,
train,ambulance,train/ambulance/218343183.jpg,.jpg,True,390,870,RGB,
train,ambulance,train/ambulance/218353709.jpg,.jpg,True,198,252,RGB,
train,ambulance,train/ambulance/218384303.jpg,.jpg,True,189,236,RGB,
train,ambulance,train/ambulance/218420550.jpg,.jpg,True,207,276,RGB,
train,ambulance,train/ambulance/218506566.jpg,.jpg,True,189,252,RGB,
train,ambulance,train/ambulance/218591595.jpg,.jpg,True,162,216,RGB,
train,ambulance,train/ambulance/218621416.jpg,.jpg,True,171,228,RGB,
train,ambulance,train/ambulance/218659907.jpg,.jpg,True,258,356,RGB,
train,ambulance,train/ambulance/218673872.jpg,.jpg,True,180,240,RGB,
train,ambulance,train/ambulance/218676611.jpg,.jpg,True,249,382,RGB,
train,ambulance,train/ambulance/218701191.jpg,.jpg,True,171,216,RGB,
train,ambulance,train/ambulance/218702745.jpg,.jpg,True,165,216,RGB,
train,ambulance,train/ambulance/218705819.jpg,.jpg,True,171,228,RGB,
train,ambulance,train/ambulance/218729538.jpg,.jpg,True,168,228,RGB,
train,ambulance,train/ambulance/218737689.jpg,.jpg,True,177,240,RGB,
train,ambulance,train/ambulance/218808822.jpg,.jpg,True,189,240,RGB,
train,ambulance,train/ambulance/218811675.jpg,.jpg,True,207,271,RGB,
train,ambulance,train/ambulance/218816506.jpg,.jpg,True,150,192,RGB,
train,ambulance,train/ambulance/218819549.jpg,.jpg,True,207,262,RGB,
train,ambulance,train/ambulance/218819949.jpg,.jpg,True,186,252,RGB,
train,ambulance,train/ambulance/218820152.jpg,.jpg,True,207,276,RGB,
train,ambulance,train/ambulance/218852971.jpg,.jpg,True,207,264,RGB,
train,ambulance,train/ambulance/218916115.jpg,.jpg,True,177,230,RGB,
train,ambulance,train/ambulance/218966979.jpg,.jpg,True,189,252,RGB,
train,ambulance,train/ambulance/218975756.jpg,.jpg,True,268,300,RGB,
train,ambulance,train/ambulance/219006693.jpg,.jpg,True,150,192,RGB,
train,ambulance,train/ambulance/219023494.jpg,.jpg,True,321,812,RGB,
train,ambulance,train/ambulance/219025430.jpg,.jpg,True,177,240,RGB,
train,ambulance,train/ambulance/219046578.jpg,.jpg,True,207,276,RGB,
train,ambulance,train/ambulance/219058364.jpg,.jpg,True,150,192,RGB,
train,ambulance,train/ambulance/219078591.jpg,.jpg,True,162,204,RGB,
train,ambulance,train/ambulance/219090066.jpg,.jpg,True,201,264,RGB,
train,ambulance,train/ambulance/219103658.jpg,.jpg,True,189,252,RGB,
train,ambulance,train/ambulance/219110239.jpg,.jpg,True,177,240,RGB,
train,ambulance,train/ambulance/219123929.jpg,.jpg,True,210,276,RGB,
train,autobus,train/autobus/193143598.jpg,.jpg,True,381,440,RGB,
train,autobus,train/autobus/193229239.jpg,.jpg,True,361,324,RGB,
train,autobus,train/autobus/193247490.jpg,.jpg,True,395,440,RGB,
train,autobus,train/autobus/193913981.jpg,.jpg,True,374,254,RGB,
train,autobus,train/autobus/193934570.jpg,.jpg,True,367,349,RGB,
train,autobus,train/autobus/193937509.jpg,.jpg,True,434,439,RGB,
train,autobus,train/autobus/194264789.jpg,.jpg,True,381,387,RGB,
train,autobus,train/autobus/194279229.jpg,.jpg,True,337,367,RGB,
train,autobus,train/autobus/194356888.jpg,.jpg,True,235,260,RGB,
train,autobus,train/autobus/194603835.jpg,.jpg,True,378,440,RGB,
train,autobus,train/autobus/194628481.jpg,.jpg,True,401,381,RGB,
train,autobus,train/autobus/195327944.jpg,.jpg,True,266,274,RGB,
train,autobus,train/autobus/195353874.jpg,.jpg,True,385,440,RGB,
train,autobus,train/autobus/195459397.jpg,.jpg,True,415,398,RGB,
train,autobus,train/autobus/195577230.jpg,.jpg,True,379,341,RGB,
train,autobus,train/autobus/195928852.jpg,.jpg,True,380,404,RGB,
train,autobus,train/autobus/195938542.jpg,.jpg,True,234,225,RGB,
train,autobus,train/autobus/196077431.jpg,.jpg,True,666,844,RGB,
train,autobus,train/autobus/196503008.jpg,.jpg,True,379,352,RGB,
train,autobus,train/autobus/196513999.jpg,.jpg,True,376,334,RGB,
train,autobus,train/autobus/196745624.jpg,.jpg,True,358,426,RGB,
train,autobus,train/autobus/197162771.jpg,.jpg,True,441,440,RGB,
train,autobus,train/autobus/198131550.jpg,.jpg,True,303,293,RGB,
train,autobus,train/autobus/198261344.jpg,.jpg,True,326,410,RGB,
train,autobus,train/autobus/198389317.jpg,.jpg,True,386,418,RGB,
train,autobus,train/autobus/198462591.jpg,.jpg,True,386,440,RGB,
train,autobus,train/autobus/198480054.jpg,.jpg,True,293,418,RGB,
train,autobus,train/autobus/198481791.jpg,.jpg,True,288,332,RGB,
train,autobus,train/autobus/198539778.jpg,.jpg,True,327,330,RGB,
train,autobus,train/autobus/199033958.jpg,.jpg,True,241,280,RGB,
train,autobus,train/autobus/199176140.jpg,.jpg,True,334,450,RGB,
train,autobus,train/autobus/199993161.jpg,.jpg,True,323,440,RGB,
train,autobus,train/autobus/200168649.jpg,.jpg,True,545,590,RGB,
train,autobus,train/autobus/202162316.jpg,.jpg,True,376,450,RGB,
train,autobus,train/autobus/203314263.jpg,.jpg,True,356,450,RGB,
train,autobus,train/autobus/205052162.jpg,.jpg,True,318,393,RGB,
train,autobus,train/autobus/205169590.jpg,.jpg,True,331,450,RGB,
train,autobus,train/autobus/205343679.jpg,.jpg,True,361,450,RGB,
train,autobus,train/autobus/208843464.jpg,.jpg,True,341,450,RGB,
train,autobus,train/autobus/208876395.jpg,.jpg,True,371,437,RGB,
train,autobus,train/autobus/209038128.jpg,.jpg,True,328,507,RGB,
train,autobus,train/autobus/209214397.jpg,.jpg,True,189,248,RGB,
train,autobus,train/autobus/209549928.jpg,.jpg,True,189,240,RGB,
train,autobus,train/autobus/210036680.jpg,.jpg,True,359,448,RGB,
train,autobus,train/autobus/210098742.jpg,.jpg,True,186,237,RGB,
train,autobus,train/autobus/210184901.jpg,.jpg,True,369,432,RGB,
train,autobus,train/autobus/210328665.jpg,.jpg,True,321,448,RGB,
train,autobus,train/autobus/210391171.jpg,.jpg,True,353,450,RGB,
train,autobus,train/autobus/210456615.jpg,.jpg,True,318,450,RGB,
train,autobus,train/autobus/210906540.jpg,.jpg,True,349,450,RGB,
train,autobus,train/autobus/211087357.jpg,.jpg,True,344,448,RGB,
train,autobus,train/autobus/211222927.jpg,.jpg,True,325,450,RGB,
train,autobus,train/autobus/211576935.jpg,.jpg,True,321,436,RGB,
train,autobus,train/autobus/211692128.jpg,.jpg,True,186,252,RGB,
train,autobus,train/autobus/211794766.jpg,.jpg,True,180,228,RGB,
train,autobus,train/autobus/212142265.jpg,.jpg,True,198,264,RGB,
train,autobus,train/autobus/212480288.jpg,.jpg,True,207,276,RGB,
train,autobus,train/autobus/212543172.jpg,.jpg,True,150,189,RGB,
train,autobus,train/autobus/212950745.jpg,.jpg,True,296,359,RGB,
train,autobus,train/autobus/213633279.jpg,.jpg,True,395,448,RGB,
train,autobus,train/autobus/213748478.jpg,.jpg,True,422,448,RGB,
train,autobus,train/autobus/213843804.jpg,.jpg,True,370,448,RGB,
train,autobus,train/autobus/213844436.jpg,.jpg,True,379,448,RGB,
train,autobus,train/autobus/214177928.jpg,.jpg,True,198,264,RGB,
train,autobus,train/autobus/214187028.jpg,.jpg,True,411,448,RGB,
train,autobus,train/autobus/214398398.jpg,.jpg,True,210,270,RGB,
train,autobus,train/autobus/214524163.jpg,.jpg,True,345,447,RGB,
train,autobus,train/autobus/214619456.jpg,.jpg,True,156,204,RGB,
train,autobus,train/autobus/214640760.jpg,.jpg,True,186,240,RGB,
train,autobus,train/autobus/214742657.jpg,.jpg,True,384,443,RGB,
train,autobus,train/autobus/214743978.jpg,.jpg,True,156,204,RGB,
train,autobus,train/autobus/214839567.jpg,.jpg,True,331,448,RGB,
train,autobus,train/autobus/215033304.jpg,.jpg,True,320,423,RGB,
train,autobus,train/autobus/215062637.jpg,.jpg,True,343,448,RGB,
train,autobus,train/autobus/215071661.jpg,.jpg,True,189,252,RGB,
train,autobus,train/autobus/215123839.jpg,.jpg,True,317,406,RGB,
train,autobus,train/autobus/215186162.jpg,.jpg,True,207,268,RGB,
train,autobus,train/autobus/215321465.jpg,.jpg,True,342,448,RGB,
train,autobus,train/autobus/215604362.jpg,.jpg,True,198,240,RGB,
train,autobus,train/autobus/215647197.jpg,.jpg,True,390,448,RGB,
train,autobus,train/autobus/215655037.jpg,.jpg,True,344,444,RGB,
train,autobus,train/autobus/215679623.jpg,.jpg,True,432,448,RGB,
train,autobus,train/autobus/215686284.jpg,.jpg,True,189,252,RGB,
train,autobus,train/autobus/215687278.jpg,.jpg,True,433,448,RGB,
train,autobus,train/autobus/215710303.jpg,.jpg,True,198,264,RGB,
train,autobus,train/autobus/215752917.jpg,.jpg,True,331,448,RGB,
train,autobus,train/autobus/215770203.jpg,.jpg,True,210,270,RGB,
train,autobus,train/autobus/215821118.jpg,.jpg,True,412,448,RGB,
train,autobus,train/autobus/215825621.jpg,.jpg,True,403,448,RGB,
train,autobus,train/autobus/215825639.jpg,.jpg,True,344,448,RGB,
train,autobus,train/autobus/215865900.jpg,.jpg,True,341,448,RGB,
train,autobus,train/autobus/215918108.jpg,.jpg,True,429,448,RGB,
train,autobus,train/autobus/215950476.jpg,.jpg,True,198,260,RGB,
train,autobus,train/autobus/215976846.jpg,.jpg,True,222,273,RGB,
train,autobus,train/autobus/215984332.jpg,.jpg,True,331,444,RGB,
train,autobus,train/autobus/215989839.jpg,.jpg,True,365,448,RGB,
train,autobus,train/autobus/215992943.jpg,.jpg,True,349,448,RGB,
train,autobus,train/autobus/216010159.jpg,.jpg,True,366,448,RGB,
train,autobus,train/autobus/216010502.jpg,.jpg,True,366,448,RGB,
train,autobus,train/autobus/216013650.jpg,.jpg,True,332,445,RGB,
train,autobus,train/autobus/216021441.jpg,.jpg,True,388,442,RGB,
train,autobus,train/autobus/216041425.jpg,.jpg,True,352,448,RGB,
train,autobus,train/autobus/216060637.jpg,.jpg,True,340,448,RGB,
train,autobus,train/autobus/216066402.jpg,.jpg,True,342,448,RGB,
train,autobus,train/autobus/216079914.jpg,.jpg,True,406,448,RGB,
train,autobus,train/autobus/216086152.jpg,.jpg,True,201,264,RGB,
train,autobus,train/autobus/216086604.jpg,.jpg,True,198,276,RGB,
train,autobus,train/autobus/216114758.jpg,.jpg,True,356,448,RGB,
train,autobus,train/autobus/216141785.jpg,.jpg,True,198,252,RGB,
train,autobus,train/autobus/216143998.jpg,.jpg,True,189,252,RGB,
train,autobus,train/autobus/216176130.jpg,.jpg,True,419,448,RGB,
train,autobus,train/autobus/216237770.jpg,.jpg,True,329,442,RGB,
train,autobus,train/autobus/216240222.jpg,.jpg,True,339,448,RGB,
train,autobus,train/autobus/216240847.jpg,.jpg,True,295,366,RGB,
train,autobus,train/autobus/216262792.jpg,.jpg,True,392,448,RGB,
train,autobus,train/autobus/216264423.jpg,.jpg,True,431,448,RGB,
train,autobus,train/autobus/216277099.jpg,.jpg,True,354,448,RGB,
train,autobus,train/autobus/216282397.jpg,.jpg,True,343,448,RGB,
train,autobus,train/autobus/216283106.jpg,.jpg,True,198,264,RGB,
train,autobus,train/autobus/216293919.jpg,.jpg,True,198,252,RGB,
train,autobus,train/autobus/216318824.jpg,.jpg,True,365,448,RGB,
train,autobus,train/autobus/216322942.jpg,.jpg,True,198,254,RGB,
train,autobus,train/autobus/216328773.jpg,.jpg,True,180,228,RGB,
train,autobus,train/autobus/216357066.jpg,.jpg,True,144,192,RGB,
train,autobus,train/autobus/216357327.jpg,.jpg,True,382,448,RGB,
train,autobus,train/autobus/216412255.jpg,.jpg,True,354,448,RGB,
train,autobus,train/autobus/216421304.jpg,.jpg,True,333,448,RGB,
train,autobus,train/autobus/216423047.jpg,.jpg,True,336,448,RGB,
train,autobus,train/autobus/216449385.jpg,.jpg,True,350,448,RGB,
train,autobus,train/autobus/216485879.jpg,.jpg,True,189,240,RGB,
train,autobus,train/autobus/216539622.jpg,.jpg,True,186,236,RGB,
train,autobus,train/autobus/216551484.jpg,.jpg,True,351,448,RGB,
train,autobus,train/autobus/216551896.jpg,.jpg,True,389,448,RGB,
train,autobus,train/autobus/216559230.jpg,.jpg,True,198,252,RGB,
train,autobus,train/autobus/216560648.jpg,.jpg,True,198,252,RGB,
train,autobus,train/autobus/216573141.jpg,.jpg,True,315,448,RGB,
train,autobus,train/autobus/216575324.jpg,.jpg,True,357,448,RGB,
train,autobus,train/autobus/216588181.jpg,.jpg,True,186,252,RGB,
train,autobus,train/autobus/216623717.jpg,.jpg,True,322,443,RGB,
train,autobus,train/autobus/216664450.jpg,.jpg,True,207,274,RGB,
train,autobus,train/autobus/216684204.jpg,.jpg,True,311,379,RGB,
train,autobus,train/autobus/216714407.jpg,.jpg,True,367,448,RGB,
train,autobus,train/autobus/216729767.jpg,.jpg,True,390,448,RGB,
train,autobus,train/autobus/216733258.jpg,.jpg,True,210,276,RGB,
train,autobus,train/autobus/216760038.jpg,.jpg,True,198,252,RGB,
train,autobus,train/autobus/216775502.jpg,.jpg,True,328,448,RGB,
train,autobus,train/autobus/216797527.jpg,.jpg,True,358,448,RGB,
train,autobus,train/autobus/216797653.jpg,.jpg,True,339,448,RGB,
train,autobus,train/autobus/216799890.jpg,.jpg,True,306,448,RGB,
train,autobus,train/autobus/216802875.jpg,.jpg,True,207,276,RGB,
train,autobus,train/autobus/216815620.jpg,.jpg,True,334,448,RGB,
train,autobus,train/autobus/216847640.jpg,.jpg,True,306,406,RGB,
train,autobus,train/autobus/216850693.jpg,.jpg,True,347,448,RGB,
train,autobus,train/autobus/216859234.jpg,.jpg,True,347,448,RGB,
train,autobus,train/autobus/216864238.jpg,.jpg,True,369,448,RGB,
train,autobus,train/autobus/216875964.jpg,.jpg,True,326,448,RGB,
train,autobus,train/autobus/216926734.jpg,.jpg,True,411,448,RGB,
train,autobus,train/autobus/216946113.jpg,.jpg,True,338,448,RGB,
train,autobus,train/autobus/216947005.jpg,.jpg,True,335,448,RGB,
train,autobus,train/autobus/216947535.jpg,.jpg,True,352,448,RGB,
train,autobus,train/autobus/216948140.jpg,.jpg,True,207,276,RGB,
train,autobus,train/autobus/217007978.jpg,.jpg,True,373,448,RGB,
train,autobus,train/autobus/217040529.jpg,.jpg,True,359,448,RGB,
train,autobus,train/autobus/217091265.jpg,.jpg,True,359,448,RGB,
train,autobus,train/autobus/217140059.jpg,.jpg,True,347,448,RGB,
train,autobus,train/autobus/217145661.jpg,.jpg,True,392,448,RGB,
train,autobus,train/autobus/217252048.jpg,.jpg,True,348,448,RGB,
train,autobus,train/autobus/217413615.jpg,.jpg,True,367,448,RGB,
train,autobus,train/autobus/217420553.jpg,.jpg,True,207,243,RGB,
train,autobus,train/autobus/217427229.jpg,.jpg,True,198,264,RGB,
train,autobus,train/autobus/217431762.jpg,.jpg,True,393,448,RGB,
train,autobus,train/autobus/217619978.jpg,.jpg,True,306,414,RGB,
train,autobus,train/autobus/217672139.jpg,.jpg,True,189,240,RGB,
train,autobus,train/autobus/217734773.jpg,.jpg,True,358,448,RGB,
train,autobus,train/autobus/217769175.jpg,.jpg,True,198,254,RGB,
train,autobus,train/autobus/217780130.jpg,.jpg,True,402,448,RGB,
train,autobus,train/autobus/217791047.jpg,.jpg,True,323,448,RGB,
train,autobus,train/autobus/217891763.jpg,.jpg,True,332,448,RGB,
train,autobus,train/autobus/217891887.jpg,.jpg,True,337,447,RGB,
train,autobus,train/autobus/217893775.jpg,.jpg,True,348,448,RGB,
train,autobus,train/autobus/217916961.jpg,.jpg,True,357,448,RGB,
train,autobus,train/autobus/217930382.jpg,.jpg,True,362,448,RGB,
train,autobus,train/autobus/217932299.jpg,.jpg,True,388,440,RGB,
train,autobus,train/autobus/217947174.jpg,.jpg,True,198,264,RGB,
train,autobus,train/autobus/217971815.jpg,.jpg,True,201,264,RGB,
train,autobus,train/autobus/217976090.jpg,.jpg,True,320,448,RGB,
train,autobus,train/autobus/217999167.jpg,.jpg,True,347,448,RGB,
train,autobus,train/autobus/217999498.jpg,.jpg,True,210,276,RGB,
train,autobus,train/autobus/218000072.jpg,.jpg,True,319,421,RGB,
train,autobus,train/autobus/218020051.jpg,.jpg,True,349,448,RGB,
train,autobus,train/autobus/218028529.jpg,.jpg,True,345,445,RGB,
train,autobus,train/autobus/218028985.jpg,.jpg,True,368,448,RGB,
train,autobus,train/autobus/218060093.jpg,.jpg,True,427,448,RGB,
train,autobus,train/autobus/218060991.jpg,.jpg,True,373,448,RGB,
train,autobus,train/autobus/218080642.jpg,.jpg,True,334,435,RGB,
train,autobus,train/autobus/218092463.jpg,.jpg,True,332,440,RGB,
train,autobus,train/autobus/218182608.jpg,.jpg,True,364,448,RGB,
train,autobus,train/autobus/218206926.jpg,.jpg,True,180,240,RGB,
train,autobus,train/autobus/218220108.jpg,.jpg,True,388,448,RGB,
train,autobus,train/autobus/218265944.jpg,.jpg,True,409,415,RGB,
train,autobus,train/autobus/218283778.jpg,.jpg,True,388,448,RGB,
train,autobus,train/autobus/218286526.jpg,.jpg,True,341,448,RGB,
train,autobus,train/autobus/218293611.jpg,.jpg,True,322,444,RGB,
train,autobus,train/autobus/218333729.jpg,.jpg,True,373,410,RGB,
train,autobus,train/autobus/218337345.jpg,.jpg,True,332,448,RGB,
train,autobus,train/autobus/218375514.jpg,.jpg,True,342,448,RGB,
train,autobus,train/autobus/218405590.jpg,.jpg,True,325,439,RGB,
train,autobus,train/autobus/218417318.jpg,.jpg,True,354,448,RGB,
train,autobus,train/autobus/218429535.jpg,.jpg,True,299,411,RGB,
train,autobus,train/autobus/218485526.jpg,.jpg,True,168,228,RGB,
train,autobus,train/autobus/218505266.jpg,.jpg,True,326,448,RGB,
train,autobus,train/autobus/218540163.jpg,.jpg,True,185,252,RGB,
train,autobus,train/autobus/218575882.jpg,.jpg,True,207,276,RGB,
train,autobus,train/autobus/218619004.jpg,.jpg,True,306,404,RGB,
train,autobus,train/autobus/218625583.jpg,.jpg,True,352,448,RGB,
train,autobus,train/autobus/218626877.jpg,.jpg,True,180,240,RGB,
train,autobus,train/autobus/218637584.jpg,.jpg,True,207,276,RGB,
train,autobus,train/autobus/218643529.jpg,.jpg,True,195,252,RGB,
train,autobus,train/autobus/218658621.jpg,.jpg,True,372,448,RGB,
train,autobus,train/autobus/218667916.jpg,.jpg,True,348,448,RGB,
train,autobus,train/autobus/218688301.jpg,.jpg,True,324,448,RGB,
train,autobus,train/autobus/218700576.jpg,.jpg,True,375,448,RGB,
train,autobus,train/autobus/218707877.jpg,.jpg,True,189,252,RGB,
train,autobus,train/autobus/218737303.jpg,.jpg,True,392,448,RGB,
train,autobus,train/autobus/218757064.jpg,.jpg,True,349,448,RGB,
train,autobus,train/autobus/218767971.jpg,.jpg,True,352,448,RGB,
train,autobus,train/autobus/218778454.jpg,.jpg,True,163,264,RGB,
train,autobus,train/autobus/218787299.jpg,.jpg,True,314,414,RGB,
train,autobus,train/autobus/218833342.jpg,.jpg,True,376,448,RGB,
train,autobus,train/autobus/218858569.jpg,.jpg,True,186,240,RGB,
train,autobus,train/autobus/218884742.jpg,.jpg,True,207,276,RGB,
train,autobus,train/autobus/218903278.jpg,.jpg,True,339,448,RGB,
train,autobus,train/autobus/218906989.jpg,.jpg,True,356,448,RGB,
train,autobus,train/autobus/218908275.jpg,.jpg,True,329,372,RGB,
train,autobus,train/autobus/218908823.jpg,.jpg,True,337,448,RGB,
train,autobus,train/autobus/218915919.jpg,.jpg,True,171,216,RGB,
train,autobus,train/autobus/218932432.jpg,.jpg,True,351,448,RGB,
train,autobus,train/autobus/218936050.jpg,.jpg,True,198,264,RGB,
train,autobus,train/autobus/218952897.jpg,.jpg,True,340,448,RGB,
train,autobus,train/autobus/218959354.jpg,.jpg,True,385,448,RGB,
train,autobus,train/autobus/218964750.jpg,.jpg,True,207,260,RGB,
train,autobus,train/autobus/218993616.jpg,.jpg,True,292,364,RGB,
train,autobus,train/autobus/218993999.jpg,.jpg,True,180,228,RGB,
train,autobus,train/autobus/219073679.jpg,.jpg,True,284,445,RGB,
train,autobus,train/autobus/219113041.jpg,.jpg,True,310,432,RGB,
train,kamyun,train/kamyun/193062599.jpg,.jpg,True,413,426,RGB,
train,kamyun,train/kamyun/193568157.jpg,.jpg,True,352,440,RGB,
train,kamyun,train/kamyun/194260628.jpg,.jpg,True,392,440,RGB,
train,kamyun,train/kamyun/194280536.jpg,.jpg,True,369,329,RGB,
train,kamyun,train/kamyun/196384553.jpg,.jpg,True,405,392,RGB,
train,kamyun,train/kamyun/196530974.jpg,.jpg,True,350,408,RGB,
train,kamyun,train/kamyun/196943134.jpg,.jpg,True,402,373,RGB,
train,kamyun,train/kamyun/197116035.jpg,.jpg,True,325,384,RGB,
train,kamyun,train/kamyun/197346827.jpg,.jpg,True,364,440,RGB,
train,kamyun,train/kamyun/197654108.jpg,.jpg,True,306,352,RGB,
train,kamyun,train/kamyun/198081487.jpg,.jpg,True,418,440,RGB,
train,kamyun,train/kamyun/198086630.jpg,.jpg,True,306,372,RGB,
train,kamyun,train/kamyun/198229545.jpg,.jpg,True,329,355,RGB,
train,kamyun,train/kamyun/198591863.jpg,.jpg,True,255,249,RGB,
train,kamyun,train/kamyun/198661910.jpg,.jpg,True,348,440,RGB,
train,kamyun,train/kamyun/198712812.jpg,.jpg,True,319,413,RGB,
train,kamyun,train/kamyun/198923439.jpg,.jpg,True,256,312,RGB,
train,kamyun,train/kamyun/199172201.jpg,.jpg,True,265,301,RGB,
train,kamyun,train/kamyun/199185521.jpg,.jpg,True,337,435,RGB,
train,kamyun,train/kamyun/199213257.jpg,.jpg,True,342,379,RGB,
train,kamyun,train/kamyun/199511120.jpg,.jpg,True,325,376,RGB,
train,kamyun,train/kamyun/200170189.jpg,.jpg,True,319,342,RGB,
train,kamyun,train/kamyun/200333424.jpg,.jpg,True,315,428,RGB,
train,kamyun,train/kamyun/200464110.jpg,.jpg,True,391,336,RGB,
train,kamyun,train/kamyun/202031464.jpg,.jpg,True,293,306,RGB,
train,kamyun,train/kamyun/204655887.jpg,.jpg,True,302,278,RGB,
train,kamyun,train/kamyun/204958460.jpg,.jpg,True,381,450,RGB,
train,kamyun,train/kamyun/205757433.jpg,.jpg,True,311,433,RGB,
train,kamyun,train/kamyun/205760352.jpg,.jpg,True,361,482,RGB,
train,kamyun,train/kamyun/206930130.jpg,.jpg,True,379,433,RGB,
train,kamyun,train/kamyun/207402995.jpg,.jpg,True,308,419,RGB,
train,kamyun,train/kamyun/210109298.jpg,.jpg,True,195,246,RGB,
train,kamyun,train/kamyun/210622646.jpg,.jpg,True,366,419,RGB,
train,kamyun,train/kamyun/211105618.jpg,.jpg,True,382,416,RGB,
train,kamyun,train/kamyun/212538638.jpg,.jpg,True,150,192,RGB,
train,kamyun,train/kamyun/212656774.jpg,.jpg,True,351,340,RGB,
train,kamyun,train/kamyun/212770154.jpg,.jpg,True,195,264,RGB,
train,kamyun,train/kamyun/212828689.jpg,.jpg,True,304,417,RGB,
train,kamyun,train/kamyun/213506642.jpg,.jpg,True,198,252,RGB,
train,kamyun,train/kamyun/213816578.jpg,.jpg,True,186,252,RGB,
train,kamyun,train/kamyun/214363172.jpg,.jpg,True,219,276,RGB,
train,kamyun,train/kamyun/214372132.jpg,.jpg,True,198,252,RGB,
train,kamyun,train/kamyun/214617464.jpg,.jpg,True,356,448,RGB,
train,kamyun,train/kamyun/214713226.jpg,.jpg,True,189,223,RGB,
train,kamyun,train/kamyun/214772097.jpg,.jpg,True,446,448,RGB,
train,kamyun,train/kamyun/214789826.jpg,.jpg,True,180,228,RGB,
train,kamyun,train/kamyun/214831926.jpg,.jpg,True,210,261,RGB,
train,kamyun,train/kamyun/214834457.jpg,.jpg,True,342,448,RGB,
train,kamyun,train/kamyun/215059402.jpg,.jpg,True,189,252,RGB,
train,kamyun,train/kamyun/215099946.jpg,.jpg,True,326,444,RGB,
train,kamyun,train/kamyun/215113916.jpg,.jpg,True,320,448,RGB,
train,kamyun,train/kamyun/215119243.jpg,.jpg,True,198,264,RGB,
train,kamyun,train/kamyun/215121796.jpg,.jpg,True,332,425,RGB,
train,kamyun,train/kamyun/215121872.jpg,.jpg,True,317,333,RGB,
train,kamyun,train/kamyun/215572272.jpg,.jpg,True,210,276,RGB,
train,kamyun,train/kamyun/215575740.jpg,.jpg,True,249,216,RGB,
train,kamyun,train/kamyun/215580189.jpg,.jpg,True,128,192,RGB,
train,kamyun,train/kamyun/215581412.jpg,.jpg,True,198,252,RGB,
train,kamyun,train/kamyun/215614718.jpg,.jpg,True,314,413,RGB,
train,kamyun,train/kamyun/215628455.jpg,.jpg,True,278,358,RGB,
train,kamyun,train/kamyun/215635130.jpg,.jpg,True,305,403,RGB,
train,kamyun,train/kamyun/215635181.jpg,.jpg,True,330,418,RGB,
train,kamyun,train/kamyun/215673011.jpg,.jpg,True,345,355,RGB,
train,kamyun,train/kamyun/215716022.jpg,.jpg,True,210,257,RGB,
train,kamyun,train/kamyun/215725553.jpg,.jpg,True,180,228,RGB,
train,kamyun,train/kamyun/215744517.jpg,.jpg,True,198,252,RGB,
train,kamyun,train/kamyun/215753292.jpg,.jpg,True,349,448,RGB,
train,kamyun,train/kamyun/215760120.jpg,.jpg,True,156,216,RGB,
train,kamyun,train/kamyun/215771843.jpg,.jpg,True,198,264,RGB,
train,kamyun,train/kamyun/215772828.jpg,.jpg,True,341,429,RGB,
train,kamyun,train/kamyun/215789247.jpg,.jpg,True,350,448,RGB,
train,kamyun,train/kamyun/215792145.jpg,.jpg,True,270,253,RGB,
train,kamyun,train/kamyun/215825393.jpg,.jpg,True,315,353,RGB,
train,kamyun,train/kamyun/215871113.jpg,.jpg,True,198,264,RGB,
train,kamyun,train/kamyun/215888901.jpg,.jpg,True,353,390,RGB,
train,kamyun,train/kamyun/215893105.jpg,.jpg,True,210,261,RGB,
train,kamyun,train/kamyun/215912012.jpg,.jpg,True,340,448,RGB,
train,kamyun,train/kamyun/215925454.jpg,.jpg,True,312,417,RGB,
train,kamyun,train/kamyun/215933911.jpg,.jpg,True,186,252,RGB,
train,kamyun,train/kamyun/215953828.jpg,.jpg,True,162,204,RGB,
train,kamyun,train/kamyun/215970581.jpg,.jpg,True,331,355,RGB,
train,kamyun,train/kamyun/215975099.jpg,.jpg,True,323,433,RGB,
train,kamyun,train/kamyun/215989939.jpg,.jpg,True,198,264,RGB,
train,kamyun,train/kamyun/216021910.jpg,.jpg,True,362,448,RGB,
train,kamyun,train/kamyun/216040476.jpg,.jpg,True,198,252,RGB,
train,kamyun,train/kamyun/216045038.jpg,.jpg,True,198,264,RGB,
train,kamyun,train/kamyun/216062010.jpg,.jpg,True,378,448,RGB,
train,kamyun,train/kamyun/216086881.jpg,.jpg,True,331,448,RGB,
train,kamyun,train/kamyun/216114804.jpg,.jpg,True,336,411,RGB,
train,kamyun,train/kamyun/216130239.jpg,.jpg,True,195,264,RGB,
train,kamyun,train/kamyun/216133020.jpg,.jpg,True,298,283,RGB,
train,kamyun,train/kamyun/216147955.jpg,.jpg,True,181,260,RGB,
train,kamyun,train/kamyun/216173836.jpg,.jpg,True,171,228,RGB,
train,kamyun,train/kamyun/216181883.jpg,.jpg,True,186,252,RGB,
train,kamyun,train/kamyun/216184714.jpg,.jpg,True,362,448,RGB,
train,kamyun,train/kamyun/216224608.jpg,.jpg,True,345,375,RGB,
train,kamyun,train/kamyun/216295051.jpg,.jpg,True,319,332,RGB,
train,kamyun,train/kamyun/216297923.jpg,.jpg,True,382,448,RGB,
train,kamyun,train/kamyun/216317771.jpg,.jpg,True,195,252,RGB,
train,kamyun,train/kamyun/216319937.jpg,.jpg,True,186,252,RGB,
train,kamyun,train/kamyun/216419624.jpg,.jpg,True,298,362,RGB,
train,kamyun,train/kamyun/216432092.jpg,.jpg,True,335,417,RGB,
train,kamyun,train/kamyun/216432527.jpg,.jpg,True,328,417,RGB,
train,kamyun,train/kamyun/216476063.jpg,.jpg,True,302,355,RGB,
train,kamyun,train/kamyun/216479941.jpg,.jpg,True,327,396,RGB,
train,kamyun,train/kamyun/216522671.jpg,.jpg,True,189,252,RGB,
train,kamyun,train/kamyun/216525295.jpg,.jpg,True,366,406,RGB,
train,kamyun,train/kamyun/216530770.jpg,.jpg,True,335,404,RGB,
train,kamyun,train/kamyun/216556737.jpg,.jpg,True,345,407,RGB,
train,kamyun,train/kamyun/216591450.jpg,.jpg,True,342,410,RGB,
train,kamyun,train/kamyun/216599410.jpg,.jpg,True,312,448,RGB,
train,kamyun,train/kamyun/216697023.jpg,.jpg,True,351,412,RGB,
train,kamyun,train/kamyun/216710667.jpg,.jpg,True,285,320,RGB,
train,kamyun,train/kamyun/216740654.jpg,.jpg,True,195,264,RGB,
train,kamyun,train/kamyun/216801664.jpg,.jpg,True,207,264,RGB,
train,kamyun,train/kamyun/216822835.jpg,.jpg,True,357,448,RGB,
train,kamyun,train/kamyun/216830421.jpg,.jpg,True,290,319,RGB,
train,kamyun,train/kamyun/216835885.jpg,.jpg,True,373,438,RGB,
train,kamyun,train/kamyun/216847004.jpg,.jpg,True,361,442,RGB,
train,kamyun,train/kamyun/216850661.jpg,.jpg,True,325,446,RGB,
train,kamyun,train/kamyun/216857360.jpg,.jpg,True,432,417,RGB,
train,kamyun,train/kamyun/216879297.jpg,.jpg,True,324,433,RGB,
train,kamyun,train/kamyun/216902168.jpg,.jpg,True,313,304,RGB,
train,kamyun,train/kamyun/216945616.jpg,.jpg,True,304,318,RGB,
train,kamyun,train/kamyun/216963332.jpg,.jpg,True,384,416,RGB,
train,kamyun,train/kamyun/216965741.jpg,.jpg,True,340,408,RGB,
train,kamyun,train/kamyun/216977256.jpg,.jpg,True,373,404,RGB,
train,kamyun,train/kamyun/216984093.jpg,.jpg,True,311,369,RGB,
train,kamyun,train/kamyun/217007303.jpg,.jpg,True,198,237,RGB,
train,kamyun,train/kamyun/217007653.jpg,.jpg,True,186,240,RGB,
train,kamyun,train/kamyun/217012663.jpg,.jpg,True,319,346,RGB,
train,kamyun,train/kamyun/217042067.jpg,.jpg,True,336,387,RGB,
train,kamyun,train/kamyun/217067503.jpg,.jpg,True,340,448,RGB,
train,kamyun,train/kamyun/217170352.jpg,.jpg,True,198,252,RGB,
train,kamyun,train/kamyun/217204099.jpg,.jpg,True,358,359,RGB,
train,kamyun,train/kamyun/217219987.jpg,.jpg,True,321,276,RGB,
train,kamyun,train/kamyun/217274801.jpg,.jpg,True,294,405,RGB,
train,kamyun,train/kamyun/217314647.jpg,.jpg,True,198,252,RGB,
train,kamyun,train/kamyun/217362261.jpg,.jpg,True,318,409,RGB,
train,kamyun,train/kamyun/217404366.jpg,.jpg,True,137,252,RGB,
train,kamyun,train/kamyun/217447379.jpg,.jpg,True,153,252,RGB,
train,kamyun,train/kamyun/217685543.jpg,.jpg,True,195,264,RGB,
train,kamyun,train/kamyun/217758646.jpg,.jpg,True,337,405,RGB,
train,kamyun,train/kamyun/217791052.jpg,.jpg,True,350,410,RGB,
train,kamyun,train/kamyun/217798410.jpg,.jpg,True,318,400,RGB,
train,kamyun,train/kamyun/217824671.jpg,.jpg,True,332,341,RGB,
train,kamyun,train/kamyun/217826064.jpg,.jpg,True,346,448,RGB,
train,kamyun,train/kamyun/217917607.jpg,.jpg,True,330,357,RGB,
train,kamyun,train/kamyun/217935251.jpg,.jpg,True,317,448,RGB,
train,kamyun,train/kamyun/217939203.jpg,.jpg,True,332,388,RGB,
train,kamyun,train/kamyun/217955185.jpg,.jpg,True,331,448,RGB,
train,kamyun,train/kamyun/217960658.jpg,.jpg,True,303,376,RGB,
train,kamyun,train/kamyun/218000155.jpg,.jpg,True,299,368,RGB,
train,kamyun,train/kamyun/218018095.jpg,.jpg,True,374,448,RGB,
train,kamyun,train/kamyun/218018334.jpg,.jpg,True,311,433,RGB,
train,kamyun,train/kamyun/218043863.jpg,.jpg,True,297,412,RGB,
train,kamyun,train/kamyun/218104347.jpg,.jpg,True,313,369,RGB,
train,kamyun,train/kamyun/218146720.jpg,.jpg,True,338,411,RGB,
train,kamyun,train/kamyun/218161653.jpg,.jpg,True,336,427,RGB,
train,kamyun,train/kamyun/218181782.jpg,.jpg,True,195,252,RGB,
train,kamyun,train/kamyun/218187257.jpg,.jpg,True,334,448,RGB,
train,kamyun,train/kamyun/218231967.jpg,.jpg,True,291,418,RGB,
train,kamyun,train/kamyun/218240059.jpg,.jpg,True,365,448,RGB,
train,kamyun,train/kamyun/218259349.jpg,.jpg,True,195,252,RGB,
train,kamyun,train/kamyun/218279195.jpg,.jpg,True,340,448,RGB,
train,kamyun,train/kamyun/218320799.jpg,.jpg,True,195,264,RGB,
train,kamyun,train/kamyun/218352715.jpg,.jpg,True,337,448,RGB,
train,kamyun,train/kamyun/218431091.jpg,.jpg,True,362,383,RGB,
train,kamyun,train/kamyun/218464321.jpg,.jpg,True,323,442,RGB,
train,kamyun,train/kamyun/218465748.jpg,.jpg,True,310,395,RGB,
train,kamyun,train/kamyun/218528089.jpg,.jpg,True,309,324,RGB,
train,kamyun,train/kamyun/218555708.jpg,.jpg,True,382,392,RGB,
train,kamyun,train/kamyun/218558741.jpg,.jpg,True,331,430,RGB,
train,kamyun,train/kamyun/218562055.jpg,.jpg,True,357,408,RGB,
train,kamyun,train/kamyun/218562973.jpg,.jpg,True,349,448,RGB,
train,kamyun,train/kamyun/218585529.jpg,.jpg,True,198,264,RGB,
train,kamyun,train/kamyun/218586502.jpg,.jpg,True,403,440,RGB,
train,kamyun,train/kamyun/218594904.jpg,.jpg,True,372,448,RGB,
train,kamyun,train/kamyun/218626203.jpg,.jpg,True,207,232,RGB,
train,kamyun,train/kamyun/218644842.jpg,.jpg,True,327,448,RGB,
train,kamyun,train/kamyun/218662990.jpg,.jpg,True,198,264,RGB,
train,kamyun,train/kamyun/218665199.jpg,.jpg,True,340,448,RGB,
train,kamyun,train/kamyun/218697288.jpg,.jpg,True,347,448,RGB,
train,kamyun,train/kamyun/218698955.jpg,.jpg,True,348,363,RGB,
train,kamyun,train/kamyun/218706352.jpg,.jpg,True,356,413,RGB,
train,kamyun,train/kamyun/218714519.jpg,.jpg,True,180,228,RGB,
train,kamyun,train/kamyun/218715050.jpg,.jpg,True,163,232,RGB,
train,kamyun,train/kamyun/218719172.jpg,.jpg,True,319,416,RGB,
train,kamyun,train/kamyun/218722185.jpg,.jpg,True,333,446,RGB,
train,kamyun,train/kamyun/218725706.jpg,.jpg,True,318,401,RGB,
train,kamyun,train/kamyun/218728490.jpg,.jpg,True,347,448,RGB,
train,kamyun,train/kamyun/218729502.jpg,.jpg,True,315,406,RGB,
train,kamyun,train/kamyun/218733055.jpg,.jpg,True,329,448,RGB,
train,kamyun,train/kamyun/218753345.jpg,.jpg,True,316,407,RGB,
train,kamyun,train/kamyun/218760762.jpg,.jpg,True,303,365,RGB,
train,kamyun,train/kamyun/218764401.jpg,.jpg,True,347,448,RGB,
train,kamyun,train/kamyun/218778629.jpg,.jpg,True,311,335,RGB,
train,kamyun,train/kamyun/218793846.jpg,.jpg,True,298,444,RGB,
train,kamyun,train/kamyun/218812834.jpg,.jpg,True,328,426,RGB,
train,kamyun,train/kamyun/218827750.jpg,.jpg,True,316,342,RGB,
train,kamyun,train/kamyun/218828446.jpg,.jpg,True,336,423,RGB,
train,kamyun,train/kamyun/218833324.jpg,.jpg,True,376,448,RGB,
train,kamyun,train/kamyun/218833657.jpg,.jpg,True,317,429,RGB,
train,kamyun,train/kamyun/218843937.jpg,.jpg,True,347,448,RGB,
train,kamyun,train/kamyun/218851819.jpg,.jpg,True,345,448,RGB,
train,kamyun,train/kamyun/218855953.jpg,.jpg,True,341,409,RGB,
train,kamyun,train/kamyun/218884618.jpg,.jpg,True,198,264,RGB,
train,kamyun,train/kamyun/218929209.jpg,.jpg,True,346,448,RGB,
train,kamyun,train/kamyun/218951158.jpg,.jpg,True,349,375,RGB,
train,kamyun,train/kamyun/218963215.jpg,.jpg,True,180,240,RGB,
train,kamyun,train/kamyun/218967036.jpg,.jpg,True,171,216,RGB,
train,kamyun,train/kamyun/218970183.jpg,.jpg,True,295,418,RGB,
train,kamyun,train/kamyun/218977616.jpg,.jpg,True,195,252,RGB,
train,kamyun,train/kamyun/218979754.jpg,.jpg,True,329,386,RGB,
train,kamyun,train/kamyun/218998994.jpg,.jpg,True,336,415,RGB,
train,kamyun,train/kamyun/219000438.jpg,.jpg,True,356,349,RGB,
train,kamyun,train/kamyun/219027696.jpg,.jpg,True,256,382,RGB,
train,kamyun,train/kamyun/219064884.jpg,.jpg,True,250,361,RGB,
train,kamyun,train/kamyun/219095831.jpg,.jpg,True,247,340,RGB,
train,kamyun,train/kamyun/219107667.jpg,.jpg,True,265,285,RGB,
train,kamyun,train/kamyun/219126289.jpg,.jpg,True,250,331,RGB,
train,kamyunet,train/kamyunet/193171555.jpg,.jpg,True,383,435,RGB,
train,kamyunet,train/kamyunet/193234027.jpg,.jpg,True,367,384,RGB,
train,kamyunet,train/kamyunet/193372049.jpg,.jpg,True,350,364,RGB,
train,kamyunet,train/kamyunet/193903806.jpg,.jpg,True,317,370,RGB,
train,kamyunet,train/kamyunet/194252891.jpg,.jpg,True,420,421,RGB,
train,kamyunet,train/kamyunet/194270924.jpg,.jpg,True,347,326,RGB,
train,kamyunet,train/kamyunet/194277690.jpg,.jpg,True,389,393,RGB,
train,kamyunet,train/kamyunet/194278256.jpg,.jpg,True,314,388,RGB,
train,kamyunet,train/kamyunet/195219977.jpg,.jpg,True,304,340,RGB,
train,kamyunet,train/kamyunet/195578789.jpg,.jpg,True,306,222,RGB,
train,kamyunet,train/kamyunet/195670551.jpg,.jpg,True,287,290,RGB,
train,kamyunet,train/kamyunet/195923707.jpg,.jpg,True,303,302,RGB,
train,kamyunet,train/kamyunet/196412320.jpg,.jpg,True,308,319,RGB,
train,kamyunet,train/kamyunet/197387270.jpg,.jpg,True,371,354,RGB,
train,kamyunet,train/kamyunet/197510266.jpg,.jpg,True,255,252,RGB,
train,kamyunet,train/kamyunet/197524191.jpg,.jpg,True,287,342,RGB,
train,kamyunet,train/kamyunet/197919393.jpg,.jpg,True,354,450,RGB,
train,kamyunet,train/kamyunet/198119425.jpg,.jpg,True,310,351,RGB,
train,kamyunet,train/kamyunet/198199671.jpg,.jpg,True,346,302,RGB,
train,kamyunet,train/kamyunet/198247089.jpg,.jpg,True,249,289,RGB,
train,kamyunet,train/kamyunet/198438253.jpg,.jpg,True,268,396,RGB,
train,kamyunet,train/kamyunet/198458220.jpg,.jpg,True,298,267,RGB,
train,kamyunet,train/kamyunet/198810534.jpg,.jpg,True,267,308,RGB,
train,kamyunet,train/kamyunet/199179018.jpg,.jpg,True,222,201,RGB,
train,kamyunet,train/kamyunet/199644443.jpg,.jpg,True,326,310,RGB,
train,kamyunet,train/kamyunet/199773210.jpg,.jpg,True,289,367,RGB,
train,kamyunet,train/kamyunet/200359181.jpg,.jpg,True,450,364,RGB,
train,kamyunet,train/kamyunet/200413006.jpg,.jpg,True,272,342,RGB,
train,kamyunet,train/kamyunet/200460350.jpg,.jpg,True,253,322,RGB,
train,kamyunet,train/kamyunet/200467078.jpg,.jpg,True,273,419,RGB,
train,kamyunet,train/kamyunet/201179873.jpg,.jpg,True,322,422,RGB,
train,kamyunet,train/kamyunet/201261809.jpg,.jpg,True,296,315,RGB,
train,kamyunet,train/kamyunet/202188960.jpg,.jpg,True,280,290,RGB,
train,kamyunet,train/kamyunet/202198620.jpg,.jpg,True,337,275,RGB,
train,kamyunet,train/kamyunet/202691204.jpg,.jpg,True,310,378,RGB,
train,kamyunet,train/kamyunet/205077309.jpg,.jpg,True,312,405,RGB,
train,kamyunet,train/kamyunet/205403787.jpg,.jpg,True,278,346,RGB,
train,kamyunet,train/kamyunet/205841640.jpg,.jpg,True,251,386,RGB,
train,kamyunet,train/kamyunet/206174596.jpg,.jpg,True,278,267,RGB,
train,kamyunet,train/kamyunet/206542315.jpg,.jpg,True,270,415,RGB,
train,kamyunet,train/kamyunet/208830517.jpg,.jpg,True,284,358,RGB,
train,kamyunet,train/kamyunet/208870069.jpg,.jpg,True,274,333,RGB,
train,kamyunet,train/kamyunet/209541758.jpg,.jpg,True,180,240,RGB,
train,kamyunet,train/kamyunet/209546498.jpg,.jpg,True,177,240,RGB,
train,kamyunet,train/kamyunet/209724949.jpg,.jpg,True,164,240,RGB,
train,kamyunet,train/kamyunet/210064050.jpg,.jpg,True,177,240,RGB,
train,kamyunet,train/kamyunet/210099989.jpg,.jpg,True,189,240,RGB,
train,kamyunet,train/kamyunet/210127639.jpg,.jpg,True,198,244,RGB,
train,kamyunet,train/kamyunet/210504161.jpg,.jpg,True,281,393,RGB,
train,kamyunet,train/kamyunet/210749256.jpg,.jpg,True,352,412,RGB,
train,kamyunet,train/kamyunet/211358345.jpg,.jpg,True,241,297,RGB,
train,kamyunet,train/kamyunet/212033747.jpg,.jpg,True,210,276,RGB,
train,kamyunet,train/kamyunet/212046691.jpg,.jpg,True,207,243,RGB,
train,kamyunet,train/kamyunet/212119384.jpg,.jpg,True,290,344,RGB,
train,kamyunet,train/kamyunet/212928506.jpg,.jpg,True,277,392,RGB,
train,kamyunet,train/kamyunet/213311124.jpg,.jpg,True,303,399,RGB,
train,kamyunet,train/kamyunet/213332262.jpg,.jpg,True,270,386,RGB,
train,kamyunet,train/kamyunet/213479569.jpg,.jpg,True,277,368,RGB,
train,kamyunet,train/kamyunet/213481023.jpg,.jpg,True,291,358,RGB,
train,kamyunet,train/kamyunet/213482233.jpg,.jpg,True,198,252,RGB,
train,kamyunet,train/kamyunet/214284950.jpg,.jpg,True,276,397,RGB,
train,kamyunet,train/kamyunet/214285219.jpg,.jpg,True,286,387,RGB,
train,kamyunet,train/kamyunet/214321010.jpg,.jpg,True,299,448,RGB,
train,kamyunet,train/kamyunet/214358573.jpg,.jpg,True,189,240,RGB,
train,kamyunet,train/kamyunet/214641253.jpg,.jpg,True,180,229,RGB,
train,kamyunet,train/kamyunet/214657348.jpg,.jpg,True,314,419,RGB,
train,kamyunet,train/kamyunet/214773624.jpg,.jpg,True,315,448,RGB,
train,kamyunet,train/kamyunet/214845535.jpg,.jpg,True,269,392,RGB,
train,kamyunet,train/kamyunet/214925670.jpg,.jpg,True,299,446,RGB,
train,kamyunet,train/kamyunet/215104341.jpg,.jpg,True,274,394,RGB,
train,kamyunet,train/kamyunet/215175729.jpg,.jpg,True,548,754,RGB,
train,kamyunet,train/kamyunet/215188569.jpg,.jpg,True,271,271,RGB,
train,kamyunet,train/kamyunet/215242068.jpg,.jpg,True,308,350,RGB,
train,kamyunet,train/kamyunet/215286925.jpg,.jpg,True,198,264,RGB,
train,kamyunet,train/kamyunet/215345300.jpg,.jpg,True,315,448,RGB,
train,kamyunet,train/kamyunet/215569282.jpg,.jpg,True,162,216,RGB,
train,kamyunet,train/kamyunet/215589180.jpg,.jpg,True,186,252,RGB,
train,kamyunet,train/kamyunet/215600811.jpg,.jpg,True,302,311,RGB,
train,kamyunet,train/kamyunet/215612697.jpg,.jpg,True,156,204,RGB,
train,kamyunet,train/kamyunet/215613977.jpg,.jpg,True,198,264,RGB,
train,kamyunet,train/kamyunet/215618855.jpg,.jpg,True,256,239,RGB,
train,kamyunet,train/kamyunet/215671765.jpg,.jpg,True,276,380,RGB,
train,kamyunet,train/kamyunet/215685158.jpg,.jpg,True,189,252,RGB,
train,kamyunet,train/kamyunet/215687118.jpg,.jpg,True,186,240,RGB,
train,kamyunet,train/kamyunet/215687961.jpg,.jpg,True,314,380,RGB,
train,kamyunet,train/kamyunet/215692883.jpg,.jpg,True,338,346,RGB,
train,kamyunet,train/kamyunet/215699541.jpg,.jpg,True,195,264,RGB,
train,kamyunet,train/kamyunet/215708185.jpg,.jpg,True,171,228,RGB,
train,kamyunet,train/kamyunet/215721968.jpg,.jpg,True,302,376,RGB,
train,kamyunet,train/kamyunet/215756767.jpg,.jpg,True,293,301,RGB,
train,kamyunet,train/kamyunet/215757279.jpg,.jpg,True,328,395,RGB,
train,kamyunet,train/kamyunet/215780691.jpg,.jpg,True,186,252,RGB,
train,kamyunet,train/kamyunet/215789530.jpg,.jpg,True,313,401,RGB,
train,kamyunet,train/kamyunet/215795207.jpg,.jpg,True,198,276,RGB,
train,kamyunet,train/kamyunet/215801211.jpg,.jpg,True,271,376,RGB,
train,kamyunet,train/kamyunet/215829451.jpg,.jpg,True,358,368,RGB,
train,kamyunet,train/kamyunet/215839717.jpg,.jpg,True,195,252,RGB,
train,kamyunet,train/kamyunet/215847280.jpg,.jpg,True,171,228,RGB,
train,kamyunet,train/kamyunet/215862632.jpg,.jpg,True,315,377,RGB,
train,kamyunet,train/kamyunet/215884288.jpg,.jpg,True,207,264,RGB,
train,kamyunet,train/kamyunet/215904707.jpg,.jpg,True,286,240,RGB,
train,kamyunet,train/kamyunet/215906129.jpg,.jpg,True,198,264,RGB,
train,kamyunet,train/kamyunet/215916570.jpg,.jpg,True,303,377,RGB,
train,kamyunet,train/kamyunet/215917528.jpg,.jpg,True,331,317,RGB,
train,kamyunet,train/kamyunet/215946155.jpg,.jpg,True,291,329,RGB,
train,kamyunet,train/kamyunet/215951406.jpg,.jpg,True,313,399,RGB,
train,kamyunet,train/kamyunet/215951709.jpg,.jpg,True,198,264,RGB,
train,kamyunet,train/kamyunet/215961412.jpg,.jpg,True,275,354,RGB,
train,kamyunet,train/kamyunet/216006559.jpg,.jpg,True,278,296,RGB,
train,kamyunet,train/kamyunet/216008162.jpg,.jpg,True,177,240,RGB,
train,kamyunet,train/kamyunet/216010811.jpg,.jpg,True,171,228,RGB,
train,kamyunet,train/kamyunet/216019031.jpg,.jpg,True,198,264,RGB,
train,kamyunet,train/kamyunet/216022236.jpg,.jpg,True,189,252,RGB,
train,kamyunet,train/kamyunet/216026504.jpg,.jpg,True,306,425,RGB,
train,kamyunet,train/kamyunet/216027967.jpg,.jpg,True,310,448,RGB,
train,kamyunet,train/kamyunet/216030677.jpg,.jpg,True,272,415,RGB,
train,kamyunet,train/kamyunet/216038703.jpg,.jpg,True,258,366,RGB,
train,kamyunet,train/kamyunet/216039206.jpg,.jpg,True,291,307,RGB,
train,kamyunet,train/kamyunet/216039996.jpg,.jpg,True,186,252,RGB,
train,kamyunet,train/kamyunet/216045870.jpg,.jpg,True,195,264,RGB,
train,kamyunet,train/kamyunet/216048837.jpg,.jpg,True,198,252,RGB,
train,kamyunet,train/kamyunet/216071433.jpg,.jpg,True,270,290,RGB,
train,kamyunet,train/kamyunet/216084425.jpg,.jpg,True,207,276,RGB,
train,kamyunet,train/kamyunet/216088991.jpg,.jpg,True,316,408,RGB,
train,kamyunet,train/kamyunet/216104417.jpg,.jpg,True,278,381,RGB,
train,kamyunet,train/kamyunet/216158404.jpg,.jpg,True,298,416,RGB,
train,kamyunet,train/kamyunet/216293604.jpg,.jpg,True,210,276,RGB,
train,kamyunet,train/kamyunet/216318337.jpg,.jpg,True,338,448,RGB,
train,kamyunet,train/kamyunet/216417572.jpg,.jpg,True,162,216,RGB,
train,kamyunet,train/kamyunet/216433007.jpg,.jpg,True,186,240,RGB,
train,kamyunet,train/kamyunet/216447524.jpg,.jpg,True,189,252,RGB,
train,kamyunet,train/kamyunet/216483357.jpg,.jpg,True,186,252,RGB,
train,kamyunet,train/kamyunet/216491496.jpg,.jpg,True,276,390,RGB,
train,kamyunet,train/kamyunet/216538122.jpg,.jpg,True,257,333,RGB,
train,kamyunet,train/kamyunet/216539171.jpg,.jpg,True,210,264,RGB,
train,kamyunet,train/kamyunet/216561920.jpg,.jpg,True,285,341,RGB,
train,kamyunet,train/kamyunet/216563794.jpg,.jpg,True,286,389,RGB,
train,kamyunet,train/kamyunet/216578494.jpg,.jpg,True,268,323,RGB,
train,kamyunet,train/kamyunet/216581893.jpg,.jpg,True,309,416,RGB,
train,kamyunet,train/kamyunet/216589057.jpg,.jpg,True,210,254,RGB,
train,kamyunet,train/kamyunet/216618023.jpg,.jpg,True,283,357,RGB,
train,kamyunet,train/kamyunet/216625819.jpg,.jpg,True,294,370,RGB,
train,kamyunet,train/kamyunet/216628238.jpg,.jpg,True,275,327,RGB,
train,kamyunet,train/kamyunet/216646196.jpg,.jpg,True,275,391,RGB,
train,kamyunet,train/kamyunet/216648866.jpg,.jpg,True,238,287,RGB,
train,kamyunet,train/kamyunet/216733938.jpg,.jpg,True,301,410,RGB,
train,kamyunet,train/kamyunet/216738258.jpg,.jpg,True,207,268,RGB,
train,kamyunet,train/kamyunet/216769772.jpg,.jpg,True,285,381,RGB,
train,kamyunet,train/kamyunet/216779337.jpg,.jpg,True,301,366,RGB,
train,kamyunet,train/kamyunet/216808886.jpg,.jpg,True,306,346,RGB,
train,kamyunet,train/kamyunet/216832169.jpg,.jpg,True,275,369,RGB,
train,kamyunet,train/kamyunet/216833735.jpg,.jpg,True,198,264,RGB,
train,kamyunet,train/kamyunet/216854381.jpg,.jpg,True,295,425,RGB,
train,kamyunet,train/kamyunet/216864100.jpg,.jpg,True,207,261,RGB,
train,kamyunet,train/kamyunet/216909763.jpg,.jpg,True,307,322,RGB,
train,kamyunet,train/kamyunet/216934910.jpg,.jpg,True,189,252,RGB,
train,kamyunet,train/kamyunet/216964385.jpg,.jpg,True,313,446,RGB,
train,kamyunet,train/kamyunet/216973054.jpg,.jpg,True,276,321,RGB,
train,kamyunet,train/kamyunet/216984996.jpg,.jpg,True,320,241,RGB,
train,kamyunet,train/kamyunet/217008914.jpg,.jpg,True,210,243,RGB,
train,kamyunet,train/kamyunet/217031973.jpg,.jpg,True,186,240,RGB,
train,kamyunet,train/kamyunet/217054200.jpg,.jpg,True,312,342,RGB,
train,kamyunet,train/kamyunet/217054853.jpg,.jpg,True,291,386,RGB,
train,kamyunet,train/kamyunet/217064296.jpg,.jpg,True,189,252,RGB,
train,kamyunet,train/kamyunet/217140921.jpg,.jpg,True,322,416,RGB,
train,kamyunet,train/kamyunet/217143476.jpg,.jpg,True,264,303,RGB,
train,kamyunet,train/kamyunet/217156552.jpg,.jpg,True,275,384,RGB,
train,kamyunet,train/kamyunet/217185484.jpg,.jpg,True,306,409,RGB,
train,kamyunet,train/kamyunet/217189003.jpg,.jpg,True,198,264,RGB,
train,kamyunet,train/kamyunet/217193298.jpg,.jpg,True,332,334,RGB,
train,kamyunet,train/kamyunet/217194325.jpg,.jpg,True,282,387,RGB,
train,kamyunet,train/kamyunet/217199468.jpg,.jpg,True,287,430,RGB,
train,kamyunet,train/kamyunet/217202775.jpg,.jpg,True,289,327,RGB,
train,kamyunet,train/kamyunet/217203031.jpg,.jpg,True,353,448,RGB,
train,kamyunet,train/kamyunet/217203351.jpg,.jpg,True,310,405,RGB,
train,kamyunet,train/kamyunet/217206646.jpg,.jpg,True,325,420,RGB,
train,kamyunet,train/kamyunet/217328161.jpg,.jpg,True,279,316,RGB,
train,kamyunet,train/kamyunet/217341470.jpg,.jpg,True,304,420,RGB,
train,kamyunet,train/kamyunet/217381231.jpg,.jpg,True,357,407,RGB,
train,kamyunet,train/kamyunet/217425322.jpg,.jpg,True,273,311,RGB,
train,kamyunet,train/kamyunet/217624081.jpg,.jpg,True,210,276,RGB,
train,kamyunet,train/kamyunet/217743945.jpg,.jpg,True,150,192,RGB,
train,kamyunet,train/kamyunet/217760085.jpg,.jpg,True,292,373,RGB,
train,kamyunet,train/kamyunet/217762819.jpg,.jpg,True,180,223,RGB,
train,kamyunet,train/kamyunet/217763231.jpg,.jpg,True,281,388,RGB,
train,kamyunet,train/kamyunet/217780037.jpg,.jpg,True,289,307,RGB,
train,kamyunet,train/kamyunet/217795203.jpg,.jpg,True,284,385,RGB,
train,kamyunet,train/kamyunet/217800606.jpg,.jpg,True,281,352,RGB,
train,kamyunet,train/kamyunet/217807697.jpg,.jpg,True,330,368,RGB,
train,kamyunet,train/kamyunet/217859902.jpg,.jpg,True,345,448,RGB,
train,kamyunet,train/kamyunet/217914514.jpg,.jpg,True,195,255,RGB,
train,kamyunet,train/kamyunet/217948136.jpg,.jpg,True,171,228,RGB,
train,kamyunet,train/kamyunet/217957818.jpg,.jpg,True,292,347,RGB,
train,kamyunet,train/kamyunet/217958045.jpg,.jpg,True,282,375,RGB,
train,kamyunet,train/kamyunet/217970390.jpg,.jpg,True,261,345,RGB,
train,kamyunet,train/kamyunet/217986709.jpg,.jpg,True,294,411,RGB,
train,kamyunet,train/kamyunet/217999922.jpg,.jpg,True,305,420,RGB,
train,kamyunet,train/kamyunet/218020793.jpg,.jpg,True,254,232,RGB,
train,kamyunet,train/kamyunet/218063376.jpg,.jpg,True,293,345,RGB,
train,kamyunet,train/kamyunet/218063876.jpg,.jpg,True,268,323,RGB,
train,kamyunet,train/kamyunet/218064792.jpg,.jpg,True,198,240,RGB,
train,kamyunet,train/kamyunet/218065087.jpg,.jpg,True,313,398,RGB,
train,kamyunet,train/kamyunet/218071562.jpg,.jpg,True,291,311,RGB,
train,kamyunet,train/kamyunet/218130006.jpg,.jpg,True,285,367,RGB,
train,kamyunet,train/kamyunet/218137882.jpg,.jpg,True,271,406,RGB,
train,kamyunet,train/kamyunet/218154755.jpg,.jpg,True,320,351,RGB,
train,kamyunet,train/kamyunet/218166349.jpg,.jpg,True,265,318,RGB,
train,kamyunet,train/kamyunet/218178501.jpg,.jpg,True,301,423,RGB,
train,kamyunet,train/kamyunet/218206459.jpg,.jpg,True,198,210,RGB,
train,kamyunet,train/kamyunet/218324130.jpg,.jpg,True,329,448,RGB,
train,kamyunet,train/kamyunet/218324880.jpg,.jpg,True,273,287,RGB,
train,kamyunet,train/kamyunet/218367749.jpg,.jpg,True,277,387,RGB,
train,kamyunet,train/kamyunet/218410038.jpg,.jpg,True,282,347,RGB,
train,kamyunet,train/kamyunet/218482181.jpg,.jpg,True,292,291,RGB,
train,kamyunet,train/kamyunet/218532550.jpg,.jpg,True,286,414,RGB,
train,kamyunet,train/kamyunet/218541002.jpg,.jpg,True,189,235,RGB,
train,kamyunet,train/kamyunet/218583813.jpg,.jpg,True,198,251,RGB,
train,kamyunet,train/kamyunet/218587067.jpg,.jpg,True,180,252,RGB,
train,kamyunet,train/kamyunet/218596985.jpg,.jpg,True,171,228,RGB,
train,kamyunet,train/kamyunet/218624593.jpg,.jpg,True,207,276,RGB,
train,kamyunet,train/kamyunet/218683897.jpg,.jpg,True,281,320,RGB,
train,kamyunet,train/kamyunet/218712588.jpg,.jpg,True,198,264,RGB,
train,kamyunet,train/kamyunet/218713895.jpg,.jpg,True,135,180,RGB,
train,kamyunet,train/kamyunet/218716430.jpg,.jpg,True,250,281,RGB,
train,kamyunet,train/kamyunet/218719693.jpg,.jpg,True,313,347,RGB,
train,kamyunet,train/kamyunet/218720188.jpg,.jpg,True,307,372,RGB,
train,kamyunet,train/kamyunet/218723178.jpg,.jpg,True,275,308,RGB,
train,kamyunet,train/kamyunet/218726050.jpg,.jpg,True,283,370,RGB,
train,kamyunet,train/kamyunet/218727216.jpg,.jpg,True,283,304,RGB,
train,kamyunet,train/kamyunet/218756122.jpg,.jpg,True,278,357,RGB,
train,kamyunet,train/kamyunet/218756357.jpg,.jpg,True,285,347,RGB,
train,kamyunet,train/kamyunet/218777039.jpg,.jpg,True,180,240,RGB,
train,kamyunet,train/kamyunet/218804420.jpg,.jpg,True,323,444,RGB,
train,kamyunet,train/kamyunet/218813969.jpg,.jpg,True,210,276,RGB,
train,kamyunet,train/kamyunet/218825517.jpg,.jpg,True,354,424,RGB,
train,kamyunet,train/kamyunet/218839669.jpg,.jpg,True,267,241,RGB,
train,kamyunet,train/kamyunet/218866893.jpg,.jpg,True,267,284,RGB,
train,kamyunet,train/kamyunet/218872188.jpg,.jpg,True,278,370,RGB,
train,kamyunet,train/kamyunet/218878704.jpg,.jpg,True,320,318,RGB,
train,kamyunet,train/kamyunet/218892809.jpg,.jpg,True,283,254,RGB,
train,kamyunet,train/kamyunet/218906168.jpg,.jpg,True,266,305,RGB,
train,kamyunet,train/kamyunet/218935445.jpg,.jpg,True,186,252,RGB,
train,kamyunet,train/kamyunet/218936367.jpg,.jpg,True,297,369,RGB,
train,kamyunet,train/kamyunet/218946635.jpg,.jpg,True,255,323,RGB,
train,kamyunet,train/kamyunet/218948404.jpg,.jpg,True,293,369,RGB,
train,kamyunet,train/kamyunet/218963223.jpg,.jpg,True,189,240,RGB,
train,kamyunet,train/kamyunet/218965460.jpg,.jpg,True,277,360,RGB,
train,kamyunet,train/kamyunet/218973447.jpg,.jpg,True,189,235,RGB,
train,kamyunet,train/kamyunet/218974741.jpg,.jpg,True,144,192,RGB,
train,kamyunet,train/kamyunet/218983938.jpg,.jpg,True,189,252,RGB,
train,kamyunet,train/kamyunet/218984358.jpg,.jpg,True,290,293,RGB,
train,kamyunet,train/kamyunet/218984813.jpg,.jpg,True,186,232,RGB,
train,kamyunet,train/kamyunet/219002808.jpg,.jpg,True,310,352,RGB,
train,kamyunet,train/kamyunet/219008632.jpg,.jpg,True,269,330,RGB,
train,kamyunet,train/kamyunet/219008707.jpg,.jpg,True,168,232,RGB,
train,kamyunet,train/kamyunet/219011995.jpg,.jpg,True,293,426,RGB,
train,kamyunet,train/kamyunet/219017445.jpg,.jpg,True,298,448,RGB,
train,kamyunet,train/kamyunet/219021636.jpg,.jpg,True,294,397,RGB,
train,kamyunet,train/kamyunet/219055863.jpg,.jpg,True,207,276,RGB,
train,kamyunet,train/kamyunet/219057756.jpg,.jpg,True,210,272,RGB,
train,kamyunet,train/kamyunet/219060424.jpg,.jpg,True,208,332,RGB,
train,kamyunet,train/kamyunet/219069952.jpg,.jpg,True,183,296,RGB,
train,kamyunet,train/kamyunet/219070364.jpg,.jpg,True,205,280,RGB,
train,kamyunet,train/kamyunet/219082928.jpg,.jpg,True,211,415,RGB,
train,kamyunet,train/kamyunet/219114546.jpg,.jpg,True,177,310,RGB,
train,kamyunet,train/kamyunet/219118055.jpg,.jpg,True,170,310,RGB,
train,kamyunet,train/kamyunet/219120783.jpg,.jpg,True,187,320,RGB,
train,minibus,train/minibus/193167614.jpg,.jpg,True,325,367,RGB,
train,minibus,train/minibus/193880181.jpg,.jpg,True,289,301,RGB,
train,minibus,train/minibus/193927778.jpg,.jpg,True,331,360,RGB,
train,minibus,train/minibus/194601918.jpg,.jpg,True,369,364,RGB,
train,minibus,train/minibus/195315678.jpg,.jpg,True,312,388,RGB,
train,minibus,train/minibus/195315739.jpg,.jpg,True,311,408,RGB,
train,minibus,train/minibus/195644491.jpg,.jpg,True,281,392,RGB,
train,minibus,train/minibus/196234914.jpg,.jpg,True,305,400,RGB,
train,minibus,train/minibus/196261888.jpg,.jpg,True,290,386,RGB,
train,minibus,train/minibus/196385182.jpg,.jpg,True,359,399,RGB,
train,minibus,train/minibus/196386397.jpg,.jpg,True,294,324,RGB,
train,minibus,train/minibus/196752594.jpg,.jpg,True,297,326,RGB,
train,minibus,train/minibus/197142055.jpg,.jpg,True,250,339,RGB,
train,minibus,train/minibus/197490596.jpg,.jpg,True,272,376,RGB,
train,minibus,train/minibus/197855728.jpg,.jpg,True,294,338,RGB,
train,minibus,train/minibus/197892143.jpg,.jpg,True,313,333,RGB,
train,minibus,train/minibus/198084245.jpg,.jpg,True,337,361,RGB,
train,minibus,train/minibus/198108578.jpg,.jpg,True,354,333,RGB,
train,minibus,train/minibus/198331521.jpg,.jpg,True,273,356,RGB,
train,minibus,train/minibus/198398123.jpg,.jpg,True,299,360,RGB,
train,minibus,train/minibus/198432863.jpg,.jpg,True,285,353,RGB,
train,minibus,train/minibus/198466093.jpg,.jpg,True,322,367,RGB,
train,minibus,train/minibus/198472825.jpg,.jpg,True,321,369,RGB,
train,minibus,train/minibus/198508755.jpg,.jpg,True,280,381,RGB,
train,minibus,train/minibus/198885269.jpg,.jpg,True,287,366,RGB,
train,minibus,train/minibus/198885299.jpg,.jpg,True,273,368,RGB,
train,minibus,train/minibus/199981262.jpg,.jpg,True,303,409,RGB,
train,minibus,train/minibus/200463401.jpg,.jpg,True,256,373,RGB,
train,minibus,train/minibus/201364864.jpg,.jpg,True,251,323,RGB,
train,minibus,train/minibus/202222574.jpg,.jpg,True,312,339,RGB,
train,minibus,train/minibus/202350769.jpg,.jpg,True,293,376,RGB,
train,minibus,train/minibus/203237495.jpg,.jpg,True,294,399,RGB,
train,minibus,train/minibus/203238526.jpg,.jpg,True,356,344,RGB,
train,minibus,train/minibus/203404935.jpg,.jpg,True,271,373,RGB,
train,minibus,train/minibus/203677139.jpg,.jpg,True,317,319,RGB,
train,minibus,train/minibus/204463987.jpg,.jpg,True,283,309,RGB,
train,minibus,train/minibus/205737488.jpg,.jpg,True,378,450,RGB,
train,minibus,train/minibus/205763607.jpg,.jpg,True,305,450,RGB,
train,minibus,train/minibus/205808255.jpg,.jpg,True,364,450,RGB,
train,minibus,train/minibus/205855305.jpg,.jpg,True,375,450,RGB,
train,minibus,train/minibus/205866523.jpg,.jpg,True,354,450,RGB,
train,minibus,train/minibus/205924190.jpg,.jpg,True,351,450,RGB,
train,minibus,train/minibus/205924423.jpg,.jpg,True,366,450,RGB,
train,minibus,train/minibus/205925887.jpg,.jpg,True,367,442,RGB,
train,minibus,train/minibus/205929260.jpg,.jpg,True,397,450,RGB,
train,minibus,train/minibus/205929471.jpg,.jpg,True,341,383,RGB,
train,minibus,train/minibus/205930284.jpg,.jpg,True,378,450,RGB,
train,minibus,train/minibus/205936989.jpg,.jpg,True,376,450,RGB,
train,minibus,train/minibus/205940443.jpg,.jpg,True,394,450,RGB,
train,minibus,train/minibus/205941203.jpg,.jpg,True,345,440,RGB,
train,minibus,train/minibus/205941237.jpg,.jpg,True,354,450,RGB,
train,minibus,train/minibus/205942181.jpg,.jpg,True,393,450,RGB,
train,minibus,train/minibus/205942776.jpg,.jpg,True,389,450,RGB,
train,minibus,train/minibus/205944778.jpg,.jpg,True,361,447,RGB,
train,minibus,train/minibus/206058953.jpg,.jpg,True,352,450,RGB,
train,minibus,train/minibus/206066058.jpg,.jpg,True,380,450,RGB,
train,minibus,train/minibus/206067532.jpg,.jpg,True,317,450,RGB,
train,minibus,train/minibus/206121407.jpg,.jpg,True,343,450,RGB,
train,minibus,train/minibus/206169936.jpg,.jpg,True,316,450,RGB,
train,minibus,train/minibus/206172277.jpg,.jpg,True,280,334,RGB,
train,minibus,train/minibus/206185314.jpg,.jpg,True,360,442,RGB,
train,minibus,train/minibus/206186624.jpg,.jpg,True,387,450,RGB,
train,minibus,train/minibus/206188796.jpg,.jpg,True,383,450,RGB,
train,minibus,train/minibus/206193278.jpg,.jpg,True,382,450,RGB,
train,minibus,train/minibus/206253264.jpg,.jpg,True,362,439,RGB,
train,minibus,train/minibus/206606436.jpg,.jpg,True,282,406,RGB,
train,minibus,train/minibus/207309597.jpg,.jpg,True,288,391,RGB,
train,minibus,train/minibus/208050952.jpg,.jpg,True,300,415,RGB,
train,minibus,train/minibus/209781589.jpg,.jpg,True,177,240,RGB,
train,minibus,train/minibus/210099617.jpg,.jpg,True,287,395,RGB,
train,minibus,train/minibus/210100594.jpg,.jpg,True,198,264,RGB,
train,minibus,train/minibus/210102531.jpg,.jpg,True,198,240,RGB,
train,minibus,train/minibus/210105535.jpg,.jpg,True,134,264,RGB,
train,minibus,train/minibus/210108171.jpg,.jpg,True,195,243,RGB,
train,minibus,train/minibus/210125671.jpg,.jpg,True,198,210,RGB,
train,minibus,train/minibus/210170230.jpg,.jpg,True,189,240,RGB,
train,minibus,train/minibus/210270715.jpg,.jpg,True,298,373,RGB,
train,minibus,train/minibus/212142103.jpg,.jpg,True,186,252,RGB,
train,minibus,train/minibus/213030257.jpg,.jpg,True,268,353,RGB,
train,minibus,train/minibus/213204770.jpg,.jpg,True,306,381,RGB,
train,minibus,train/minibus/214045254.jpg,.jpg,True,304,366,RGB,
train,minibus,train/minibus/214381211.jpg,.jpg,True,210,269,RGB,
train,minibus,train/minibus/214620434.jpg,.jpg,True,280,365,RGB,
train,minibus,train/minibus/214672749.jpg,.jpg,True,310,390,RGB,
train,minibus,train/minibus/214730971.jpg,.jpg,True,210,276,RGB,
train,minibus,train/minibus/214734110.jpg,.jpg,True,296,370,RGB,
train,minibus,train/minibus/214762035.jpg,.jpg,True,207,273,RGB,
train,minibus,train/minibus/214795141.jpg,.jpg,True,207,288,RGB,
train,minibus,train/minibus/214810628.jpg,.jpg,True,138,180,RGB,
train,minibus,train/minibus/214813678.jpg,.jpg,True,198,252,RGB,
train,minibus,train/minibus/214823637.jpg,.jpg,True,207,264,RGB,
train,minibus,train/minibus/215113899.jpg,.jpg,True,195,264,RGB,
train,minibus,train/minibus/215143612.jpg,.jpg,True,265,371,RGB,
train,minibus,train/minibus/215155081.jpg,.jpg,True,275,360,RGB,
train,minibus,train/minibus/215180805.jpg,.jpg,True,287,352,RGB,
train,minibus,train/minibus/215329984.jpg,.jpg,True,287,349,RGB,
train,minibus,train/minibus/215508288.jpg,.jpg,True,198,264,RGB,
train,minibus,train/minibus/215533576.jpg,.jpg,True,276,354,RGB,
train,minibus,train/minibus/215585136.jpg,.jpg,True,210,268,RGB,
train,minibus,train/minibus/215607636.jpg,.jpg,True,287,354,RGB,
train,minibus,train/minibus/215610138.jpg,.jpg,True,322,401,RGB,
train,minibus,train/minibus/215666828.jpg,.jpg,True,290,364,RGB,
train,minibus,train/minibus/215690344.jpg,.jpg,True,198,264,RGB,
train,minibus,train/minibus/215694184.jpg,.jpg,True,300,356,RGB,
train,minibus,train/minibus/215703743.jpg,.jpg,True,288,344,RGB,
train,minibus,train/minibus/215716513.jpg,.jpg,True,275,368,RGB,
train,minibus,train/minibus/215721654.jpg,.jpg,True,207,210,RGB,
train,minibus,train/minibus/215722954.jpg,.jpg,True,281,373,RGB,
train,minibus,train/minibus/215726997.jpg,.jpg,True,186,252,RGB,
train,minibus,train/minibus/215743713.jpg,.jpg,True,198,252,RGB,
train,minibus,train/minibus/215763336.jpg,.jpg,True,277,359,RGB,
train,minibus,train/minibus/215772197.jpg,.jpg,True,282,439,RGB,
train,minibus,train/minibus/215772762.jpg,.jpg,True,287,440,RGB,
train,minibus,train/minibus/215773477.jpg,.jpg,True,327,365,RGB,
train,minibus,train/minibus/215777882.jpg,.jpg,True,299,453,RGB,
train,minibus,train/minibus/215779776.jpg,.jpg,True,288,353,RGB,
train,minibus,train/minibus/215836229.jpg,.jpg,True,268,359,RGB,
train,minibus,train/minibus/215857913.jpg,.jpg,True,283,347,RGB,
train,minibus,train/minibus/215859419.jpg,.jpg,True,291,354,RGB,
train,minibus,train/minibus/215890147.jpg,.jpg,True,207,261,RGB,
train,minibus,train/minibus/215913440.jpg,.jpg,True,298,358,RGB,
train,minibus,train/minibus/215934908.jpg,.jpg,True,274,354,RGB,
train,minibus,train/minibus/215945358.jpg,.jpg,True,207,257,RGB,
train,minibus,train/minibus/215984229.jpg,.jpg,True,289,353,RGB,
train,minibus,train/minibus/215985546.jpg,.jpg,True,287,351,RGB,
train,minibus,train/minibus/215989638.jpg,.jpg,True,267,358,RGB,
train,minibus,train/minibus/215989811.jpg,.jpg,True,299,393,RGB,
train,minibus,train/minibus/216003886.jpg,.jpg,True,317,325,RGB,
train,minibus,train/minibus/216024184.jpg,.jpg,True,302,343,RGB,
train,minibus,train/minibus/216034562.jpg,.jpg,True,294,359,RGB,
train,minibus,train/minibus/216044266.jpg,.jpg,True,282,363,RGB,
train,minibus,train/minibus/216077073.jpg,.jpg,True,247,345,RGB,
train,minibus,train/minibus/216088632.jpg,.jpg,True,291,352,RGB,
train,minibus,train/minibus/216102563.jpg,.jpg,True,288,351,RGB,
train,minibus,train/minibus/216106217.jpg,.jpg,True,284,366,RGB,
train,minibus,train/minibus/216115253.jpg,.jpg,True,198,264,RGB,
train,minibus,train/minibus/216127047.jpg,.jpg,True,198,252,RGB,
train,minibus,train/minibus/216127555.jpg,.jpg,True,292,340,RGB,
train,minibus,train/minibus/216147129.jpg,.jpg,True,276,358,RGB,
train,minibus,train/minibus/216166252.jpg,.jpg,True,288,362,RGB,
train,minibus,train/minibus/216184596.jpg,.jpg,True,320,395,RGB,
train,minibus,train/minibus/216326170.jpg,.jpg,True,290,343,RGB,
train,minibus,train/minibus/216405073.jpg,.jpg,True,210,268,RGB,
train,minibus,train/minibus/216419649.jpg,.jpg,True,287,347,RGB,
train,minibus,train/minibus/216427737.jpg,.jpg,True,301,354,RGB,
train,minibus,train/minibus/216428820.jpg,.jpg,True,271,377,RGB,
train,minibus,train/minibus/216465953.jpg,.jpg,True,276,356,RGB,
train,minibus,train/minibus/216496687.jpg,.jpg,True,198,264,RGB,
train,minibus,train/minibus/216539402.jpg,.jpg,True,189,240,RGB,
train,minibus,train/minibus/216566437.jpg,.jpg,True,286,354,RGB,
train,minibus,train/minibus/216616255.jpg,.jpg,True,195,264,RGB,
train,minibus,train/minibus/216631528.jpg,.jpg,True,297,350,RGB,
train,minibus,train/minibus/216667781.jpg,.jpg,True,210,264,RGB,
train,minibus,train/minibus/216680958.jpg,.jpg,True,189,252,RGB,
train,minibus,train/minibus/216735501.jpg,.jpg,True,290,351,RGB,
train,minibus,train/minibus/216736603.jpg,.jpg,True,277,358,RGB,
train,minibus,train/minibus/216736913.jpg,.jpg,True,210,264,RGB,
train,minibus,train/minibus/216763364.jpg,.jpg,True,293,352,RGB,
train,minibus,train/minibus/216769695.jpg,.jpg,True,277,370,RGB,
train,minibus,train/minibus/216782744.jpg,.jpg,True,284,366,RGB,
train,minibus,train/minibus/216782805.jpg,.jpg,True,284,355,RGB,
train,minibus,train/minibus/216830668.jpg,.jpg,True,287,365,RGB,
train,minibus,train/minibus/216842480.jpg,.jpg,True,280,361,RGB,
train,minibus,train/minibus/216874482.jpg,.jpg,True,195,252,RGB,
train,minibus,train/minibus/216875575.jpg,.jpg,True,296,348,RGB,
train,minibus,train/minibus/216910456.jpg,.jpg,True,210,268,RGB,
train,minibus,train/minibus/216912246.jpg,.jpg,True,304,328,RGB,
train,minibus,train/minibus/216947159.jpg,.jpg,True,287,349,RGB,
train,minibus,train/minibus/216973888.jpg,.jpg,True,296,354,RGB,
train,minibus,train/minibus/216977414.jpg,.jpg,True,297,348,RGB,
train,minibus,train/minibus/216999560.jpg,.jpg,True,198,264,RGB,
train,minibus,train/minibus/217006575.jpg,.jpg,True,283,350,RGB,
train,minibus,train/minibus/217009310.jpg,.jpg,True,280,359,RGB,
train,minibus,train/minibus/217025806.jpg,.jpg,True,198,264,RGB,
train,minibus,train/minibus/217173695.jpg,.jpg,True,283,366,RGB,
train,minibus,train/minibus/217188225.jpg,.jpg,True,289,357,RGB,
train,minibus,train/minibus/217196726.jpg,.jpg,True,186,252,RGB,
train,minibus,train/minibus/217197302.jpg,.jpg,True,295,350,RGB,
train,minibus,train/minibus/217634434.jpg,.jpg,True,186,252,RGB,
train,minibus,train/minibus/217712958.jpg,.jpg,True,198,260,RGB,
train,minibus,train/minibus/217826361.jpg,.jpg,True,298,348,RGB,
train,minibus,train/minibus/217959075.jpg,.jpg,True,284,367,RGB,
train,minibus,train/minibus/217986520.jpg,.jpg,True,284,366,RGB,
train,minibus,train/minibus/217995231.jpg,.jpg,True,273,363,RGB,
train,minibus,train/minibus/218002136.jpg,.jpg,True,299,349,RGB,
train,minibus,train/minibus/218022337.jpg,.jpg,True,264,348,RGB,
train,minibus,train/minibus/218049788.jpg,.jpg,True,300,346,RGB,
train,minibus,train/minibus/218080034.jpg,.jpg,True,285,375,RGB,
train,minibus,train/minibus/218106671.jpg,.jpg,True,298,351,RGB,
train,minibus,train/minibus/218145621.jpg,.jpg,True,198,264,RGB,
train,minibus,train/minibus/218145650.jpg,.jpg,True,286,401,RGB,
train,minibus,train/minibus/218145869.jpg,.jpg,True,198,252,RGB,
train,minibus,train/minibus/218147720.jpg,.jpg,True,315,365,RGB,
train,minibus,train/minibus/218185076.jpg,.jpg,True,295,357,RGB,
train,minibus,train/minibus/218223645.jpg,.jpg,True,297,350,RGB,
train,minibus,train/minibus/218317977.jpg,.jpg,True,288,401,RGB,
train,minibus,train/minibus/218321697.jpg,.jpg,True,288,361,RGB,
train,minibus,train/minibus/218367789.jpg,.jpg,True,293,351,RGB,
train,minibus,train/minibus/218541081.jpg,.jpg,True,295,348,RGB,
train,minibus,train/minibus/218553813.jpg,.jpg,True,186,252,RGB,
train,minibus,train/minibus/218573670.jpg,.jpg,True,288,354,RGB,
train,minibus,train/minibus/218588128.jpg,.jpg,True,290,388,RGB,
train,minibus,train/minibus/218588746.jpg,.jpg,True,283,366,RGB,
train,minibus,train/minibus/218596879.jpg,.jpg,True,291,350,RGB,
train,minibus,train/minibus/218598404.jpg,.jpg,True,138,180,RGB,
train,minibus,train/minibus/218608623.jpg,.jpg,True,307,406,RGB,
train,minibus,train/minibus/218624962.jpg,.jpg,True,195,264,RGB,
train,minibus,train/minibus/218657520.jpg,.jpg,True,282,354,RGB,
train,minibus,train/minibus/218659561.jpg,.jpg,True,261,350,RGB,
train,minibus,train/minibus/218681641.jpg,.jpg,True,207,257,RGB,
train,minibus,train/minibus/218722599.jpg,.jpg,True,299,373,RGB,
train,minibus,train/minibus/218728399.jpg,.jpg,True,269,361,RGB,
train,minibus,train/minibus/218732172.jpg,.jpg,True,286,363,RGB,
train,minibus,train/minibus/218740264.jpg,.jpg,True,285,360,RGB,
train,minibus,train/minibus/218740708.jpg,.jpg,True,292,357,RGB,
train,minibus,train/minibus/218768816.jpg,.jpg,True,210,276,RGB,
train,minibus,train/minibus/218845268.jpg,.jpg,True,302,397,RGB,
train,minibus,train/minibus/218882489.jpg,.jpg,True,288,356,RGB,
train,minibus,train/minibus/218901213.jpg,.jpg,True,276,361,RGB,
train,minibus,train/minibus/218918535.jpg,.jpg,True,180,228,RGB,
train,minibus,train/minibus/218939308.jpg,.jpg,True,198,252,RGB,
train,minibus,train/minibus/218952212.jpg,.jpg,True,295,351,RGB,
train,minibus,train/minibus/218979253.jpg,.jpg,True,305,368,RGB,
train,minibus,train/minibus/218984737.jpg,.jpg,True,286,359,RGB,
train,minibus,train/minibus/218999495.jpg,.jpg,True,288,367,RGB,
train,minibus,train/minibus/219015757.jpg,.jpg,True,189,252,RGB,
train,minibus,train/minibus/219024828.jpg,.jpg,True,208,292,RGB,
train,minibus,train/minibus/219025847.jpg,.jpg,True,285,361,RGB,
train,minibus,train/minibus/219068960.jpg,.jpg,True,198,300,RGB,
train,minibus,train/minibus/219123664.jpg,.jpg,True,186,252,RGB,
train,savari,train/savari/193865576.jpg,.jpg,True,274,265,RGB,
train,savari,train/savari/195461114.jpg,.jpg,True,281,281,RGB,
train,savari,train/savari/195586052.jpg,.jpg,True,255,250,RGB,
train,savari,train/savari/195839967.jpg,.jpg,True,216,209,RGB,
train,savari,train/savari/195911472.jpg,.jpg,True,301,293,RGB,
train,savari,train/savari/196477980.jpg,.jpg,True,303,259,RGB,
train,savari,train/savari/196601379.jpg,.jpg,True,259,252,RGB,
train,savari,train/savari/197021107.jpg,.jpg,True,319,287,RGB,
train,savari,train/savari/197381955.jpg,.jpg,True,265,218,RGB,
train,savari,train/savari/197668390.jpg,.jpg,True,288,274,RGB,
train,savari,train/savari/197695504.jpg,.jpg,True,252,296,RGB,
train,savari,train/savari/197696747.jpg,.jpg,True,269,259,RGB,
train,savari,train/savari/197816467.jpg,.jpg,True,246,273,RGB,
train,savari,train/savari/198132254.jpg,.jpg,True,251,271,RGB,
train,savari,train/savari/198221838.jpg,.jpg,True,264,210,RGB,
train,savari,train/savari/198224561.jpg,.jpg,True,278,234,RGB,
train,savari,train/savari/198334045.jpg,.jpg,True,256,298,RGB,
train,savari,train/savari/198340571.jpg,.jpg,True,281,236,RGB,
train,savari,train/savari/198385679.jpg,.jpg,True,279,290,RGB,
train,savari,train/savari/198508281.jpg,.jpg,True,236,228,RGB,
train,savari,train/savari/198600953.jpg,.jpg,True,254,252,RGB,
train,savari,train/savari/198701356.jpg,.jpg,True,251,262,RGB,
train,savari,train/savari/198734860.jpg,.jpg,True,246,326,RGB,
train,savari,train/savari/198748852.jpg,.jpg,True,263,257,RGB,
train,savari,train/savari/198929401.jpg,.jpg,True,231,243,RGB,
train,savari,train/savari/199057130.jpg,.jpg,True,235,222,RGB,
train,savari,train/savari/199201260.jpg,.jpg,True,245,227,RGB,
train,savari,train/savari/199256640.jpg,.jpg,True,245,272,RGB,
train,savari,train/savari/199280713.jpg,.jpg,True,255,242,RGB,
train,savari,train/savari/199300081.jpg,.jpg,True,298,267,RGB,
train,savari,train/savari/199595051.jpg,.jpg,True,248,251,RGB,
train,savari,train/savari/199630427.jpg,.jpg,True,222,260,RGB,
train,savari,train/savari/199702972.jpg,.jpg,True,247,296,RGB,
train,savari,train/savari/199827467.jpg,.jpg,True,259,257,RGB,
train,savari,train/savari/200121154.jpg,.jpg,True,324,279,RGB,
train,savari,train/savari/200850651.jpg,.jpg,True,278,272,RGB,
train,savari,train/savari/200868342.jpg,.jpg,True,240,264,RGB,
train,savari,train/savari/201730625.jpg,.jpg,True,253,296,RGB,
train,savari,train/savari/201797319.jpg,.jpg,True,271,264,RGB,
train,savari,train/savari/202041863.jpg,.jpg,True,292,262,RGB,
train,savari,train/savari/202273928.jpg,.jpg,True,242,262,RGB,
train,savari,train/savari/202316938.jpg,.jpg,True,222,245,RGB,
train,savari,train/savari/202772152.jpg,.jpg,True,273,271,RGB,
train,savari,train/savari/204792146.jpg,.jpg,True,241,274,RGB,
train,savari,train/savari/205009323.jpg,.jpg,True,234,257,RGB,
train,savari,train/savari/205049904.jpg,.jpg,True,235,261,RGB,
train,savari,train/savari/205313767.jpg,.jpg,True,262,251,RGB,
train,savari,train/savari/205354762.jpg,.jpg,True,232,260,RGB,
train,savari,train/savari/205377474.jpg,.jpg,True,222,219,RGB,
train,savari,train/savari/205495938.jpg,.jpg,True,253,260,RGB,
train,savari,train/savari/206027281.jpg,.jpg,True,242,267,RGB,
train,savari,train/savari/206140594.jpg,.jpg,True,279,297,RGB,
train,savari,train/savari/206147449.jpg,.jpg,True,292,265,RGB,
train,savari,train/savari/206290018.jpg,.jpg,True,240,270,RGB,
train,savari,train/savari/206375505.jpg,.jpg,True,264,274,RGB,
train,savari,train/savari/206420263.jpg,.jpg,True,262,260,RGB,
train,savari,train/savari/206431037.jpg,.jpg,True,253,266,RGB,
train,savari,train/savari/206523590.jpg,.jpg,True,245,281,RGB,
train,savari,train/savari/206573249.jpg,.jpg,True,242,268,RGB,
train,savari,train/savari/206755128.jpg,.jpg,True,254,257,RGB,
train,savari,train/savari/206830043.jpg,.jpg,True,265,256,RGB,
train,savari,train/savari/206858481.jpg,.jpg,True,274,243,RGB,
train,savari,train/savari/206925163.jpg,.jpg,True,263,311,RGB,
train,savari,train/savari/207703881.jpg,.jpg,True,236,272,RGB,
train,savari,train/savari/207759852.jpg,.jpg,True,286,268,RGB,
train,savari,train/savari/207814911.jpg,.jpg,True,250,229,RGB,
train,savari,train/savari/207849789.jpg,.jpg,True,270,271,RGB,
train,savari,train/savari/207857225.jpg,.jpg,True,245,250,RGB,
train,savari,train/savari/207964148.jpg,.jpg,True,267,253,RGB,
train,savari,train/savari/208090232.jpg,.jpg,True,235,241,RGB,
train,savari,train/savari/208184846.jpg,.jpg,True,214,221,RGB,
train,savari,train/savari/208296185.jpg,.jpg,True,250,258,RGB,
train,savari,train/savari/208355250.jpg,.jpg,True,250,276,RGB,
train,savari,train/savari/208443200.jpg,.jpg,True,272,258,RGB,
train,savari,train/savari/208516040.jpg,.jpg,True,244,262,RGB,
train,savari,train/savari/208561726.jpg,.jpg,True,256,272,RGB,
train,savari,train/savari/208637892.jpg,.jpg,True,254,253,RGB,
train,savari,train/savari/208698681.jpg,.jpg,True,274,262,RGB,
train,savari,train/savari/209013092.jpg,.jpg,True,238,269,RGB,
train,savari,train/savari/209111011.jpg,.jpg,True,251,257,RGB,
train,savari,train/savari/209117376.jpg,.jpg,True,263,241,RGB,
train,savari,train/savari/209285270.jpg,.jpg,True,252,269,RGB,
train,savari,train/savari/209371818.jpg,.jpg,True,186,252,RGB,
train,savari,train/savari/209403185.jpg,.jpg,True,198,252,RGB,
train,savari,train/savari/209527831.jpg,.jpg,True,186,232,RGB,
train,savari,train/savari/209847217.jpg,.jpg,True,210,264,RGB,
train,savari,train/savari/210015193.jpg,.jpg,True,207,255,RGB,
train,savari,train/savari/210379387.jpg,.jpg,True,254,249,RGB,
train,savari,train/savari/210403204.jpg,.jpg,True,248,280,RGB,
train,savari,train/savari/210403494.jpg,.jpg,True,213,248,RGB,
train,savari,train/savari/210488078.jpg,.jpg,True,256,255,RGB,
train,savari,train/savari/210565057.jpg,.jpg,True,271,246,RGB,
train,savari,train/savari/210771543.jpg,.jpg,True,231,269,RGB,
train,savari,train/savari/210970421.jpg,.jpg,True,271,273,RGB,
train,savari,train/savari/211053195.jpg,.jpg,True,257,264,RGB,
train,savari,train/savari/211163295.jpg,.jpg,True,242,262,RGB,
train,savari,train/savari/211295182.jpg,.jpg,True,233,279,RGB,
train,savari,train/savari/211395884.jpg,.jpg,True,221,274,RGB,
train,savari,train/savari/211425180.jpg,.jpg,True,255,254,RGB,
train,savari,train/savari/211480297.jpg,.jpg,True,230,267,RGB,
train,savari,train/savari/211483910.jpg,.jpg,True,260,302,RGB,
train,savari,train/savari/211521907.jpg,.jpg,True,259,265,RGB,
train,savari,train/savari/211574020.jpg,.jpg,True,198,252,RGB,
train,savari,train/savari/211781928.jpg,.jpg,True,186,235,RGB,
train,savari,train/savari/211932573.jpg,.jpg,True,207,276,RGB,
train,savari,train/savari/211944076.jpg,.jpg,True,177,240,RGB,
train,savari,train/savari/211951629.jpg,.jpg,True,189,252,RGB,
train,savari,train/savari/212001568.jpg,.jpg,True,177,240,RGB,
train,savari,train/savari/212107649.jpg,.jpg,True,207,232,RGB,
train,savari,train/savari/212301629.jpg,.jpg,True,219,288,RGB,
train,savari,train/savari/212311889.jpg,.jpg,True,180,240,RGB,
train,savari,train/savari/212364016.jpg,.jpg,True,189,240,RGB,
train,savari,train/savari/213056482.jpg,.jpg,True,482,760,RGB,
train,savari,train/savari/213059955.jpg,.jpg,True,156,216,RGB,
train,savari,train/savari/213179580.jpg,.jpg,True,198,252,RGB,
train,savari,train/savari/213228565.jpg,.jpg,True,180,228,RGB,
train,savari,train/savari/213298031.jpg,.jpg,True,198,252,RGB,
train,savari,train/savari/213322591.jpg,.jpg,True,207,261,RGB,
train,savari,train/savari/213336730.jpg,.jpg,True,404,514,RGB,
train,savari,train/savari/213545578.jpg,.jpg,True,207,271,RGB,
train,savari,train/savari/214217815.jpg,.jpg,True,369,646,RGB,
train,savari,train/savari/214361998.jpg,.jpg,True,195,264,RGB,
train,savari,train/savari/214391601.jpg,.jpg,True,263,290,RGB,
train,savari,train/savari/214535283.jpg,.jpg,True,258,299,RGB,
train,savari,train/savari/214690824.jpg,.jpg,True,357,514,RGB,
train,savari,train/savari/214749765.jpg,.jpg,True,198,251,RGB,
train,savari,train/savari/214754706.jpg,.jpg,True,388,618,RGB,
train,savari,train/savari/214790427.jpg,.jpg,True,382,673,RGB,
train,savari,train/savari/214845815.jpg,.jpg,True,210,276,RGB,
train,savari,train/savari/215062582.jpg,.jpg,True,272,267,RGB,
train,savari,train/savari/215156551.jpg,.jpg,True,162,216,RGB,
train,savari,train/savari/215476329.jpg,.jpg,True,150,204,RGB,
train,savari,train/savari/215700187.jpg,.jpg,True,210,276,RGB,
train,savari,train/savari/215767529.jpg,.jpg,True,189,250,RGB,
train,savari,train/savari/215841797.jpg,.jpg,True,252,243,RGB,
train,savari,train/savari/215962276.jpg,.jpg,True,474,839,RGB,
train,savari,train/savari/215997280.jpg,.jpg,True,336,565,RGB,
train,savari,train/savari/216019459.jpg,.jpg,True,180,240,RGB,
train,savari,train/savari/216020950.jpg,.jpg,True,186,252,RGB,
train,savari,train/savari/216106609.jpg,.jpg,True,198,264,RGB,
train,savari,train/savari/216119295.jpg,.jpg,True,222,246,RGB,
train,savari,train/savari/216120769.jpg,.jpg,True,207,288,RGB,
train,savari,train/savari/216121140.jpg,.jpg,True,177,228,RGB,
train,savari,train/savari/216129393.jpg,.jpg,True,227,253,RGB,
train,savari,train/savari/216155616.jpg,.jpg,True,168,227,RGB,
train,savari,train/savari/216157894.jpg,.jpg,True,195,264,RGB,
train,savari,train/savari/216182368.jpg,.jpg,True,168,252,RGB,
train,savari,train/savari/216192117.jpg,.jpg,True,198,264,RGB,
train,savari,train/savari/216232087.jpg,.jpg,True,165,216,RGB,
train,savari,train/savari/216234933.jpg,.jpg,True,195,252,RGB,
train,savari,train/savari/216418770.jpg,.jpg,True,207,263,RGB,
train,savari,train/savari/216423320.jpg,.jpg,True,210,232,RGB,
train,savari,train/savari/216426931.jpg,.jpg,True,210,276,RGB,
train,savari,train/savari/216453356.jpg,.jpg,True,171,216,RGB,
train,savari,train/savari/216522104.jpg,.jpg,True,189,240,RGB,
train,savari,train/savari/216526649.jpg,.jpg,True,290,583,RGB,
train,savari,train/savari/216533289.jpg,.jpg,True,207,276,RGB,
train,savari,train/savari/216539135.jpg,.jpg,True,210,280,RGB,
train,savari,train/savari/216561625.jpg,.jpg,True,361,649,RGB,
train,savari,train/savari/216562677.jpg,.jpg,True,265,298,RGB,
train,savari,train/savari/216585891.jpg,.jpg,True,263,321,RGB,
train,savari,train/savari/216587611.jpg,.jpg,True,347,584,RGB,
train,savari,train/savari/216621071.jpg,.jpg,True,156,204,RGB,
train,savari,train/savari/216623020.jpg,.jpg,True,207,254,RGB,
train,savari,train/savari/216624283.jpg,.jpg,True,168,228,RGB,
train,savari,train/savari/216655941.jpg,.jpg,True,186,240,RGB,
train,savari,train/savari/216662449.jpg,.jpg,True,198,252,RGB,
train,savari,train/savari/216691992.jpg,.jpg,True,198,252,RGB,
train,savari,train/savari/216694598.jpg,.jpg,True,189,252,RGB,
train,savari,train/savari/216722981.jpg,.jpg,True,198,243,RGB,
train,savari,train/savari/216767197.jpg,.jpg,True,180,240,RGB,
train,savari,train/savari/216809812.jpg,.jpg,True,186,240,RGB,
train,savari,train/savari/216814138.jpg,.jpg,True,189,252,RGB,
train,savari,train/savari/216826110.jpg,.jpg,True,376,668,RGB,
train,savari,train/savari/216840028.jpg,.jpg,True,177,240,RGB,
train,savari,train/savari/216858353.jpg,.jpg,True,180,228,RGB,
train,savari,train/savari/216899188.jpg,.jpg,True,210,276,RGB,
train,savari,train/savari/216912005.jpg,.jpg,True,150,166,RGB,
train,savari,train/savari/216960089.jpg,.jpg,True,210,276,RGB,
train,savari,train/savari/216968563.jpg,.jpg,True,247,242,RGB,
train,savari,train/savari/217014334.jpg,.jpg,True,174,228,RGB,
train,savari,train/savari/217026272.jpg,.jpg,True,210,276,RGB,
train,savari,train/savari/217054235.jpg,.jpg,True,189,252,RGB,
train,savari,train/savari/217066965.jpg,.jpg,True,168,228,RGB,
train,savari,train/savari/217103048.jpg,.jpg,True,198,264,RGB,
train,savari,train/savari/217115848.jpg,.jpg,True,249,247,RGB,
train,savari,train/savari/217128837.jpg,.jpg,True,207,232,RGB,
train,savari,train/savari/217164961.jpg,.jpg,True,186,252,RGB,
train,savari,train/savari/217203738.jpg,.jpg,True,177,240,RGB,
train,savari,train/savari/217253879.jpg,.jpg,True,180,240,RGB,
train,savari,train/savari/217259942.jpg,.jpg,True,180,228,RGB,
train,savari,train/savari/217266476.jpg,.jpg,True,177,240,RGB,
train,savari,train/savari/217267545.jpg,.jpg,True,186,240,RGB,
train,savari,train/savari/217280199.jpg,.jpg,True,177,240,RGB,
train,savari,train/savari/217301960.jpg,.jpg,True,210,276,RGB,
train,savari,train/savari/217318570.jpg,.jpg,True,210,273,RGB,
train,savari,train/savari/217377450.jpg,.jpg,True,186,252,RGB,
train,savari,train/savari/217387431.jpg,.jpg,True,189,252,RGB,
train,savari,train/savari/217403096.jpg,.jpg,True,195,263,RGB,
train,savari,train/savari/217528722.jpg,.jpg,True,189,252,RGB,
train,savari,train/savari/217560232.jpg,.jpg,True,198,252,RGB,
train,savari,train/savari/217595807.jpg,.jpg,True,381,603,RGB,
train,savari,train/savari/217617097.jpg,.jpg,True,180,240,RGB,
train,savari,train/savari/217664284.jpg,.jpg,True,180,228,RGB,
train,savari,train/savari/217737871.jpg,.jpg,True,150,184,RGB,
train,savari,train/savari/217755103.jpg,.jpg,True,238,269,RGB,
train,savari,train/savari/217939245.jpg,.jpg,True,186,240,RGB,
train,savari,train/savari/217985851.jpg,.jpg,True,436,778,RGB,
train,savari,train/savari/218043366.jpg,.jpg,True,372,675,RGB,
train,savari,train/savari/218051598.jpg,.jpg,True,246,257,RGB,
train,savari,train/savari/218055833.jpg,.jpg,True,244,264,RGB,
train,savari,train/savari/218077655.jpg,.jpg,True,234,273,RGB,
train,savari,train/savari/218147453.jpg,.jpg,True,207,276,RGB,
train,savari,train/savari/218187376.jpg,.jpg,True,310,585,RGB,
train,savari,train/savari/218220982.jpg,.jpg,True,186,237,RGB,
train,savari,train/savari/218224358.jpg,.jpg,True,150,204,RGB,
train,savari,train/savari/218266205.jpg,.jpg,True,186,252,RGB,
train,savari,train/savari/218268791.jpg,.jpg,True,168,228,RGB,
train,savari,train/savari/218307934.jpg,.jpg,True,180,240,RGB,
train,savari,train/savari/218328926.jpg,.jpg,True,354,604,RGB,
train,savari,train/savari/218335799.jpg,.jpg,True,171,228,RGB,
train,savari,train/savari/218362132.jpg,.jpg,True,171,228,RGB,
train,savari,train/savari/218493796.jpg,.jpg,True,198,252,RGB,
train,savari,train/savari/218522644.jpg,.jpg,True,207,276,RGB,
train,savari,train/savari/218545382.jpg,.jpg,True,189,252,RGB,
train,savari,train/savari/218569012.jpg,.jpg,True,168,228,RGB,
train,savari,train/savari/218569843.jpg,.jpg,True,189,252,RGB,
train,savari,train/savari/218577056.jpg,.jpg,True,168,228,RGB,
train,savari,train/savari/218584705.jpg,.jpg,True,236,255,RGB,
train,savari,train/savari/218591795.jpg,.jpg,True,198,264,RGB,
train,savari,train/savari/218641908.jpg,.jpg,True,189,240,RGB,
train,savari,train/savari/218681566.jpg,.jpg,True,189,244,RGB,
train,savari,train/savari/218692987.jpg,.jpg,True,373,655,RGB,
train,savari,train/savari/218711427.jpg,.jpg,True,207,276,RGB,
train,savari,train/savari/218721508.jpg,.jpg,True,210,259,RGB,
train,savari,train/savari/218726882.jpg,.jpg,True,134,204,RGB,
train,savari,train/savari/218745573.jpg,.jpg,True,186,240,RGB,
train,savari,train/savari/218745687.jpg,.jpg,True,171,228,RGB,
train,savari,train/savari/218777011.jpg,.jpg,True,219,246,RGB,
train,savari,train/savari/218777657.jpg,.jpg,True,177,240,RGB,
train,savari,train/savari/218787990.jpg,.jpg,True,186,252,RGB,
train,savari,train/savari/218827119.jpg,.jpg,True,207,276,RGB,
train,savari,train/savari/218868809.jpg,.jpg,True,189,252,RGB,
train,savari,train/savari/218899462.jpg,.jpg,True,180,240,RGB,
train,savari,train/savari/218943099.jpg,.jpg,True,207,250,RGB,
train,savari,train/savari/218949284.jpg,.jpg,True,171,228,RGB,
train,savari,train/savari/218953537.jpg,.jpg,True,198,264,RGB,
train,savari,train/savari/218958124.jpg,.jpg,True,198,240,RGB,
train,savari,train/savari/218986062.jpg,.jpg,True,180,240,RGB,
train,savari,train/savari/218987822.jpg,.jpg,True,195,264,RGB,
train,savari,train/savari/219049738.jpg,.jpg,True,195,264,RGB,
train,savari,train/savari/219084529.jpg,.jpg,True,198,264,RGB,
train,savari,train/savari/219093208.jpg,.jpg,True,164,185,RGB,
train,taxi,train/taxi/193797292.jpg,.jpg,True,280,276,RGB,
train,taxi,train/taxi/194297941.jpg,.jpg,True,266,337,RGB,
train,taxi,train/taxi/195141634.jpg,.jpg,True,315,257,RGB,
train,taxi,train/taxi/195273350.jpg,.jpg,True,303,252,RGB,
train,taxi,train/taxi/196019684.jpg,.jpg,True,278,264,RGB,
train,taxi,train/taxi/196271367.jpg,.jpg,True,289,395,RGB,
train,taxi,train/taxi/196711537.jpg,.jpg,True,243,248,RGB,
train,taxi,train/taxi/196727449.jpg,.jpg,True,278,264,RGB,
train,taxi,train/taxi/196859984.jpg,.jpg,True,283,361,RGB,
train,taxi,train/taxi/196903889.jpg,.jpg,True,244,227,RGB,
train,taxi,train/taxi/197032336.jpg,.jpg,True,247,223,RGB,
train,taxi,train/taxi/197362638.jpg,.jpg,True,245,231,RGB,
train,taxi,train/taxi/197408900.jpg,.jpg,True,243,266,RGB,
train,taxi,train/taxi/198048598.jpg,.jpg,True,303,263,RGB,
train,taxi,train/taxi/198065488.jpg,.jpg,True,306,293,RGB,
train,taxi,train/taxi/198289203.jpg,.jpg,True,258,278,RGB,
train,taxi,train/taxi/198459778.jpg,.jpg,True,292,268,RGB,
train,taxi,train/taxi/198521544.jpg,.jpg,True,240,234,RGB,
train,taxi,train/taxi/198548695.jpg,.jpg,True,239,260,RGB,
train,taxi,train/taxi/198633794.jpg,.jpg,True,269,269,RGB,
train,taxi,train/taxi/198935466.jpg,.jpg,True,351,281,RGB,
train,taxi,train/taxi/199039305.jpg,.jpg,True,269,298,RGB,
train,taxi,train/taxi/199044255.jpg,.jpg,True,275,274,RGB,
train,taxi,train/taxi/199202965.jpg,.jpg,True,251,262,RGB,
train,taxi,train/taxi/199808827.jpg,.jpg,True,238,250,RGB,
train,taxi,train/taxi/199946477.jpg,.jpg,True,240,225,RGB,
train,taxi,train/taxi/199994844.jpg,.jpg,True,247,271,RGB,
train,taxi,train/taxi/200326261.jpg,.jpg,True,283,275,RGB,
train,taxi,train/taxi/200643840.jpg,.jpg,True,258,257,RGB,
train,taxi,train/taxi/203730891.jpg,.jpg,True,264,238,RGB,
train,taxi,train/taxi/206803325.jpg,.jpg,True,289,245,RGB,
train,taxi,train/taxi/211554070.jpg,.jpg,True,234,249,RGB,
train,taxi,train/taxi/211667354.jpg,.jpg,True,186,240,RGB,
train,taxi,train/taxi/211773485.jpg,.jpg,True,207,276,RGB,
train,taxi,train/taxi/211808656.jpg,.jpg,True,180,240,RGB,
train,taxi,train/taxi/211856112.jpg,.jpg,True,177,240,RGB,
train,taxi,train/taxi/211997826.jpg,.jpg,True,207,257,RGB,
train,taxi,train/taxi/212110018.jpg,.jpg,True,186,252,RGB,
train,taxi,train/taxi/212237527.jpg,.jpg,True,207,269,RGB,
train,taxi,train/taxi/212354100.jpg,.jpg,True,198,264,RGB,
train,taxi,train/taxi/212411751.jpg,.jpg,True,177,240,RGB,
train,taxi,train/taxi/212460719.jpg,.jpg,True,177,240,RGB,
train,taxi,train/taxi/212538464.jpg,.jpg,True,189,252,RGB,
train,taxi,train/taxi/212714723.jpg,.jpg,True,180,240,RGB,
train,taxi,train/taxi/212737728.jpg,.jpg,True,207,264,RGB,
train,taxi,train/taxi/213061361.jpg,.jpg,True,180,240,RGB,
train,taxi,train/taxi/213163041.jpg,.jpg,True,295,374,RGB,
train,taxi,train/taxi/213169109.jpg,.jpg,True,186,252,RGB,
train,taxi,train/taxi/213219294.jpg,.jpg,True,186,252,RGB,
train,taxi,train/taxi/213300692.jpg,.jpg,True,150,192,RGB,
train,taxi,train/taxi/213590830.jpg,.jpg,True,156,216,RGB,
train,taxi,train/taxi/213625241.jpg,.jpg,True,189,240,RGB,
train,taxi,train/taxi/214583113.jpg,.jpg,True,165,216,RGB,
train,taxi,train/taxi/214612979.jpg,.jpg,True,177,240,RGB,
train,taxi,train/taxi/214628757.jpg,.jpg,True,177,240,RGB,
train,taxi,train/taxi/214678598.jpg,.jpg,True,189,252,RGB,
train,taxi,train/taxi/214698644.jpg,.jpg,True,186,252,RGB,
train,taxi,train/taxi/214699680.jpg,.jpg,True,210,255,RGB,
train,taxi,train/taxi/214738834.jpg,.jpg,True,198,276,RGB,
train,taxi,train/taxi/214741348.jpg,.jpg,True,177,240,RGB,
train,taxi,train/taxi/214743143.jpg,.jpg,True,180,221,RGB,
train,taxi,train/taxi/214750508.jpg,.jpg,True,198,239,RGB,
train,taxi,train/taxi/214752341.jpg,.jpg,True,270,261,RGB,
train,taxi,train/taxi/214804869.jpg,.jpg,True,198,264,RGB,
train,taxi,train/taxi/214833819.jpg,.jpg,True,165,216,RGB,
train,taxi,train/taxi/215057971.jpg,.jpg,True,180,240,RGB,
train,taxi,train/taxi/215086606.jpg,.jpg,True,177,228,RGB,
train,taxi,train/taxi/215086610.jpg,.jpg,True,198,264,RGB,
train,taxi,train/taxi/215098353.jpg,.jpg,True,207,276,RGB,
train,taxi,train/taxi/215105398.jpg,.jpg,True,207,286,RGB,
train,taxi,train/taxi/215131777.jpg,.jpg,True,189,252,RGB,
train,taxi,train/taxi/215186511.jpg,.jpg,True,198,252,RGB,
train,taxi,train/taxi/215261693.jpg,.jpg,True,195,252,RGB,
train,taxi,train/taxi/215263228.jpg,.jpg,True,222,288,RGB,
train,taxi,train/taxi/215570730.jpg,.jpg,True,331,578,RGB,
train,taxi,train/taxi/215581089.jpg,.jpg,True,241,255,RGB,
train,taxi,train/taxi/215626542.jpg,.jpg,True,162,216,RGB,
train,taxi,train/taxi/215631113.jpg,.jpg,True,195,276,RGB,
train,taxi,train/taxi/215631129.jpg,.jpg,True,198,264,RGB,
train,taxi,train/taxi/215658087.jpg,.jpg,True,180,240,RGB,
train,taxi,train/taxi/215679375.jpg,.jpg,True,244,240,RGB,
train,taxi,train/taxi/215681913.jpg,.jpg,True,189,240,RGB,
train,taxi,train/taxi/215694229.jpg,.jpg,True,207,254,RGB,
train,taxi,train/taxi/215704125.jpg,.jpg,True,301,670,RGB,
train,taxi,train/taxi/215710435.jpg,.jpg,True,177,240,RGB,
train,taxi,train/taxi/215734816.jpg,.jpg,True,317,494,RGB,
train,taxi,train/taxi/215741938.jpg,.jpg,True,251,238,RGB,
train,taxi,train/taxi/215771511.jpg,.jpg,True,150,184,RGB,
train,taxi,train/taxi/215772638.jpg,.jpg,True,333,654,RGB,
train,taxi,train/taxi/215773124.jpg,.jpg,True,186,252,RGB,
train,taxi,train/taxi/215777419.jpg,.jpg,True,189,252,RGB,
train,taxi,train/taxi/215804635.jpg,.jpg,True,177,240,RGB,
train,taxi,train/taxi/215822416.jpg,.jpg,True,195,264,RGB,
train,taxi,train/taxi/215833228.jpg,.jpg,True,198,264,RGB,
train,taxi,train/taxi/215854075.jpg,.jpg,True,189,252,RGB,
train,taxi,train/taxi/215875418.jpg,.jpg,True,186,252,RGB,
train,taxi,train/taxi/215878168.jpg,.jpg,True,210,264,RGB,
train,taxi,train/taxi/215920981.jpg,.jpg,True,177,230,RGB,
train,taxi,train/taxi/215948383.jpg,.jpg,True,189,252,RGB,
train,taxi,train/taxi/216003493.jpg,.jpg,True,390,664,RGB,
train,taxi,train/taxi/216006259.jpg,.jpg,True,156,216,RGB,
train,taxi,train/taxi/216016502.jpg,.jpg,True,189,252,RGB,
train,taxi,train/taxi/216017859.jpg,.jpg,True,349,452,RGB,
train,taxi,train/taxi/216019687.jpg,.jpg,True,186,252,RGB,
train,taxi,train/taxi/216061960.jpg,.jpg,True,180,227,RGB,
train,taxi,train/taxi/216111008.jpg,.jpg,True,242,269,RGB,
train,taxi,train/taxi/216118231.jpg,.jpg,True,162,204,RGB,
train,taxi,train/taxi/216191824.jpg,.jpg,True,189,252,RGB,
train,taxi,train/taxi/216203466.jpg,.jpg,True,189,242,RGB,
train,taxi,train/taxi/216207089.jpg,.jpg,True,198,252,RGB,
train,taxi,train/taxi/216209734.jpg,.jpg,True,210,276,RGB,
train,taxi,train/taxi/216210740.jpg,.jpg,True,239,273,RGB,
train,taxi,train/taxi/216288852.jpg,.jpg,True,189,252,RGB,
train,taxi,train/taxi/216373693.jpg,.jpg,True,189,239,RGB,
train,taxi,train/taxi/216398127.jpg,.jpg,True,186,247,RGB,
train,taxi,train/taxi/216402445.jpg,.jpg,True,195,264,RGB,
train,taxi,train/taxi/216422192.jpg,.jpg,True,198,264,RGB,
train,taxi,train/taxi/216432200.jpg,.jpg,True,189,240,RGB,
train,taxi,train/taxi/216435100.jpg,.jpg,True,225,239,RGB,
train,taxi,train/taxi/216524007.jpg,.jpg,True,245,256,RGB,
train,taxi,train/taxi/216532535.jpg,.jpg,True,180,240,RGB,
train,taxi,train/taxi/216555951.jpg,.jpg,True,186,252,RGB,
train,taxi,train/taxi/216560016.jpg,.jpg,True,189,252,RGB,
train,taxi,train/taxi/216562251.jpg,.jpg,True,186,252,RGB,
train,taxi,train/taxi/216616342.jpg,.jpg,True,207,276,RGB,
train,taxi,train/taxi/216616795.jpg,.jpg,True,156,204,RGB,
train,taxi,train/taxi/216618122.jpg,.jpg,True,139,204,RGB,
train,taxi,train/taxi/216629590.jpg,.jpg,True,162,216,RGB,
train,taxi,train/taxi/216762705.jpg,.jpg,True,189,252,RGB,
train,taxi,train/taxi/216785981.jpg,.jpg,True,180,240,RGB,
train,taxi,train/taxi/216787354.jpg,.jpg,True,210,257,RGB,
train,taxi,train/taxi/216804552.jpg,.jpg,True,171,228,RGB,
train,taxi,train/taxi/216816628.jpg,.jpg,True,156,204,RGB,
train,taxi,train/taxi/216860191.jpg,.jpg,True,293,469,RGB,
train,taxi,train/taxi/216878759.jpg,.jpg,True,189,252,RGB,
train,taxi,train/taxi/216893661.jpg,.jpg,True,189,246,RGB,
train,taxi,train/taxi/216929149.jpg,.jpg,True,177,228,RGB,
train,taxi,train/taxi/216952757.jpg,.jpg,True,207,276,RGB,
train,taxi,train/taxi/216964234.jpg,.jpg,True,156,204,RGB,
train,taxi,train/taxi/216968614.jpg,.jpg,True,177,240,RGB,
train,taxi,train/taxi/217002049.jpg,.jpg,True,186,240,RGB,
train,taxi,train/taxi/217054704.jpg,.jpg,True,186,252,RGB,
train,taxi,train/taxi/217058934.jpg,.jpg,True,243,262,RGB,
train,taxi,train/taxi/217088721.jpg,.jpg,True,168,228,RGB,
train,taxi,train/taxi/217093155.jpg,.jpg,True,180,230,RGB,
train,taxi,train/taxi/217111373.jpg,.jpg,True,180,228,RGB,
train,taxi,train/taxi/217144560.jpg,.jpg,True,252,243,RGB,
train,taxi,train/taxi/217163644.jpg,.jpg,True,207,276,RGB,
train,taxi,train/taxi/217170866.jpg,.jpg,True,189,252,RGB,
train,taxi,train/taxi/217195564.jpg,.jpg,True,165,216,RGB,
train,taxi,train/taxi/217233737.jpg,.jpg,True,186,240,RGB,
train,taxi,train/taxi/217243222.jpg,.jpg,True,180,236,RGB,
train,taxi,train/taxi/217244427.jpg,.jpg,True,150,216,RGB,
train,taxi,train/taxi/217255043.jpg,.jpg,True,186,252,RGB,
train,taxi,train/taxi/217264329.jpg,.jpg,True,198,232,RGB,
train,taxi,train/taxi/217270060.jpg,.jpg,True,210,259,RGB,
train,taxi,train/taxi/217285903.jpg,.jpg,True,207,250,RGB,
train,taxi,train/taxi/217395242.jpg,.jpg,True,180,228,RGB,
train,taxi,train/taxi/217405463.jpg,.jpg,True,232,268,RGB,
train,taxi,train/taxi/217426237.jpg,.jpg,True,189,252,RGB,
train,taxi,train/taxi/217478871.jpg,.jpg,True,189,252,RGB,
train,taxi,train/taxi/217482526.jpg,.jpg,True,171,228,RGB,
train,taxi,train/taxi/217506735.jpg,.jpg,True,210,264,RGB,
train,taxi,train/taxi/217533470.jpg,.jpg,True,150,166,RGB,
train,taxi,train/taxi/217544550.jpg,.jpg,True,186,240,RGB,
train,taxi,train/taxi/217548779.jpg,.jpg,True,186,241,RGB,
train,taxi,train/taxi/217570575.jpg,.jpg,True,132,168,RGB,
train,taxi,train/taxi/217580230.jpg,.jpg,True,150,192,RGB,
train,taxi,train/taxi/217601310.jpg,.jpg,True,248,258,RGB,
train,taxi,train/taxi/217627944.jpg,.jpg,True,207,276,RGB,
train,taxi,train/taxi/217656357.jpg,.jpg,True,186,252,RGB,
train,taxi,train/taxi/217729028.jpg,.jpg,True,186,252,RGB,
train,taxi,train/taxi/217747000.jpg,.jpg,True,247,232,RGB,
train,taxi,train/taxi/217763528.jpg,.jpg,True,210,266,RGB,
train,taxi,train/taxi/217766035.jpg,.jpg,True,162,216,RGB,
train,taxi,train/taxi/217787108.jpg,.jpg,True,210,266,RGB,
train,taxi,train/taxi/217799839.jpg,.jpg,True,210,254,RGB,
train,taxi,train/taxi/217814325.jpg,.jpg,True,365,553,RGB,
train,taxi,train/taxi/217834801.jpg,.jpg,True,186,252,RGB,
train,taxi,train/taxi/217898024.jpg,.jpg,True,189,252,RGB,
train,taxi,train/taxi/217951846.jpg,.jpg,True,189,252,RGB,
train,taxi,train/taxi/217977572.jpg,.jpg,True,156,204,RGB,
train,taxi,train/taxi/218000849.jpg,.jpg,True,198,276,RGB,
train,taxi,train/taxi/218002619.jpg,.jpg,True,248,275,RGB,
train,taxi,train/taxi/218009858.jpg,.jpg,True,189,252,RGB,
train,taxi,train/taxi/218024619.jpg,.jpg,True,210,276,RGB,
train,taxi,train/taxi/218045822.jpg,.jpg,True,381,636,RGB,
train,taxi,train/taxi/218051297.jpg,.jpg,True,177,229,RGB,
train,taxi,train/taxi/218056965.jpg,.jpg,True,198,264,RGB,
train,taxi,train/taxi/218078057.jpg,.jpg,True,207,276,RGB,
train,taxi,train/taxi/218093052.jpg,.jpg,True,180,239,RGB,
train,taxi,train/taxi/218104747.jpg,.jpg,True,268,312,RGB,
train,taxi,train/taxi/218120685.jpg,.jpg,True,186,237,RGB,
train,taxi,train/taxi/218136743.jpg,.jpg,True,177,240,RGB,
train,taxi,train/taxi/218156501.jpg,.jpg,True,395,664,RGB,
train,taxi,train/taxi/218159183.jpg,.jpg,True,198,264,RGB,
train,taxi,train/taxi/218169975.jpg,.jpg,True,432,663,RGB,
train,taxi,train/taxi/218201278.jpg,.jpg,True,177,232,RGB,
train,taxi,train/taxi/218203719.jpg,.jpg,True,198,263,RGB,
train,taxi,train/taxi/218205147.jpg,.jpg,True,132,180,RGB,
train,taxi,train/taxi/218213642.jpg,.jpg,True,186,252,RGB,
train,taxi,train/taxi/218219642.jpg,.jpg,True,260,257,RGB,
train,taxi,train/taxi/218228771.jpg,.jpg,True,393,613,RGB,
train,taxi,train/taxi/218243301.jpg,.jpg,True,207,266,RGB,
train,taxi,train/taxi/218248245.jpg,.jpg,True,246,259,RGB,
train,taxi,train/taxi/218270063.jpg,.jpg,True,180,240,RGB,
train,taxi,train/taxi/218279077.jpg,.jpg,True,186,252,RGB,
train,taxi,train/taxi/218320753.jpg,.jpg,True,241,264,RGB,
train,taxi,train/taxi/218321884.jpg,.jpg,True,384,599,RGB,
train,taxi,train/taxi/218339564.jpg,.jpg,True,198,245,RGB,
train,taxi,train/taxi/218342807.jpg,.jpg,True,207,256,RGB,
train,taxi,train/taxi/218343681.jpg,.jpg,True,350,587,RGB,
train,taxi,train/taxi/218360827.jpg,.jpg,True,210,276,RGB,
train,taxi,train/taxi/218377804.jpg,.jpg,True,385,609,RGB,
train,taxi,train/taxi/218402981.jpg,.jpg,True,347,596,RGB,
train,taxi,train/taxi/218414701.jpg,.jpg,True,277,257,RGB,
train,taxi,train/taxi/218501211.jpg,.jpg,True,186,240,RGB,
train,taxi,train/taxi/218521917.jpg,.jpg,True,186,252,RGB,
train,taxi,train/taxi/218522456.jpg,.jpg,True,162,216,RGB,
train,taxi,train/taxi/218567436.jpg,.jpg,True,186,252,RGB,
train,taxi,train/taxi/218578770.jpg,.jpg,True,177,240,RGB,
train,taxi,train/taxi/218580315.jpg,.jpg,True,207,266,RGB,
train,taxi,train/taxi/218597916.jpg,.jpg,True,180,240,RGB,
train,taxi,train/taxi/218655409.jpg,.jpg,True,177,240,RGB,
train,taxi,train/taxi/218670583.jpg,.jpg,True,258,245,RGB,
train,taxi,train/taxi/218681190.jpg,.jpg,True,195,264,RGB,
train,taxi,train/taxi/218685986.jpg,.jpg,True,198,260,RGB,
train,taxi,train/taxi/218690372.jpg,.jpg,True,186,252,RGB,
train,taxi,train/taxi/218738200.jpg,.jpg,True,189,240,RGB,
train,taxi,train/taxi/218748243.jpg,.jpg,True,189,252,RGB,
train,taxi,train/taxi/218787302.jpg,.jpg,True,402,654,RGB,
train,taxi,train/taxi/218805085.jpg,.jpg,True,186,240,RGB,
train,taxi,train/taxi/218811381.jpg,.jpg,True,198,247,RGB,
train,taxi,train/taxi/218813121.jpg,.jpg,True,177,240,RGB,
train,taxi,train/taxi/218832954.jpg,.jpg,True,261,281,RGB,
train,taxi,train/taxi/218834664.jpg,.jpg,True,256,283,RGB,
train,taxi,train/taxi/218835592.jpg,.jpg,True,120,156,RGB,
train,taxi,train/taxi/218861019.jpg,.jpg,True,240,239,RGB,
train,taxi,train/taxi/218887865.jpg,.jpg,True,207,259,RGB,
train,taxi,train/taxi/218901805.jpg,.jpg,True,177,240,RGB,
train,taxi,train/taxi/218932282.jpg,.jpg,True,198,264,RGB,
train,taxi,train/taxi/218937266.jpg,.jpg,True,189,237,RGB,
train,taxi,train/taxi/218944731.jpg,.jpg,True,346,497,RGB,
train,taxi,train/taxi/218948357.jpg,.jpg,True,189,241,RGB,
train,taxi,train/taxi/219012191.jpg,.jpg,True,171,228,RGB,
train,taxi,train/taxi/219027793.jpg,.jpg,True,207,232,RGB,
train,taxi,train/taxi/219055248.jpg,.jpg,True,207,262,RGB,
train,vanet,train/vanet/194285934.jpg,.jpg,True,271,266,RGB,
train,vanet,train/vanet/195274804.jpg,.jpg,True,241,258,RGB,
train,vanet,train/vanet/196163447.jpg,.jpg,True,313,316,RGB,
train,vanet,train/vanet/196305661.jpg,.jpg,True,243,235,RGB,
train,vanet,train/vanet/196322593.jpg,.jpg,True,296,270,RGB,
train,vanet,train/vanet/197508757.jpg,.jpg,True,281,242,RGB,
train,vanet,train/vanet/197838737.jpg,.jpg,True,236,273,RGB,
train,vanet,train/vanet/198019923.jpg,.jpg,True,256,272,RGB,
train,vanet,train/vanet/198055205.jpg,.jpg,True,261,276,RGB,
train,vanet,train/vanet/198100361.jpg,.jpg,True,291,303,RGB,
train,vanet,train/vanet/198119089.jpg,.jpg,True,269,257,RGB,
train,vanet,train/vanet/198361421.jpg,.jpg,True,307,428,RGB,
train,vanet,train/vanet/198401066.jpg,.jpg,True,299,310,RGB,
train,vanet,train/vanet/198693433.jpg,.jpg,True,253,301,RGB,
train,vanet,train/vanet/199126941.jpg,.jpg,True,216,292,RGB,
train,vanet,train/vanet/199158191.jpg,.jpg,True,257,272,RGB,
train,vanet,train/vanet/199392072.jpg,.jpg,True,240,276,RGB,
train,vanet,train/vanet/200024004.jpg,.jpg,True,259,286,RGB,
train,vanet,train/vanet/201758472.jpg,.jpg,True,248,270,RGB,
train,vanet,train/vanet/202121208.jpg,.jpg,True,232,213,RGB,
train,vanet,train/vanet/202784956.jpg,.jpg,True,270,230,RGB,
train,vanet,train/vanet/202794779.jpg,.jpg,True,300,237,RGB,
train,vanet,train/vanet/203265997.jpg,.jpg,True,298,310,RGB,
train,vanet,train/vanet/203269085.jpg,.jpg,True,258,240,RGB,
train,vanet,train/vanet/203413968.jpg,.jpg,True,248,287,RGB,
train,vanet,train/vanet/203739270.jpg,.jpg,True,220,207,RGB,
train,vanet,train/vanet/206108673.jpg,.jpg,True,269,214,RGB,
train,vanet,train/vanet/206177192.jpg,.jpg,True,297,271,RGB,
train,vanet,train/vanet/206926152.jpg,.jpg,True,240,332,RGB,
train,vanet,train/vanet/207016564.jpg,.jpg,True,280,336,RGB,
train,vanet,train/vanet/207156622.jpg,.jpg,True,256,299,RGB,
train,vanet,train/vanet/207410682.jpg,.jpg,True,250,300,RGB,
train,vanet,train/vanet/207702391.jpg,.jpg,True,253,293,RGB,
train,vanet,train/vanet/207721906.jpg,.jpg,True,252,386,RGB,
train,vanet,train/vanet/207803201.jpg,.jpg,True,261,308,RGB,
train,vanet,train/vanet/208129801.jpg,.jpg,True,232,298,RGB,
train,vanet,train/vanet/208237798.jpg,.jpg,True,254,209,RGB,
train,vanet,train/vanet/208635729.jpg,.jpg,True,246,368,RGB,
train,vanet,train/vanet/209501291.jpg,.jpg,True,177,240,RGB,
train,vanet,train/vanet/209780947.jpg,.jpg,True,150,192,RGB,
train,vanet,train/vanet/210379308.jpg,.jpg,True,274,272,RGB,
train,vanet,train/vanet/210908141.jpg,.jpg,True,237,268,RGB,
train,vanet,train/vanet/211868443.jpg,.jpg,True,180,228,RGB,
train,vanet,train/vanet/212130689.jpg,.jpg,True,210,243,RGB,
train,vanet,train/vanet/212465016.jpg,.jpg,True,186,252,RGB,
train,vanet,train/vanet/212665899.jpg,.jpg,True,207,276,RGB,
train,vanet,train/vanet/212755321.jpg,.jpg,True,207,276,RGB,
train,vanet,train/vanet/213788075.jpg,.jpg,True,201,264,RGB,
train,vanet,train/vanet/214048101.jpg,.jpg,True,198,252,RGB,
train,vanet,train/vanet/214176969.jpg,.jpg,True,186,252,RGB,
train,vanet,train/vanet/214726285.jpg,.jpg,True,186,252,RGB,
train,vanet,train/vanet/214758714.jpg,.jpg,True,195,252,RGB,
train,vanet,train/vanet/215621022.jpg,.jpg,True,156,204,RGB,
train,vanet,train/vanet/215891603.jpg,.jpg,True,198,252,RGB,
train,vanet,train/vanet/216352099.jpg,.jpg,True,189,252,RGB,
train,vanet,train/vanet/216485447.jpg,.jpg,True,255,286,RGB,
train,vanet,train/vanet/216566708.jpg,.jpg,True,195,264,RGB,
train,vanet,train/vanet/216608800.jpg,.jpg,True,156,204,RGB,
train,vanet,train/vanet/216618067.jpg,.jpg,True,207,276,RGB,
train,vanet,train/vanet/216797745.jpg,.jpg,True,207,267,RGB,
train,vanet,train/vanet/216830335.jpg,.jpg,True,150,189,RGB,
train,vanet,train/vanet/216972735.jpg,.jpg,True,135,180,RGB,
train,vanet,train/vanet/217021452.jpg,.jpg,True,171,216,RGB,
train,vanet,train/vanet/217178596.jpg,.jpg,True,177,240,RGB,
train,vanet,train/vanet/217216852.jpg,.jpg,True,198,264,RGB,
train,vanet,train/vanet/217834045.jpg,.jpg,True,198,276,RGB,
train,vanet,train/vanet/217881286.jpg,.jpg,True,452,926,RGB,
train,vanet,train/vanet/217881742.jpg,.jpg,True,207,263,RGB,
train,vanet,train/vanet/218088144.jpg,.jpg,True,180,240,RGB,
train,vanet,train/vanet/218130945.jpg,.jpg,True,180,240,RGB,
train,vanet,train/vanet/218206335.jpg,.jpg,True,139,216,RGB,
train,vanet,train/vanet/218299620.jpg,.jpg,True,189,240,RGB,
train,vanet,train/vanet/218514544.jpg,.jpg,True,198,264,RGB,
train,vanet,train/vanet/218602877.jpg,.jpg,True,189,252,RGB,
train,vanet,train/vanet/218844932.jpg,.jpg,True,165,216,RGB,
train,vanet,train/vanet/218955810.jpg,.jpg,True,210,264,RGB,
train,vanet,train/vanet/219127494.jpg,.jpg,True,129,216,RGB,
test,ambulance,test/ambulance/197398569.jpg,.jpg,True,300,307,RGB,
test,ambulance,test/ambulance/198860064.jpg,.jpg,True,273,335,RGB,
test,ambulance,test/ambulance/200396165.jpg,.jpg,True,271,373,RGB,
test,ambulance,test/ambulance/205374292.jpg,.jpg,True,278,323,RGB,
test,ambulance,test/ambulance/206980891.jpg,.jpg,True,285,348,RGB,
test,ambulance,test/ambulance/209860183.jpg,.jpg,True,210,264,RGB,
test,ambulance,test/ambulance/211589404.jpg,.jpg,True,156,204,RGB,
test,ambulance,test/ambulance/212112327.jpg,.jpg,True,150,192,RGB,
test,ambulance,test/ambulance/213375240.jpg,.jpg,True,165,216,RGB,
test,ambulance,test/ambulance/214215422.jpg,.jpg,True,156,216,RGB,
test,ambulance,test/ambulance/214830125.jpg,.jpg,True,198,264,RGB,
test,ambulance,test/ambulance/214896720.jpg,.jpg,True,198,264,RGB,
test,ambulance,test/ambulance/215056292.jpg,.jpg,True,171,216,RGB,
test,ambulance,test/ambulance/215093049.jpg,.jpg,True,171,228,RGB,
test,ambulance,test/ambulance/215164070.jpg,.jpg,True,207,263,RGB,
test,ambulance,test/ambulance/215180455.jpg,.jpg,True,150,204,RGB,
test,ambulance,test/ambulance/215713763.jpg,.jpg,True,144,192,RGB,
test,ambulance,test/ambulance/215714439.jpg,.jpg,True,186,240,RGB,
test,ambulance,test/ambulance/215884349.jpg,.jpg,True,186,252,RGB,
test,ambulance,test/ambulance/215936132.jpg,.jpg,True,219,288,RGB,
test,ambulance,test/ambulance/216081108.jpg,.jpg,True,207,272,RGB,
test,ambulance,test/ambulance/216095686.jpg,.jpg,True,180,240,RGB,
test,ambulance,test/ambulance/216676395.jpg,.jpg,True,126,168,RGB,
test,ambulance,test/ambulance/216915758.jpg,.jpg,True,189,252,RGB,
test,ambulance,test/ambulance/217040489.jpg,.jpg,True,135,180,RGB,
test,ambulance,test/ambulance/217064467.jpg,.jpg,True,171,228,RGB,
test,ambulance,test/ambulance/217073157.jpg,.jpg,True,198,256,RGB,
test,ambulance,test/ambulance/217165853.jpg,.jpg,True,127,252,RGB,
test,ambulance,test/ambulance/217206506.jpg,.jpg,True,454,881,RGB,
test,ambulance,test/ambulance/217239890.jpg,.jpg,True,171,228,RGB,
test,ambulance,test/ambulance/217240526.jpg,.jpg,True,177,240,RGB,
test,ambulance,test/ambulance/217260292.jpg,.jpg,True,177,236,RGB,
test,ambulance,test/ambulance/217268786.jpg,.jpg,True,189,252,RGB,
test,ambulance,test/ambulance/217369634.jpg,.jpg,True,162,216,RGB,
test,ambulance,test/ambulance/217401029.jpg,.jpg,True,171,228,RGB,
test,ambulance,test/ambulance/217498407.jpg,.jpg,True,174,216,RGB,
test,ambulance,test/ambulance/217777782.jpg,.jpg,True,150,192,RGB,
test,ambulance,test/ambulance/217955115.jpg,.jpg,True,186,240,RGB,
test,ambulance,test/ambulance/218067329.jpg,.jpg,True,186,240,RGB,
test,ambulance,test/ambulance/218089422.jpg,.jpg,True,267,364,RGB,
test,ambulance,test/ambulance/218107250.jpg,.jpg,True,278,350,RGB,
test,ambulance,test/ambulance/218157597.jpg,.jpg,True,389,849,RGB,
test,ambulance,test/ambulance/218314722.jpg,.jpg,True,300,347,RGB,
test,ambulance,test/ambulance/218366611.jpg,.jpg,True,177,229,RGB,
test,ambulance,test/ambulance/218417129.jpg,.jpg,True,177,228,RGB,
test,ambulance,test/ambulance/218950212.jpg,.jpg,True,186,252,RGB,
test,ambulance,test/ambulance/218976274.jpg,.jpg,True,168,228,RGB,
test,ambulance,test/ambulance/219052793.jpg,.jpg,True,186,249,RGB,
test,ambulance,test/ambulance/219072781.jpg,.jpg,True,198,256,RGB,
test,ambulance,test/ambulance/219100814.jpg,.jpg,True,171,228,RGB,
test,autobus,test/autobus/193573320.jpg,.jpg,True,356,411,RGB,
test,autobus,test/autobus/194271877.jpg,.jpg,True,430,320,RGB,
test,autobus,test/autobus/194420546.jpg,.jpg,True,496,440,RGB,
test,autobus,test/autobus/194466821.jpg,.jpg,True,332,432,RGB,
test,autobus,test/autobus/198083967.jpg,.jpg,True,428,440,RGB,
test,autobus,test/autobus/198127139.jpg,.jpg,True,330,335,RGB,
test,autobus,test/autobus/198195343.jpg,.jpg,True,426,447,RGB,
test,autobus,test/autobus/198384601.jpg,.jpg,True,298,372,RGB,
test,autobus,test/autobus/198431566.jpg,.jpg,True,369,409,RGB,
test,autobus,test/autobus/198592842.jpg,.jpg,True,301,353,RGB,
test,autobus,test/autobus/201816308.jpg,.jpg,True,371,450,RGB,
test,autobus,test/autobus/202148987.jpg,.jpg,True,371,430,RGB,
test,autobus,test/autobus/205096821.jpg,.jpg,True,323,430,RGB,
test,autobus,test/autobus/209712474.jpg,.jpg,True,186,252,RGB,
test,autobus,test/autobus/210029256.jpg,.jpg,True,419,448,RGB,
test,autobus,test/autobus/210733650.jpg,.jpg,True,338,448,RGB,
test,autobus,test/autobus/211089191.jpg,.jpg,True,361,450,RGB,
test,autobus,test/autobus/213632540.jpg,.jpg,True,353,448,RGB,
test,autobus,test/autobus/214052917.jpg,.jpg,True,338,448,RGB,
test,autobus,test/autobus/214357697.jpg,.jpg,True,198,252,RGB,
test,autobus,test/autobus/214795472.jpg,.jpg,True,386,448,RGB,
test,autobus,test/autobus/214804942.jpg,.jpg,True,189,249,RGB,
test,autobus,test/autobus/215056927.jpg,.jpg,True,189,240,RGB,
test,autobus,test/autobus/215678079.jpg,.jpg,True,356,448,RGB,
test,autobus,test/autobus/215792046.jpg,.jpg,True,355,448,RGB,
test,autobus,test/autobus/215799691.jpg,.jpg,True,171,228,RGB,
test,autobus,test/autobus/215923574.jpg,.jpg,True,195,264,RGB,
test,autobus,test/autobus/215989141.jpg,.jpg,True,198,245,RGB,
test,autobus,test/autobus/216118215.jpg,.jpg,True,337,448,RGB,
test,autobus,test/autobus/216169926.jpg,.jpg,True,357,448,RGB,
test,autobus,test/autobus/216309415.jpg,.jpg,True,198,252,RGB,
test,autobus,test/autobus/216357562.jpg,.jpg,True,198,264,RGB,
test,autobus,test/autobus/216463669.jpg,.jpg,True,378,448,RGB,
test,autobus,test/autobus/216586073.jpg,.jpg,True,346,448,RGB,
test,autobus,test/autobus/216612009.jpg,.jpg,True,370,384,RGB,
test,autobus,test/autobus/216625091.jpg,.jpg,True,354,448,RGB,
test,autobus,test/autobus/216758328.jpg,.jpg,True,361,448,RGB,
test,autobus,test/autobus/216919635.jpg,.jpg,True,347,448,RGB,
test,autobus,test/autobus/217008397.jpg,.jpg,True,340,448,RGB,
test,autobus,test/autobus/217020493.jpg,.jpg,True,345,448,RGB,
test,autobus,test/autobus/217138019.jpg,.jpg,True,376,448,RGB,
test,autobus,test/autobus/217405547.jpg,.jpg,True,362,448,RGB,
test,autobus,test/autobus/217784510.jpg,.jpg,True,323,417,RGB,
test,autobus,test/autobus/217948652.jpg,.jpg,True,361,448,RGB,
test,autobus,test/autobus/217986817.jpg,.jpg,True,291,359,RGB,
test,autobus,test/autobus/218113258.jpg,.jpg,True,186,240,RGB,
test,autobus,test/autobus/218660636.jpg,.jpg,True,346,448,RGB,
test,autobus,test/autobus/218693703.jpg,.jpg,True,337,448,RGB,
test,autobus,test/autobus/218796237.jpg,.jpg,True,171,228,RGB,
test,autobus,test/autobus/218858344.jpg,.jpg,True,198,243,RGB,
test,kamyun,test/kamyun/194250338.jpg,.jpg,True,422,421,RGB,
test,kamyun,test/kamyun/195970927.jpg,.jpg,True,508,416,RGB,
test,kamyun,test/kamyun/198521389.jpg,.jpg,True,355,409,RGB,
test,kamyun,test/kamyun/199634694.jpg,.jpg,True,253,294,RGB,
test,kamyun,test/kamyun/206203223.jpg,.jpg,True,320,355,RGB,
test,kamyun,test/kamyun/208920165.jpg,.jpg,True,348,436,RGB,
test,kamyun,test/kamyun/209037146.jpg,.jpg,True,318,409,RGB,
test,kamyun,test/kamyun/212763412.jpg,.jpg,True,356,448,RGB,
test,kamyun,test/kamyun/212881811.jpg,.jpg,True,186,240,RGB,
test,kamyun,test/kamyun/215104031.jpg,.jpg,True,201,252,RGB,
test,kamyun,test/kamyun/215479247.jpg,.jpg,True,189,252,RGB,
test,kamyun,test/kamyun/215524992.jpg,.jpg,True,337,426,RGB,
test,kamyun,test/kamyun/215619169.jpg,.jpg,True,219,232,RGB,
test,kamyun,test/kamyun/215662509.jpg,.jpg,True,156,204,RGB,
test,kamyun,test/kamyun/215683633.jpg,.jpg,True,198,252,RGB,
test,kamyun,test/kamyun/215684233.jpg,.jpg,True,332,413,RGB,
test,kamyun,test/kamyun/215785627.jpg,.jpg,True,195,252,RGB,
test,kamyun,test/kamyun/215806835.jpg,.jpg,True,373,413,RGB,
test,kamyun,test/kamyun/215824473.jpg,.jpg,True,341,448,RGB,
test,kamyun,test/kamyun/215840960.jpg,.jpg,True,324,421,RGB,
test,kamyun,test/kamyun/215908494.jpg,.jpg,True,323,414,RGB,
test,kamyun,test/kamyun/216005873.jpg,.jpg,True,177,240,RGB,
test,kamyun,test/kamyun/216034399.jpg,.jpg,True,352,448,RGB,
test,kamyun,test/kamyun/216474870.jpg,.jpg,True,331,448,RGB,
test,kamyun,test/kamyun/216498548.jpg,.jpg,True,198,264,RGB,
test,kamyun,test/kamyun/216529238.jpg,.jpg,True,195,264,RGB,
test,kamyun,test/kamyun/216769012.jpg,.jpg,True,198,264,RGB,
test,kamyun,test/kamyun/216888567.jpg,.jpg,True,198,264,RGB,
test,kamyun,test/kamyun/216963744.jpg,.jpg,True,310,406,RGB,
test,kamyun,test/kamyun/217001556.jpg,.jpg,True,347,379,RGB,
test,kamyun,test/kamyun/217042755.jpg,.jpg,True,189,240,RGB,
test,kamyun,test/kamyun/217129195.jpg,.jpg,True,336,448,RGB,
test,kamyun,test/kamyun/217258940.jpg,.jpg,True,210,276,RGB,
test,kamyun,test/kamyun/217403425.jpg,.jpg,True,320,406,RGB,
test,kamyun,test/kamyun/217835143.jpg,.jpg,True,150,204,RGB,
test,kamyun,test/kamyun/217924264.jpg,.jpg,True,315,408,RGB,
test,kamyun,test/kamyun/218185920.jpg,.jpg,True,348,448,RGB,
test,kamyun,test/kamyun/218240914.jpg,.jpg,True,352,448,RGB,
test,kamyun,test/kamyun/218328645.jpg,.jpg,True,321,384,RGB,
test,kamyun,test/kamyun/218464353.jpg,.jpg,True,331,414,RGB,
test,kamyun,test/kamyun/218606314.jpg,.jpg,True,311,405,RGB,
test,kamyun,test/kamyun/218618273.jpg,.jpg,True,302,310,RGB,
test,kamyun,test/kamyun/218699876.jpg,.jpg,True,363,448,RGB,
test,kamyun,test/kamyun/218716785.jpg,.jpg,True,367,308,RGB,
test,kamyun,test/kamyun/218789288.jpg,.jpg,True,333,402,RGB,
test,kamyun,test/kamyun/218815698.jpg,.jpg,True,189,252,RGB,
test,kamyun,test/kamyun/218947259.jpg,.jpg,True,382,374,RGB,
test,kamyun,test/kamyun/218992950.jpg,.jpg,True,344,351,RGB,
test,kamyunet,test/kamyunet/196728966.jpg,.jpg,True,308,256,RGB,
test,kamyunet,test/kamyunet/197190996.jpg,.jpg,True,232,269,RGB,
test,kamyunet,test/kamyunet/197231871.jpg,.jpg,True,308,399,RGB,
test,kamyunet,test/kamyunet/197786918.jpg,.jpg,True,250,302,RGB,
test,kamyunet,test/kamyunet/198434168.jpg,.jpg,True,226,205,RGB,
test,kamyunet,test/kamyunet/198439783.jpg,.jpg,True,239,298,RGB,
test,kamyunet,test/kamyunet/198636917.jpg,.jpg,True,228,272,RGB,
test,kamyunet,test/kamyunet/202686425.jpg,.jpg,True,271,350,RGB,
test,kamyunet,test/kamyunet/206769671.jpg,.jpg,True,284,356,RGB,
test,kamyunet,test/kamyunet/208853947.jpg,.jpg,True,276,326,RGB,
test,kamyunet,test/kamyunet/211050468.jpg,.jpg,True,241,344,RGB,
test,kamyunet,test/kamyunet/212731940.jpg,.jpg,True,210,264,RGB,
test,kamyunet,test/kamyunet/213294319.jpg,.jpg,True,189,240,RGB,
test,kamyunet,test/kamyunet/213821508.jpg,.jpg,True,261,390,RGB,
test,kamyunet,test/kamyunet/215094485.jpg,.jpg,True,321,325,RGB,
test,kamyunet,test/kamyunet/215104991.jpg,.jpg,True,286,377,RGB,
test,kamyunet,test/kamyunet/215770886.jpg,.jpg,True,198,264,RGB,
test,kamyunet,test/kamyunet/215773348.jpg,.jpg,True,171,216,RGB,
test,kamyunet,test/kamyunet/215773663.jpg,.jpg,True,272,377,RGB,
test,kamyunet,test/kamyunet/215957360.jpg,.jpg,True,248,284,RGB,
test,kamyunet,test/kamyunet/216013078.jpg,.jpg,True,285,301,RGB,
test,kamyunet,test/kamyunet/216061835.jpg,.jpg,True,189,240,RGB,
test,kamyunet,test/kamyunet/216084517.jpg,.jpg,True,195,258,RGB,
test,kamyunet,test/kamyunet/216102144.jpg,.jpg,True,195,252,RGB,
test,kamyunet,test/kamyunet/216156914.jpg,.jpg,True,283,360,RGB,
test,kamyunet,test/kamyunet/216186618.jpg,.jpg,True,186,240,RGB,
test,kamyunet,test/kamyunet/216282044.jpg,.jpg,True,288,376,RGB,
test,kamyunet,test/kamyunet/216393244.jpg,.jpg,True,277,276,RGB,
test,kamyunet,test/kamyunet/216580566.jpg,.jpg,True,180,240,RGB,
test,kamyunet,test/kamyunet/216584019.jpg,.jpg,True,278,384,RGB,
test,kamyunet,test/kamyunet/216736518.jpg,.jpg,True,207,268,RGB,
test,kamyunet,test/kamyunet/216842673.jpg,.jpg,True,351,357,RGB,
test,kamyunet,test/kamyunet/216852176.jpg,.jpg,True,291,441,RGB,
test,kamyunet,test/kamyunet/216957598.jpg,.jpg,True,297,341,RGB,
test,kamyunet,test/kamyunet/216959516.jpg,.jpg,True,306,441,RGB,
test,kamyunet,test/kamyunet/216966952.jpg,.jpg,True,186,240,RGB,
test,kamyunet,test/kamyunet/216999155.jpg,.jpg,True,273,340,RGB,
test,kamyunet,test/kamyunet/217029557.jpg,.jpg,True,280,381,RGB,
test,kamyunet,test/kamyunet/217166297.jpg,.jpg,True,287,378,RGB,
test,kamyunet,test/kamyunet/217378853.jpg,.jpg,True,207,268,RGB,
test,kamyunet,test/kamyunet/217950577.jpg,.jpg,True,281,317,RGB,
test,kamyunet,test/kamyunet/217955504.jpg,.jpg,True,301,317,RGB,
test,kamyunet,test/kamyunet/218055101.jpg,.jpg,True,180,240,RGB,
test,kamyunet,test/kamyunet/218090961.jpg,.jpg,True,343,446,RGB,
test,kamyunet,test/kamyunet/218129415.jpg,.jpg,True,296,294,RGB,
test,kamyunet,test/kamyunet/218134493.jpg,.jpg,True,279,386,RGB,
test,kamyunet,test/kamyunet/218383949.jpg,.jpg,True,288,316,RGB,
test,kamyunet,test/kamyunet/218702481.jpg,.jpg,True,186,238,RGB,
test,kamyunet,test/kamyunet/218866716.jpg,.jpg,True,305,298,RGB,
test,kamyunet,test/kamyunet/218956226.jpg,.jpg,True,189,252,RGB,
test,kamyunet,test/kamyunet/219022599.jpg,.jpg,True,193,316,RGB,
test,kamyunet,test/kamyunet/219119368.jpg,.jpg,True,177,228,RGB,
test,minibus,test/minibus/197110576.jpg,.jpg,True,350,341,RGB,
test,minibus,test/minibus/198362799.jpg,.jpg,True,392,392,RGB,
test,minibus,test/minibus/199907770.jpg,.jpg,True,313,360,RGB,
test,minibus,test/minibus/204478559.jpg,.jpg,True,282,392,RGB,
test,minibus,test/minibus/205787928.jpg,.jpg,True,388,450,RGB,
test,minibus,test/minibus/205923148.jpg,.jpg,True,353,450,RGB,
test,minibus,test/minibus/205940059.jpg,.jpg,True,377,450,RGB,
test,minibus,test/minibus/207051574.jpg,.jpg,True,300,389,RGB,
test,minibus,test/minibus/210100934.jpg,.jpg,True,198,252,RGB,
test,minibus,test/minibus/210115332.jpg,.jpg,True,189,252,RGB,
test,minibus,test/minibus/210126898.jpg,.jpg,True,186,252,RGB,
test,minibus,test/minibus/211453726.jpg,.jpg,True,340,354,RGB,
test,minibus,test/minibus/212140261.jpg,.jpg,True,180,228,RGB,
test,minibus,test/minibus/213563060.jpg,.jpg,True,322,399,RGB,
test,minibus,test/minibus/213611520.jpg,.jpg,True,150,202,RGB,
test,minibus,test/minibus/213711965.jpg,.jpg,True,186,252,RGB,
test,minibus,test/minibus/214496054.jpg,.jpg,True,207,276,RGB,
test,minibus,test/minibus/215119023.jpg,.jpg,True,290,371,RGB,
test,minibus,test/minibus/215128581.jpg,.jpg,True,291,347,RGB,
test,minibus,test/minibus/215507730.jpg,.jpg,True,198,252,RGB,
test,minibus,test/minibus/215779841.jpg,.jpg,True,252,319,RGB,
test,minibus,test/minibus/215792583.jpg,.jpg,True,313,397,RGB,
test,minibus,test/minibus/215808924.jpg,.jpg,True,281,357,RGB,
test,minibus,test/minibus/215858014.jpg,.jpg,True,198,264,RGB,
test,minibus,test/minibus/215973871.jpg,.jpg,True,270,331,RGB,
test,minibus,test/minibus/216053678.jpg,.jpg,True,288,358,RGB,
test,minibus,test/minibus/216138469.jpg,.jpg,True,297,343,RGB,
test,minibus,test/minibus/216155350.jpg,.jpg,True,278,379,RGB,
test,minibus,test/minibus/216241825.jpg,.jpg,True,282,372,RGB,
test,minibus,test/minibus/216249951.jpg,.jpg,True,299,348,RGB,
test,minibus,test/minibus/216335737.jpg,.jpg,True,222,280,RGB,
test,minibus,test/minibus/216737437.jpg,.jpg,True,293,353,RGB,
test,minibus,test/minibus/216740055.jpg,.jpg,True,210,261,RGB,
test,minibus,test/minibus/216761671.jpg,.jpg,True,294,354,RGB,
test,minibus,test/minibus/216806221.jpg,.jpg,True,219,288,RGB,
test,minibus,test/minibus/216839173.jpg,.jpg,True,198,264,RGB,
test,minibus,test/minibus/216850683.jpg,.jpg,True,297,343,RGB,
test,minibus,test/minibus/216950277.jpg,.jpg,True,298,344,RGB,
test,minibus,test/minibus/216954877.jpg,.jpg,True,285,364,RGB,
test,minibus,test/minibus/217234709.jpg,.jpg,True,186,240,RGB,
test,minibus,test/minibus/217959147.jpg,.jpg,True,286,357,RGB,
test,minibus,test/minibus/218138154.jpg,.jpg,True,282,356,RGB,
test,minibus,test/minibus/218307381.jpg,.jpg,True,290,354,RGB,
test,minibus,test/minibus/218328619.jpg,.jpg,True,299,348,RGB,
test,minibus,test/minibus/218333282.jpg,.jpg,True,290,358,RGB,
test,minibus,test/minibus/218590836.jpg,.jpg,True,290,353,RGB,
test,minibus,test/minibus/218605367.jpg,.jpg,True,292,358,RGB,
test,minibus,test/minibus/218643730.jpg,.jpg,True,288,351,RGB,
test,minibus,test/minibus/218849745.jpg,.jpg,True,198,264,RGB,
test,minibus,test/minibus/218911207.jpg,.jpg,True,207,272,RGB,
test,savari,test/savari/195238770.jpg,.jpg,True,280,257,RGB,
test,savari,test/savari/195766645.jpg,.jpg,True,233,260,RGB,
test,savari,test/savari/197096867.jpg,.jpg,True,299,274,RGB,
test,savari,test/savari/197666500.jpg,.jpg,True,272,248,RGB,
test,savari,test/savari/197813029.jpg,.jpg,True,242,268,RGB,
test,savari,test/savari/197814306.jpg,.jpg,True,295,263,RGB,
test,savari,test/savari/199994379.jpg,.jpg,True,266,247,RGB,
test,savari,test/savari/200081418.jpg,.jpg,True,240,258,RGB,
test,savari,test/savari/200989560.jpg,.jpg,True,276,258,RGB,
test,savari,test/savari/202058797.jpg,.jpg,True,302,253,RGB,
test,savari,test/savari/203382686.jpg,.jpg,True,247,255,RGB,
test,savari,test/savari/204027920.jpg,.jpg,True,286,245,RGB,
test,savari,test/savari/206134948.jpg,.jpg,True,236,230,RGB,
test,savari,test/savari/206456878.jpg,.jpg,True,249,273,RGB,
test,savari,test/savari/206559296.jpg,.jpg,True,248,308,RGB,
test,savari,test/savari/206606848.jpg,.jpg,True,256,246,RGB,
test,savari,test/savari/206757757.jpg,.jpg,True,265,244,RGB,
test,savari,test/savari/207140641.jpg,.jpg,True,243,266,RGB,
test,savari,test/savari/207481567.jpg,.jpg,True,243,254,RGB,
test,savari,test/savari/208336353.jpg,.jpg,True,258,262,RGB,
test,savari,test/savari/209168112.jpg,.jpg,True,232,232,RGB,
test,savari,test/savari/209361107.jpg,.jpg,True,207,276,RGB,
test,savari,test/savari/209427269.jpg,.jpg,True,247,270,RGB,
test,savari,test/savari/210317139.jpg,.jpg,True,239,253,RGB,
test,savari,test/savari/210627739.jpg,.jpg,True,217,260,RGB,
test,savari,test/savari/211212134.jpg,.jpg,True,228,259,RGB,
test,savari,test/savari/213046686.jpg,.jpg,True,231,274,RGB,
test,savari,test/savari/213155633.jpg,.jpg,True,189,252,RGB,
test,savari,test/savari/214403682.jpg,.jpg,True,198,252,RGB,
test,savari,test/savari/215887510.jpg,.jpg,True,189,252,RGB,
test,savari,test/savari/216136331.jpg,.jpg,True,171,228,RGB,
test,savari,test/savari/216216502.jpg,.jpg,True,186,246,RGB,
test,savari,test/savari/216218291.jpg,.jpg,True,150,204,RGB,
test,savari,test/savari/216419216.jpg,.jpg,True,150,166,RGB,
test,savari,test/savari/216755450.jpg,.jpg,True,165,216,RGB,
test,savari,test/savari/216767398.jpg,.jpg,True,360,581,RGB,
test,savari,test/savari/216882674.jpg,.jpg,True,253,253,RGB,
test,savari,test/savari/217371599.jpg,.jpg,True,186,252,RGB,
test,savari,test/savari/217665283.jpg,.jpg,True,186,252,RGB,
test,savari,test/savari/217712581.jpg,.jpg,True,177,240,RGB,
test,savari,test/savari/218163369.jpg,.jpg,True,186,252,RGB,
test,savari,test/savari/218363990.jpg,.jpg,True,180,240,RGB,
test,savari,test/savari/218429844.jpg,.jpg,True,239,259,RGB,
test,savari,test/savari/218484994.jpg,.jpg,True,234,266,RGB,
test,savari,test/savari/218701858.jpg,.jpg,True,222,265,RGB,
test,savari,test/savari/218769351.jpg,.jpg,True,135,180,RGB,
test,savari,test/savari/218778142.jpg,.jpg,True,355,652,RGB,
test,savari,test/savari/218814576.jpg,.jpg,True,189,252,RGB,
test,savari,test/savari/218913098.jpg,.jpg,True,186,252,RGB,
test,savari,test/savari/219072151.jpg,.jpg,True,137,185,RGB,
test,taxi,test/taxi/196245220.jpg,.jpg,True,270,266,RGB,
test,taxi,test/taxi/197138182.jpg,.jpg,True,287,270,RGB,
test,taxi,test/taxi/198048924.jpg,.jpg,True,275,247,RGB,
test,taxi,test/taxi/198068531.jpg,.jpg,True,264,250,RGB,
test,taxi,test/taxi/198096713.jpg,.jpg,True,302,259,RGB,
test,taxi,test/taxi/198495096.jpg,.jpg,True,261,244,RGB,
test,taxi,test/taxi/199826528.jpg,.jpg,True,241,263,RGB,
test,taxi,test/taxi/200411889.jpg,.jpg,True,287,256,RGB,
test,taxi,test/taxi/206264188.jpg,.jpg,True,302,336,RGB,
test,taxi,test/taxi/212609713.jpg,.jpg,True,171,228,RGB,
test,taxi,test/taxi/212732215.jpg,.jpg,True,180,240,RGB,
test,taxi,test/taxi/213302210.jpg,.jpg,True,207,266,RGB,
test,taxi,test/taxi/214712572.jpg,.jpg,True,186,252,RGB,
test,taxi,test/taxi/214805594.jpg,.jpg,True,210,276,RGB,
test,taxi,test/taxi/215165181.jpg,.jpg,True,195,264,RGB,
test,taxi,test/taxi/215670318.jpg,.jpg,True,207,276,RGB,
test,taxi,test/taxi/215828804.jpg,.jpg,True,186,252,RGB,
test,taxi,test/taxi/216060007.jpg,.jpg,True,276,406,RGB,
test,taxi,test/taxi/216125436.jpg,.jpg,True,210,276,RGB,
test,taxi,test/taxi/216190755.jpg,.jpg,True,198,221,RGB,
test,taxi,test/taxi/216324691.jpg,.jpg,True,374,519,RGB,
test,taxi,test/taxi/216465138.jpg,.jpg,True,398,555,RGB,
test,taxi,test/taxi/216497125.jpg,.jpg,True,198,264,RGB,
test,taxi,test/taxi/216563328.jpg,.jpg,True,409,591,RGB,
test,taxi,test/taxi/216640530.jpg,.jpg,True,198,246,RGB,
test,taxi,test/taxi/216649147.jpg,.jpg,True,240,264,RGB,
test,taxi,test/taxi/216659419.jpg,.jpg,True,177,188,RGB,
test,taxi,test/taxi/216753720.jpg,.jpg,True,189,252,RGB,
test,taxi,test/taxi/217286174.jpg,.jpg,True,198,264,RGB,
test,taxi,test/taxi/217369619.jpg,.jpg,True,189,252,RGB,
test,taxi,test/taxi/217447082.jpg,.jpg,True,171,216,RGB,
test,taxi,test/taxi/217470423.jpg,.jpg,True,180,240,RGB,
test,taxi,test/taxi/217726063.jpg,.jpg,True,298,291,RGB,
test,taxi,test/taxi/217909207.jpg,.jpg,True,455,832,RGB,
test,taxi,test/taxi/217932617.jpg,.jpg,True,186,249,RGB,
test,taxi,test/taxi/217977521.jpg,.jpg,True,207,271,RGB,
test,taxi,test/taxi/218033613.jpg,.jpg,True,242,261,RGB,
test,taxi,test/taxi/218058543.jpg,.jpg,True,185,255,RGB,
test,taxi,test/taxi/218150166.jpg,.jpg,True,198,264,RGB,
test,taxi,test/taxi/218155625.jpg,.jpg,True,360,569,RGB,
test,taxi,test/taxi/218164022.jpg,.jpg,True,354,583,RGB,
test,taxi,test/taxi/218235081.jpg,.jpg,True,210,264,RGB,
test,taxi,test/taxi/218318751.jpg,.jpg,True,322,469,RGB,
test,taxi,test/taxi/218520736.jpg,.jpg,True,180,240,RGB,
test,taxi,test/taxi/218586145.jpg,.jpg,True,180,240,RGB,
test,taxi,test/taxi/218648571.jpg,.jpg,True,180,240,RGB,
test,taxi,test/taxi/218713530.jpg,.jpg,True,414,638,RGB,
test,taxi,test/taxi/218720521.jpg,.jpg,True,180,240,RGB,
test,taxi,test/taxi/218879405.jpg,.jpg,True,167,252,RGB,
test,taxi,test/taxi/219092271.jpg,.jpg,True,189,244,RGB,
test,vanet,test/vanet/196511721.jpg,.jpg,True,275,290,RGB,
test,vanet,test/vanet/198062095.jpg,.jpg,True,269,287,RGB,
test,vanet,test/vanet/207078479.jpg,.jpg,True,227,280,RGB,
test,vanet,test/vanet/207595119.jpg,.jpg,True,273,284,RGB,
test,vanet,test/vanet/207772050.jpg,.jpg,True,242,298,RGB,
test,vanet,test/vanet/215692075.jpg,.jpg,True,180,240,RGB,
test,vanet,test/vanet/216727686.jpg,.jpg,True,290,307,RGB,
test,vanet,test/vanet/217150802.jpg,.jpg,True,210,264,RGB,
test,vanet,test/vanet/217551389.jpg,.jpg,True,207,288,RGB,
test,vanet,test/vanet/217951013.jpg,.jpg,True,177,240,RGB,
test,vanet,test/vanet/218939246.jpg,.jpg,True,177,240,RGB,
unclean,ambulance,unclean/ambulance/198197588.jpg,.jpg,True,273,331,RGB,
unclean,ambulance,unclean/ambulance/199038575.jpg,.jpg,True,315,373,RGB,
unclean,ambulance,unclean/ambulance/199656777.jpg,.jpg,True,287,355,RGB,
unclean,ambulance,unclean/ambulance/199984667.jpg,.jpg,True,269,397,RGB,
unclean,ambulance,unclean/ambulance/200105319.jpg,.jpg,True,302,339,RGB,
unclean,ambulance,unclean/ambulance/200180166.jpg,.jpg,True,285,354,RGB,
unclean,ambulance,unclean/ambulance/200396165.jpg,.jpg,True,271,373,RGB,
unclean,ambulance,unclean/ambulance/200605434.jpg,.jpg,True,261,369,RGB,
unclean,ambulance,unclean/ambulance/200771627.jpg,.jpg,True,275,328,RGB,
unclean,ambulance,unclean/ambulance/201232370.jpg,.jpg,True,260,298,RGB,
unclean,ambulance,unclean/ambulance/201944291.jpg,.jpg,True,267,330,RGB,
unclean,ambulance,unclean/ambulance/202045377.jpg,.jpg,True,285,308,RGB,
unclean,ambulance,unclean/ambulance/206808986.jpg,.jpg,True,279,366,RGB,
unclean,ambulance,unclean/ambulance/207226876.jpg,.jpg,True,246,322,RGB,
unclean,ambulance,unclean/ambulance/208738861.jpg,.jpg,True,284,339,RGB,
unclean,ambulance,unclean/ambulance/209258888.jpg,.jpg,True,210,264,RGB,
unclean,ambulance,unclean/ambulance/209524502.jpg,.jpg,True,126,168,RGB,
unclean,ambulance,unclean/ambulance/210118911.jpg,.jpg,True,177,240,RGB,
unclean,ambulance,unclean/ambulance/210178416.jpg,.jpg,True,207,276,RGB,
unclean,ambulance,unclean/ambulance/210925845.jpg,.jpg,True,299,374,RGB,
unclean,ambulance,unclean/ambulance/211184410.jpg,.jpg,True,266,324,RGB,
unclean,ambulance,unclean/ambulance/211531125.jpg,.jpg,True,156,216,RGB,
unclean,ambulance,unclean/ambulance/211874554.jpg,.jpg,True,189,252,RGB,
unclean,ambulance,unclean/ambulance/211881113.jpg,.jpg,True,195,264,RGB,
unclean,ambulance,unclean/ambulance/212001982.jpg,.jpg,True,210,254,RGB,
unclean,ambulance,unclean/ambulance/212170320.jpg,.jpg,True,156,204,RGB,
unclean,ambulance,unclean/ambulance/212304509.jpg,.jpg,True,162,204,RGB,
unclean,ambulance,unclean/ambulance/212360232.jpg,.jpg,True,189,252,RGB,
unclean,ambulance,unclean/ambulance/212759904.jpg,.jpg,True,180,240,RGB,
unclean,ambulance,unclean/ambulance/212836783.jpg,.jpg,True,186,252,RGB,
unclean,ambulance,unclean/ambulance/212921984.jpg,.jpg,True,171,228,RGB,
unclean,ambulance,unclean/ambulance/213231064.jpg,.jpg,True,180,228,RGB,
unclean,ambulance,unclean/ambulance/213260411.jpg,.jpg,True,171,218,RGB,
unclean,ambulance,unclean/ambulance/213342200.jpg,.jpg,True,189,252,RGB,
unclean,ambulance,unclean/ambulance/213495669.jpg,.jpg,True,171,240,RGB,
unclean,ambulance,unclean/ambulance/213615902.jpg,.jpg,True,189,241,RGB,
unclean,ambulance,unclean/ambulance/213796534.jpg,.jpg,True,198,264,RGB,
unclean,ambulance,unclean/ambulance/213801906.jpg,.jpg,True,162,216,RGB,
unclean,ambulance,unclean/ambulance/214289809.jpg,.jpg,True,171,228,RGB,
unclean,ambulance,unclean/ambulance/214343204.jpg,.jpg,True,162,216,RGB,
unclean,ambulance,unclean/ambulance/214375238.jpg,.jpg,True,198,243,RGB,
unclean,ambulance,unclean/ambulance/214491147.jpg,.jpg,True,198,276,RGB,
unclean,ambulance,unclean/ambulance/214632265.jpg,.jpg,True,177,240,RGB,
unclean,ambulance,unclean/ambulance/214639587.jpg,.jpg,True,177,240,RGB,
unclean,ambulance,unclean/ambulance/214644650.jpg,.jpg,True,207,276,RGB,
unclean,ambulance,unclean/ambulance/214721739.jpg,.jpg,True,168,228,RGB,
unclean,ambulance,unclean/ambulance/214735836.jpg,.jpg,True,177,239,RGB,
unclean,ambulance,unclean/ambulance/214830125.jpg,.jpg,True,198,264,RGB,
unclean,ambulance,unclean/ambulance/214851600.jpg,.jpg,True,150,192,RGB,
unclean,ambulance,unclean/ambulance/215068423.jpg,.jpg,True,162,216,RGB,
unclean,ambulance,unclean/ambulance/215080857.jpg,.jpg,True,162,228,RGB,
unclean,ambulance,unclean/ambulance/215169753.jpg,.jpg,True,120,168,RGB,
unclean,ambulance,unclean/ambulance/215417394.jpg,.jpg,True,201,247,RGB,
unclean,ambulance,unclean/ambulance/215578376.jpg,.jpg,True,162,204,RGB,
unclean,ambulance,unclean/ambulance/215630754.jpg,.jpg,True,186,252,RGB,
unclean,ambulance,unclean/ambulance/215692641.jpg,.jpg,True,207,257,RGB,
unclean,ambulance,unclean/ambulance/215713763.jpg,.jpg,True,144,192,RGB,
unclean,ambulance,unclean/ambulance/215726067.jpg,.jpg,True,171,228,RGB,
unclean,ambulance,unclean/ambulance/215775075.jpg,.jpg,True,186,252,RGB,
unclean,ambulance,unclean/ambulance/215776808.jpg,.jpg,True,198,264,RGB,
unclean,ambulance,unclean/ambulance/215784252.jpg,.jpg,True,177,228,RGB,
unclean,ambulance,unclean/ambulance/215802717.jpg,.jpg,True,201,264,RGB,
unclean,ambulance,unclean/ambulance/215818698.jpg,.jpg,True,189,252,RGB,
unclean,ambulance,unclean/ambulance/215942342.jpg,.jpg,True,150,192,RGB,
unclean,ambulance,unclean/ambulance/215951291.jpg,.jpg,True,150,192,RGB,
unclean,ambulance,unclean/ambulance/215973116.jpg,.jpg,True,177,240,RGB,
unclean,ambulance,unclean/ambulance/215980770.jpg,.jpg,True,198,264,RGB,
unclean,ambulance,unclean/ambulance/216021723.jpg,.jpg,True,150,184,RGB,
unclean,ambulance,unclean/ambulance/216050566.jpg,.jpg,True,180,228,RGB,
unclean,ambulance,unclean/ambulance/216056611.jpg,.jpg,True,186,252,RGB,
unclean,ambulance,unclean/ambulance/216082736.jpg,.jpg,True,186,252,RGB,
unclean,ambulance,unclean/ambulance/216086363.jpg,.jpg,True,186,252,RGB,
unclean,ambulance,unclean/ambulance/216095686.jpg,.jpg,True,180,240,RGB,
unclean,ambulance,unclean/ambulance/216216403.jpg,.jpg,True,189,240,RGB,
unclean,ambulance,unclean/ambulance/216219333.jpg,.jpg,True,165,216,RGB,
unclean,ambulance,unclean/ambulance/216222707.jpg,.jpg,True,171,228,RGB,
unclean,ambulance,unclean/ambulance/216235901.jpg,.jpg,True,171,228,RGB,
unclean,ambulance,unclean/ambulance/216291191.jpg,.jpg,True,195,252,RGB,
unclean,ambulance,unclean/ambulance/216292398.jpg,.jpg,True,150,204,RGB,
unclean,ambulance,unclean/ambulance/216347959.jpg,.jpg,True,186,240,RGB,
unclean,ambulance,unclean/ambulance/216362224.jpg,.jpg,True,162,216,RGB,
unclean,ambulance,unclean/ambulance/216456892.jpg,.jpg,True,195,264,RGB,
unclean,ambulance,unclean/ambulance/216529830.jpg,.jpg,True,162,216,RGB,
unclean,ambulance,unclean/ambulance/216576768.jpg,.jpg,True,198,264,RGB,
unclean,ambulance,unclean/ambulance/216625195.jpg,.jpg,True,162,216,RGB,
unclean,ambulance,unclean/ambulance/216662289.jpg,.jpg,True,198,252,RGB,
unclean,ambulance,unclean/ambulance/216676321.jpg,.jpg,True,189,240,RGB,
unclean,ambulance,unclean/ambulance/216685886.jpg,.jpg,True,186,252,RGB,
unclean,ambulance,unclean/ambulance/216702100.jpg,.jpg,True,171,228,RGB,
unclean,ambulance,unclean/ambulance/216756276.jpg,.jpg,True,198,245,RGB,
unclean,ambulance,unclean/ambulance/216771004.jpg,.jpg,True,162,216,RGB,
unclean,ambulance,unclean/ambulance/216841428.jpg,.jpg,True,177,228,RGB,
unclean,ambulance,unclean/ambulance/216999633.jpg,.jpg,True,180,228,RGB,
unclean,ambulance,unclean/ambulance/217040489.jpg,.jpg,True,135,180,RGB,
unclean,ambulance,unclean/ambulance/217064863.jpg,.jpg,True,210,276,RGB,
unclean,ambulance,unclean/ambulance/217161744.jpg,.jpg,True,180,228,RGB,
unclean,ambulance,unclean/ambulance/217165994.jpg,.jpg,True,177,240,RGB,
unclean,ambulance,unclean/ambulance/217183766.jpg,.jpg,True,162,216,RGB,
unclean,ambulance,unclean/ambulance/217200843.jpg,.jpg,True,195,258,RGB,
unclean,ambulance,unclean/ambulance/217206401.jpg,.jpg,True,156,216,RGB,
unclean,ambulance,unclean/ambulance/217219997.jpg,.jpg,True,189,252,RGB,
unclean,ambulance,unclean/ambulance/217255744.jpg,.jpg,True,207,275,RGB,
unclean,ambulance,unclean/ambulance/217282219.jpg,.jpg,True,171,216,RGB,
unclean,ambulance,unclean/ambulance/217323165.jpg,.jpg,True,186,252,RGB,
unclean,ambulance,unclean/ambulance/217377073.jpg,.jpg,True,186,240,RGB,
unclean,ambulance,unclean/ambulance/217399746.jpg,.jpg,True,198,264,RGB,
unclean,ambulance,unclean/ambulance/217408246.jpg,.jpg,True,189,240,RGB,
unclean,ambulance,unclean/ambulance/217479305.jpg,.jpg,True,168,228,RGB,
unclean,ambulance,unclean/ambulance/217495327.jpg,.jpg,True,186,240,RGB,
unclean,ambulance,unclean/ambulance/217579130.jpg,.jpg,True,171,228,RGB,
unclean,ambulance,unclean/ambulance/217676452.jpg,.jpg,True,186,252,RGB,
unclean,ambulance,unclean/ambulance/217696116.jpg,.jpg,True,189,252,RGB,
unclean,ambulance,unclean/ambulance/217782582.jpg,.jpg,True,261,327,RGB,
unclean,ambulance,unclean/ambulance/217813096.jpg,.jpg,True,171,216,RGB,
unclean,ambulance,unclean/ambulance/217896022.jpg,.jpg,True,198,264,RGB,
unclean,ambulance,unclean/ambulance/217941976.jpg,.jpg,True,186,252,RGB,
unclean,ambulance,unclean/ambulance/217998219.jpg,.jpg,True,177,240,RGB,
unclean,ambulance,unclean/ambulance/218069485.jpg,.jpg,True,189,252,RGB,
unclean,ambulance,unclean/ambulance/218070390.jpg,.jpg,True,189,240,RGB,
unclean,ambulance,unclean/ambulance/218080033.jpg,.jpg,True,189,239,RGB,
unclean,ambulance,unclean/ambulance/218089422.jpg,.jpg,True,267,364,RGB,
unclean,ambulance,unclean/ambulance/218166278.jpg,.jpg,True,207,262,RGB,
unclean,ambulance,unclean/ambulance/218171063.jpg,.jpg,True,180,236,RGB,
unclean,ambulance,unclean/ambulance/218179131.jpg,.jpg,True,222,288,RGB,
unclean,ambulance,unclean/ambulance/218197220.jpg,.jpg,True,171,216,RGB,
unclean,ambulance,unclean/ambulance/218214695.jpg,.jpg,True,198,252,RGB,
unclean,ambulance,unclean/ambulance/218275571.jpg,.jpg,True,207,276,RGB,
unclean,ambulance,unclean/ambulance/218335016.jpg,.jpg,True,417,898,RGB,
unclean,ambulance,unclean/ambulance/218352247.jpg,.jpg,True,180,240,RGB,
unclean,ambulance,unclean/ambulance/218460563.jpg,.jpg,True,150,204,RGB,
unclean,ambulance,unclean/ambulance/218461482.jpg,.jpg,True,195,252,RGB,
unclean,ambulance,unclean/ambulance/218591595.jpg,.jpg,True,162,216,RGB,
unclean,ambulance,unclean/ambulance/218644798.jpg,.jpg,True,282,354,RGB,
unclean,ambulance,unclean/ambulance/218653505.jpg,.jpg,True,156,204,RGB,
unclean,ambulance,unclean/ambulance/218665571.jpg,.jpg,True,171,228,RGB,
unclean,ambulance,unclean/ambulance/218666389.jpg,.jpg,True,189,252,RGB,
unclean,ambulance,unclean/ambulance/218718826.jpg,.jpg,True,186,234,RGB,
unclean,ambulance,unclean/ambulance/218739355.jpg,.jpg,True,186,244,RGB,
unclean,ambulance,unclean/ambulance/218756593.jpg,.jpg,True,126,168,RGB,
unclean,ambulance,unclean/ambulance/218771670.jpg,.jpg,True,150,189,RGB,
unclean,ambulance,unclean/ambulance/218775859.jpg,.jpg,True,177,240,RGB,
unclean,ambulance,unclean/ambulance/218786704.jpg,.jpg,True,186,240,RGB,
unclean,ambulance,unclean/ambulance/218825718.jpg,.jpg,True,189,252,RGB,
unclean,ambulance,unclean/ambulance/218868478.jpg,.jpg,True,165,216,RGB,
unclean,ambulance,unclean/ambulance/218940365.jpg,.jpg,True,195,244,RGB,
unclean,ambulance,unclean/ambulance/218966979.jpg,.jpg,True,189,252,RGB,
unclean,ambulance,unclean/ambulance/218967792.jpg,.jpg,True,165,216,RGB,
unclean,ambulance,unclean/ambulance/219020835.jpg,.jpg,True,186,240,RGB,
unclean,ambulance,unclean/ambulance/219035975.jpg,.jpg,True,179,292,RGB,
unclean,ambulance,unclean/ambulance/219036698.jpg,.jpg,True,171,228,RGB,
unclean,ambulance,unclean/ambulance/219046558.jpg,.jpg,True,186,252,RGB,
unclean,ambulance,unclean/ambulance/219048928.jpg,.jpg,True,189,244,RGB,
unclean,ambulance,unclean/ambulance/219052707.jpg,.jpg,True,158,232,RGB,
unclean,ambulance,unclean/ambulance/219063107.jpg,.jpg,True,172,266,RGB,
unclean,ambulance,unclean/ambulance/219077664.jpg,.jpg,True,177,240,RGB,
unclean,autobus,unclean/autobus/193597587.jpg,.jpg,True,394,381,RGB,
unclean,autobus,unclean/autobus/193813673.jpg,.jpg,True,305,596,RGB,
unclean,autobus,unclean/autobus/194458934.jpg,.jpg,True,484,440,RGB,
unclean,autobus,unclean/autobus/196191533.jpg,.jpg,True,295,218,RGB,
unclean,autobus,unclean/autobus/196526860.jpg,.jpg,True,228,219,RGB,
unclean,autobus,unclean/autobus/196595859.jpg,.jpg,True,339,297,RGB,
unclean,autobus,unclean/autobus/197331533.jpg,.jpg,True,458,440,RGB,
unclean,autobus,unclean/autobus/197977992.jpg,.jpg,True,348,450,RGB,
unclean,autobus,unclean/autobus/198272507.jpg,.jpg,True,395,438,RGB,
unclean,autobus,unclean/autobus/198274798.jpg,.jpg,True,337,315,RGB,
unclean,autobus,unclean/autobus/198385240.jpg,.jpg,True,286,378,RGB,
unclean,autobus,unclean/autobus/198451326.jpg,.jpg,True,328,283,RGB,
unclean,autobus,unclean/autobus/198482481.jpg,.jpg,True,333,448,RGB,
unclean,autobus,unclean/autobus/198693556.jpg,.jpg,True,315,450,RGB,
unclean,autobus,unclean/autobus/198756999.jpg,.jpg,True,381,450,RGB,
unclean,autobus,unclean/autobus/199115928.jpg,.jpg,True,349,450,RGB,
unclean,autobus,unclean/autobus/199205393.jpg,.jpg,True,279,400,RGB,
unclean,autobus,unclean/autobus/199209846.jpg,.jpg,True,362,450,RGB,
unclean,autobus,unclean/autobus/199713076.jpg,.jpg,True,250,300,RGB,
unclean,autobus,unclean/autobus/199917107.jpg,.jpg,True,327,439,RGB,
unclean,autobus,unclean/autobus/199961601.jpg,.jpg,True,336,450,RGB,
unclean,autobus,unclean/autobus/200139637.jpg,.jpg,True,357,450,RGB,
unclean,autobus,unclean/autobus/200600907.jpg,.jpg,True,358,450,RGB,
unclean,autobus,unclean/autobus/200603886.jpg,.jpg,True,391,450,RGB,
unclean,autobus,unclean/autobus/200699667.jpg,.jpg,True,349,450,RGB,
unclean,autobus,unclean/autobus/201226148.jpg,.jpg,True,320,450,RGB,
unclean,autobus,unclean/autobus/205217960.jpg,.jpg,True,341,421,RGB,
unclean,autobus,unclean/autobus/205990197.jpg,.jpg,True,376,450,RGB,
unclean,autobus,unclean/autobus/208014403.jpg,.jpg,True,336,532,RGB,
unclean,autobus,unclean/autobus/209489102.jpg,.jpg,True,340,448,RGB,
unclean,autobus,unclean/autobus/210000620.jpg,.jpg,True,371,448,RGB,
unclean,autobus,unclean/autobus/210100636.jpg,.jpg,True,198,264,RGB,
unclean,autobus,unclean/autobus/210108251.jpg,.jpg,True,195,252,RGB,
unclean,autobus,unclean/autobus/210452880.jpg,.jpg,True,353,448,RGB,
unclean,autobus,unclean/autobus/210750784.jpg,.jpg,True,362,431,RGB,
unclean,autobus,unclean/autobus/210758346.jpg,.jpg,True,346,448,RGB,
unclean,autobus,unclean/autobus/210882256.jpg,.jpg,True,365,448,RGB,
unclean,autobus,unclean/autobus/210955520.jpg,.jpg,True,404,450,RGB,
unclean,autobus,unclean/autobus/211425528.jpg,.jpg,True,355,448,RGB,
unclean,autobus,unclean/autobus/211954710.jpg,.jpg,True,210,276,RGB,
unclean,autobus,unclean/autobus/212025778.jpg,.jpg,True,156,216,RGB,
unclean,autobus,unclean/autobus/212199633.jpg,.jpg,True,195,264,RGB,
unclean,autobus,unclean/autobus/212480589.jpg,.jpg,True,177,240,RGB,
unclean,autobus,unclean/autobus/212513253.jpg,.jpg,True,207,288,RGB,
unclean,autobus,unclean/autobus/212866341.jpg,.jpg,True,177,228,RGB,
unclean,autobus,unclean/autobus/213351498.jpg,.jpg,True,362,427,RGB,
unclean,autobus,unclean/autobus/213387462.jpg,.jpg,True,337,448,RGB,
unclean,autobus,unclean/autobus/213441216.jpg,.jpg,True,421,448,RGB,
unclean,autobus,unclean/autobus/213497548.jpg,.jpg,True,407,448,RGB,
unclean,autobus,unclean/autobus/213512673.jpg,.jpg,True,338,436,RGB,
unclean,autobus,unclean/autobus/213538203.jpg,.jpg,True,333,436,RGB,
unclean,autobus,unclean/autobus/214366235.jpg,.jpg,True,198,264,RGB,
unclean,autobus,unclean/autobus/214366241.jpg,.jpg,True,198,237,RGB,
unclean,autobus,unclean/autobus/214543193.jpg,.jpg,True,198,260,RGB,
unclean,autobus,unclean/autobus/214708296.jpg,.jpg,True,345,448,RGB,
unclean,autobus,unclean/autobus/214775316.jpg,.jpg,True,150,204,RGB,
unclean,autobus,unclean/autobus/214778708.jpg,.jpg,True,384,448,RGB,
unclean,autobus,unclean/autobus/214799092.jpg,.jpg,True,195,264,RGB,
unclean,autobus,unclean/autobus/215105897.jpg,.jpg,True,348,448,RGB,
unclean,autobus,unclean/autobus/215129619.jpg,.jpg,True,362,448,RGB,
unclean,autobus,unclean/autobus/215151704.jpg,.jpg,True,371,448,RGB,
unclean,autobus,unclean/autobus/215161403.jpg,.jpg,True,180,240,RGB,
unclean,autobus,unclean/autobus/215468137.jpg,.jpg,True,329,448,RGB,
unclean,autobus,unclean/autobus/215504509.jpg,.jpg,True,351,448,RGB,
unclean,autobus,unclean/autobus/215521655.jpg,.jpg,True,171,228,RGB,
unclean,autobus,unclean/autobus/215551069.jpg,.jpg,True,198,252,RGB,
unclean,autobus,unclean/autobus/215573481.jpg,.jpg,True,350,448,RGB,
unclean,autobus,unclean/autobus/215587537.jpg,.jpg,True,198,252,RGB,
unclean,autobus,unclean/autobus/215642404.jpg,.jpg,True,382,414,RGB,
unclean,autobus,unclean/autobus/215646286.jpg,.jpg,True,350,448,RGB,
unclean,autobus,unclean/autobus/215674095.jpg,.jpg,True,355,448,RGB,
unclean,autobus,unclean/autobus/215685399.jpg,.jpg,True,198,264,RGB,
unclean,autobus,unclean/autobus/215700578.jpg,.jpg,True,357,440,RGB,
unclean,autobus,unclean/autobus/215710729.jpg,.jpg,True,414,448,RGB,
unclean,autobus,unclean/autobus/215713565.jpg,.jpg,True,330,349,RGB,
unclean,autobus,unclean/autobus/215769366.jpg,.jpg,True,363,448,RGB,
unclean,autobus,unclean/autobus/215792010.jpg,.jpg,True,198,252,RGB,
unclean,autobus,unclean/autobus/215825871.jpg,.jpg,True,207,265,RGB,
unclean,autobus,unclean/autobus/215829949.jpg,.jpg,True,373,419,RGB,
unclean,autobus,unclean/autobus/215831614.jpg,.jpg,True,423,448,RGB,
unclean,autobus,unclean/autobus/215856085.jpg,.jpg,True,186,252,RGB,
unclean,autobus,unclean/autobus/215856791.jpg,.jpg,True,195,264,RGB,
unclean,autobus,unclean/autobus/215865757.jpg,.jpg,True,325,411,RGB,
unclean,autobus,unclean/autobus/215872433.jpg,.jpg,True,362,448,RGB,
unclean,autobus,unclean/autobus/215893121.jpg,.jpg,True,366,448,RGB,
unclean,autobus,unclean/autobus/215943907.jpg,.jpg,True,303,422,RGB,
unclean,autobus,unclean/autobus/215981206.jpg,.jpg,True,198,260,RGB,
unclean,autobus,unclean/autobus/215993552.jpg,.jpg,True,355,448,RGB,
unclean,autobus,unclean/autobus/215999914.jpg,.jpg,True,337,440,RGB,
unclean,autobus,unclean/autobus/216016488.jpg,.jpg,True,186,252,RGB,
unclean,autobus,unclean/autobus/216022475.jpg,.jpg,True,195,264,RGB,
unclean,autobus,unclean/autobus/216034928.jpg,.jpg,True,371,448,RGB,
unclean,autobus,unclean/autobus/216036079.jpg,.jpg,True,352,448,RGB,
unclean,autobus,unclean/autobus/216037448.jpg,.jpg,True,352,448,RGB,
unclean,autobus,unclean/autobus/216064635.jpg,.jpg,True,195,264,RGB,
unclean,autobus,unclean/autobus/216072125.jpg,.jpg,True,335,448,RGB,
unclean,autobus,unclean/autobus/216084543.jpg,.jpg,True,325,413,RGB,
unclean,autobus,unclean/autobus/216086020.jpg,.jpg,True,343,448,RGB,
unclean,autobus,unclean/autobus/216087654.jpg,.jpg,True,198,264,RGB,
unclean,autobus,unclean/autobus/216103002.jpg,.jpg,True,198,252,RGB,
unclean,autobus,unclean/autobus/216158622.jpg,.jpg,True,319,448,RGB,
unclean,autobus,unclean/autobus/216159953.jpg,.jpg,True,470,448,RGB,
unclean,autobus,unclean/autobus/216162374.jpg,.jpg,True,361,448,RGB,
unclean,autobus,unclean/autobus/216169980.jpg,.jpg,True,207,270,RGB,
unclean,autobus,unclean/autobus/216171296.jpg,.jpg,True,355,448,RGB,
unclean,autobus,unclean/autobus/216198078.jpg,.jpg,True,333,429,RGB,
unclean,autobus,unclean/autobus/216256289.jpg,.jpg,True,198,264,RGB,
unclean,autobus,unclean/autobus/216261915.jpg,.jpg,True,405,448,RGB,
unclean,autobus,unclean/autobus/216265509.jpg,.jpg,True,364,448,RGB,
unclean,autobus,unclean/autobus/216269810.jpg,.jpg,True,410,448,RGB,
unclean,autobus,unclean/autobus/216273878.jpg,.jpg,True,331,448,RGB,
unclean,autobus,unclean/autobus/216275103.jpg,.jpg,True,210,276,RGB,
unclean,autobus,unclean/autobus/216279911.jpg,.jpg,True,348,448,RGB,
unclean,autobus,unclean/autobus/216324107.jpg,.jpg,True,198,264,RGB,
unclean,autobus,unclean/autobus/216360643.jpg,.jpg,True,343,448,RGB,
unclean,autobus,unclean/autobus/216410090.jpg,.jpg,True,372,448,RGB,
unclean,autobus,unclean/autobus/216426389.jpg,.jpg,True,198,252,RGB,
unclean,autobus,unclean/autobus/216460431.jpg,.jpg,True,198,264,RGB,
unclean,autobus,unclean/autobus/216495787.jpg,.jpg,True,329,431,RGB,
unclean,autobus,unclean/autobus/216583468.jpg,.jpg,True,305,326,RGB,
unclean,autobus,unclean/autobus/216594094.jpg,.jpg,True,336,448,RGB,
unclean,autobus,unclean/autobus/216637123.jpg,.jpg,True,198,264,RGB,
unclean,autobus,unclean/autobus/216639197.jpg,.jpg,True,401,448,RGB,
unclean,autobus,unclean/autobus/216649816.jpg,.jpg,True,198,264,RGB,
unclean,autobus,unclean/autobus/216652655.jpg,.jpg,True,210,210,RGB,
unclean,autobus,unclean/autobus/216658438.jpg,.jpg,True,186,240,RGB,
unclean,autobus,unclean/autobus/216709950.jpg,.jpg,True,201,264,RGB,
unclean,autobus,unclean/autobus/216720717.jpg,.jpg,True,336,448,RGB,
unclean,autobus,unclean/autobus/216732326.jpg,.jpg,True,355,448,RGB,
unclean,autobus,unclean/autobus/216735885.jpg,.jpg,True,354,448,RGB,
unclean,autobus,unclean/autobus/216735981.jpg,.jpg,True,352,448,RGB,
unclean,autobus,unclean/autobus/216782041.jpg,.jpg,True,397,448,RGB,
unclean,autobus,unclean/autobus/216797922.jpg,.jpg,True,380,448,RGB,
unclean,autobus,unclean/autobus/216865540.jpg,.jpg,True,419,448,RGB,
unclean,autobus,unclean/autobus/216867892.jpg,.jpg,True,390,444,RGB,
unclean,autobus,unclean/autobus/216869309.jpg,.jpg,True,210,288,RGB,
unclean,autobus,unclean/autobus/216870701.jpg,.jpg,True,359,448,RGB,
unclean,autobus,unclean/autobus/216913762.jpg,.jpg,True,356,448,RGB,
unclean,autobus,unclean/autobus/216917990.jpg,.jpg,True,341,448,RGB,
unclean,autobus,unclean/autobus/216933271.jpg,.jpg,True,370,448,RGB,
unclean,autobus,unclean/autobus/216939494.jpg,.jpg,True,420,448,RGB,
unclean,autobus,unclean/autobus/216946438.jpg,.jpg,True,411,448,RGB,
unclean,autobus,unclean/autobus/216947203.jpg,.jpg,True,345,448,RGB,
unclean,autobus,unclean/autobus/216967854.jpg,.jpg,True,352,448,RGB,
unclean,autobus,unclean/autobus/216977351.jpg,.jpg,True,340,448,RGB,
unclean,autobus,unclean/autobus/217002020.jpg,.jpg,True,350,448,RGB,
unclean,autobus,unclean/autobus/217005583.jpg,.jpg,True,334,448,RGB,
unclean,autobus,unclean/autobus/217007082.jpg,.jpg,True,348,448,RGB,
unclean,autobus,unclean/autobus/217008884.jpg,.jpg,True,198,252,RGB,
unclean,autobus,unclean/autobus/217011802.jpg,.jpg,True,395,448,RGB,
unclean,autobus,unclean/autobus/217056270.jpg,.jpg,True,444,448,RGB,
unclean,autobus,unclean/autobus/217071340.jpg,.jpg,True,367,448,RGB,
unclean,autobus,unclean/autobus/217094566.jpg,.jpg,True,198,264,RGB,
unclean,autobus,unclean/autobus/217116492.jpg,.jpg,True,402,448,RGB,
unclean,autobus,unclean/autobus/217131284.jpg,.jpg,True,414,448,RGB,
unclean,autobus,unclean/autobus/217153827.jpg,.jpg,True,363,448,RGB,
unclean,autobus,unclean/autobus/217199412.jpg,.jpg,True,198,252,RGB,
unclean,autobus,unclean/autobus/217200065.jpg,.jpg,True,201,264,RGB,
unclean,autobus,unclean/autobus/217207859.jpg,.jpg,True,361,448,RGB,
unclean,autobus,unclean/autobus/217405807.jpg,.jpg,True,207,267,RGB,
unclean,autobus,unclean/autobus/217414585.jpg,.jpg,True,388,448,RGB,
unclean,autobus,unclean/autobus/217564030.jpg,.jpg,True,195,252,RGB,
unclean,autobus,unclean/autobus/217713976.jpg,.jpg,True,207,288,RGB,
unclean,autobus,unclean/autobus/217735260.jpg,.jpg,True,404,448,RGB,
unclean,autobus,unclean/autobus/217768428.jpg,.jpg,True,397,448,RGB,
unclean,autobus,unclean/autobus/217784847.jpg,.jpg,True,344,448,RGB,
unclean,autobus,unclean/autobus/217852671.jpg,.jpg,True,144,192,RGB,
unclean,autobus,unclean/autobus/217892348.jpg,.jpg,True,195,252,RGB,
unclean,autobus,unclean/autobus/217923117.jpg,.jpg,True,398,448,RGB,
unclean,autobus,unclean/autobus/217924220.jpg,.jpg,True,351,437,RGB,
unclean,autobus,unclean/autobus/217925813.jpg,.jpg,True,198,252,RGB,
unclean,autobus,unclean/autobus/217979622.jpg,.jpg,True,407,448,RGB,
unclean,autobus,unclean/autobus/217992551.jpg,.jpg,True,333,436,RGB,
unclean,autobus,unclean/autobus/217994375.jpg,.jpg,True,423,448,RGB,
unclean,autobus,unclean/autobus/217999361.jpg,.jpg,True,382,448,RGB,
unclean,autobus,unclean/autobus/218010594.jpg,.jpg,True,351,448,RGB,
unclean,autobus,unclean/autobus/218041355.jpg,.jpg,True,317,440,RGB,
unclean,autobus,unclean/autobus/218042517.jpg,.jpg,True,180,240,RGB,
unclean,autobus,unclean/autobus/218048879.jpg,.jpg,True,377,448,RGB,
unclean,autobus,unclean/autobus/218088953.jpg,.jpg,True,349,448,RGB,
unclean,autobus,unclean/autobus/218187113.jpg,.jpg,True,361,448,RGB,
unclean,autobus,unclean/autobus/218199792.jpg,.jpg,True,346,448,RGB,
unclean,autobus,unclean/autobus/218208038.jpg,.jpg,True,374,448,RGB,
unclean,autobus,unclean/autobus/218214929.jpg,.jpg,True,397,448,RGB,
unclean,autobus,unclean/autobus/218267459.jpg,.jpg,True,355,448,RGB,
unclean,autobus,unclean/autobus/218337345.jpg,.jpg,True,332,448,RGB,
unclean,autobus,unclean/autobus/218374242.jpg,.jpg,True,337,442,RGB,
unclean,autobus,unclean/autobus/218384939.jpg,.jpg,True,207,274,RGB,
unclean,autobus,unclean/autobus/218398681.jpg,.jpg,True,186,240,RGB,
unclean,autobus,unclean/autobus/218405806.jpg,.jpg,True,354,448,RGB,
unclean,autobus,unclean/autobus/218426058.jpg,.jpg,True,344,448,RGB,
unclean,autobus,unclean/autobus/218434288.jpg,.jpg,True,367,448,RGB,
unclean,autobus,unclean/autobus/218486197.jpg,.jpg,True,349,448,RGB,
unclean,autobus,unclean/autobus/218544249.jpg,.jpg,True,210,264,RGB,
unclean,autobus,unclean/autobus/218564482.jpg,.jpg,True,366,448,RGB,
unclean,autobus,unclean/autobus/218595025.jpg,.jpg,True,338,448,RGB,
unclean,autobus,unclean/autobus/218634883.jpg,.jpg,True,177,240,RGB,
unclean,autobus,unclean/autobus/218691159.jpg,.jpg,True,350,448,RGB,
unclean,autobus,unclean/autobus/218703717.jpg,.jpg,True,389,423,RGB,
unclean,autobus,unclean/autobus/218705074.jpg,.jpg,True,343,446,RGB,
unclean,autobus,unclean/autobus/218710860.jpg,.jpg,True,330,448,RGB,
unclean,autobus,unclean/autobus/218712334.jpg,.jpg,True,391,448,RGB,
unclean,autobus,unclean/autobus/218725809.jpg,.jpg,True,349,448,RGB,
unclean,autobus,unclean/autobus/218729799.jpg,.jpg,True,186,252,RGB,
unclean,autobus,unclean/autobus/218729996.jpg,.jpg,True,374,448,RGB,
unclean,autobus,unclean/autobus/218732478.jpg,.jpg,True,333,440,RGB,
unclean,autobus,unclean/autobus/218737467.jpg,.jpg,True,343,448,RGB,
unclean,autobus,unclean/autobus/218751068.jpg,.jpg,True,346,443,RGB,
unclean,autobus,unclean/autobus/218754987.jpg,.jpg,True,198,264,RGB,
unclean,autobus,unclean/autobus/218755990.jpg,.jpg,True,186,252,RGB,
unclean,autobus,unclean/autobus/218783127.jpg,.jpg,True,198,247,RGB,
unclean,autobus,unclean/autobus/218800911.jpg,.jpg,True,413,448,RGB,
unclean,autobus,unclean/autobus/218875399.jpg,.jpg,True,165,216,RGB,
unclean,autobus,unclean/autobus/218900005.jpg,.jpg,True,363,448,RGB,
unclean,autobus,unclean/autobus/218905236.jpg,.jpg,True,339,448,RGB,
unclean,autobus,unclean/autobus/218905897.jpg,.jpg,True,345,448,RGB,
unclean,autobus,unclean/autobus/218907601.jpg,.jpg,True,355,448,RGB,
unclean,autobus,unclean/autobus/218932712.jpg,.jpg,True,335,448,RGB,
unclean,autobus,unclean/autobus/218933062.jpg,.jpg,True,337,448,RGB,
unclean,autobus,unclean/autobus/218939231.jpg,.jpg,True,168,228,RGB,
unclean,autobus,unclean/autobus/218955741.jpg,.jpg,True,358,448,RGB,
unclean,autobus,unclean/autobus/218962057.jpg,.jpg,True,346,427,RGB,
unclean,autobus,unclean/autobus/218988618.jpg,.jpg,True,364,448,RGB,
unclean,autobus,unclean/autobus/219027510.jpg,.jpg,True,359,448,RGB,
unclean,autobus,unclean/autobus/219055285.jpg,.jpg,True,198,252,RGB,
unclean,autobus,unclean/autobus/219067267.jpg,.jpg,True,189,252,RGB,
unclean,kamyun,unclean/kamyun/192927834.jpg,.jpg,True,387,440,RGB,
unclean,kamyun,unclean/kamyun/193072517.jpg,.jpg,True,368,326,RGB,
unclean,kamyun,unclean/kamyun/193873079.jpg,.jpg,True,271,223,RGB,
unclean,kamyun,unclean/kamyun/194253735.jpg,.jpg,True,376,440,RGB,
unclean,kamyun,unclean/kamyun/194273205.jpg,.jpg,True,213,206,RGB,
unclean,kamyun,unclean/kamyun/195660529.jpg,.jpg,True,396,391,RGB,
unclean,kamyun,unclean/kamyun/196417710.jpg,.jpg,True,330,389,RGB,
unclean,kamyun,unclean/kamyun/196424170.jpg,.jpg,True,333,368,RGB,
unclean,kamyun,unclean/kamyun/197203445.jpg,.jpg,True,323,317,RGB,
unclean,kamyun,unclean/kamyun/198181313.jpg,.jpg,True,422,424,RGB,
unclean,kamyun,unclean/kamyun/198248492.jpg,.jpg,True,348,330,RGB,
unclean,kamyun,unclean/kamyun/198280548.jpg,.jpg,True,407,342,RGB,
unclean,kamyun,unclean/kamyun/198440602.jpg,.jpg,True,340,425,RGB,
unclean,kamyun,unclean/kamyun/198461875.jpg,.jpg,True,324,393,RGB,
unclean,kamyun,unclean/kamyun/198657567.jpg,.jpg,True,347,300,RGB,
unclean,kamyun,unclean/kamyun/198714516.jpg,.jpg,True,338,408,RGB,
unclean,kamyun,unclean/kamyun/199575055.jpg,.jpg,True,317,372,RGB,
unclean,kamyun,unclean/kamyun/199605657.jpg,.jpg,True,298,431,RGB,
unclean,kamyun,unclean/kamyun/199636802.jpg,.jpg,True,351,379,RGB,
unclean,kamyun,unclean/kamyun/200457547.jpg,.jpg,True,298,396,RGB,
unclean,kamyun,unclean/kamyun/201501771.jpg,.jpg,True,358,397,RGB,
unclean,kamyun,unclean/kamyun/202364275.jpg,.jpg,True,375,312,RGB,
unclean,kamyun,unclean/kamyun/203161511.jpg,.jpg,True,318,346,RGB,
unclean,kamyun,unclean/kamyun/205327106.jpg,.jpg,True,347,427,RGB,
unclean,kamyun,unclean/kamyun/205439945.jpg,.jpg,True,353,339,RGB,
unclean,kamyun,unclean/kamyun/205904567.jpg,.jpg,True,318,450,RGB,
unclean,kamyun,unclean/kamyun/206728823.jpg,.jpg,True,282,355,RGB,
unclean,kamyun,unclean/kamyun/206812424.jpg,.jpg,True,286,350,RGB,
unclean,kamyun,unclean/kamyun/207936351.jpg,.jpg,True,353,421,RGB,
unclean,kamyun,unclean/kamyun/208307172.jpg,.jpg,True,336,442,RGB,
unclean,kamyun,unclean/kamyun/209332179.jpg,.jpg,True,189,245,RGB,
unclean,kamyun,unclean/kamyun/209576488.jpg,.jpg,True,176,228,RGB,
unclean,kamyun,unclean/kamyun/209981626.jpg,.jpg,True,367,429,RGB,
unclean,kamyun,unclean/kamyun/210254715.jpg,.jpg,True,330,400,RGB,
unclean,kamyun,unclean/kamyun/210778693.jpg,.jpg,True,311,391,RGB,
unclean,kamyun,unclean/kamyun/211010019.jpg,.jpg,True,287,409,RGB,
unclean,kamyun,unclean/kamyun/211410411.jpg,.jpg,True,296,311,RGB,
unclean,kamyun,unclean/kamyun/212008183.jpg,.jpg,True,333,871,RGB,
unclean,kamyun,unclean/kamyun/212492339.jpg,.jpg,True,177,228,RGB,
unclean,kamyun,unclean/kamyun/212511089.jpg,.jpg,True,210,276,RGB,
unclean,kamyun,unclean/kamyun/212564070.jpg,.jpg,True,198,263,RGB,
unclean,kamyun,unclean/kamyun/213331158.jpg,.jpg,True,401,448,RGB,
unclean,kamyun,unclean/kamyun/213750078.jpg,.jpg,True,351,448,RGB,
unclean,kamyun,unclean/kamyun/213879581.jpg,.jpg,True,468,587,RGB,
unclean,kamyun,unclean/kamyun/214034569.jpg,.jpg,True,198,252,RGB,
unclean,kamyun,unclean/kamyun/214288744.jpg,.jpg,True,171,228,RGB,
unclean,kamyun,unclean/kamyun/214493117.jpg,.jpg,True,198,264,RGB,
unclean,kamyun,unclean/kamyun/214632229.jpg,.jpg,True,169,263,RGB,
unclean,kamyun,unclean/kamyun/214646142.jpg,.jpg,True,207,263,RGB,
unclean,kamyun,unclean/kamyun/214822567.jpg,.jpg,True,207,264,RGB,
unclean,kamyun,unclean/kamyun/215406388.jpg,.jpg,True,327,404,RGB,
unclean,kamyun,unclean/kamyun/215416939.jpg,.jpg,True,306,448,RGB,
unclean,kamyun,unclean/kamyun/215435203.jpg,.jpg,True,195,264,RGB,
unclean,kamyun,unclean/kamyun/215545975.jpg,.jpg,True,340,448,RGB,
unclean,kamyun,unclean/kamyun/215581956.jpg,.jpg,True,355,331,RGB,
unclean,kamyun,unclean/kamyun/215657122.jpg,.jpg,True,302,380,RGB,
unclean,kamyun,unclean/kamyun/215675761.jpg,.jpg,True,332,435,RGB,
unclean,kamyun,unclean/kamyun/215678322.jpg,.jpg,True,291,415,RGB,
unclean,kamyun,unclean/kamyun/215686425.jpg,.jpg,True,367,448,RGB,
unclean,kamyun,unclean/kamyun/215696402.jpg,.jpg,True,347,409,RGB,
unclean,kamyun,unclean/kamyun/215697977.jpg,.jpg,True,278,369,RGB,
unclean,kamyun,unclean/kamyun/215704325.jpg,.jpg,True,353,416,RGB,
unclean,kamyun,unclean/kamyun/215743151.jpg,.jpg,True,327,448,RGB,
unclean,kamyun,unclean/kamyun/215762954.jpg,.jpg,True,329,448,RGB,
unclean,kamyun,unclean/kamyun/215798585.jpg,.jpg,True,156,204,RGB,
unclean,kamyun,unclean/kamyun/215807286.jpg,.jpg,True,324,396,RGB,
unclean,kamyun,unclean/kamyun/215809652.jpg,.jpg,True,351,448,RGB,
unclean,kamyun,unclean/kamyun/215816828.jpg,.jpg,True,281,343,RGB,
unclean,kamyun,unclean/kamyun/215829124.jpg,.jpg,True,198,252,RGB,
unclean,kamyun,unclean/kamyun/215894307.jpg,.jpg,True,353,448,RGB,
unclean,kamyun,unclean/kamyun/215897723.jpg,.jpg,True,304,448,RGB,
unclean,kamyun,unclean/kamyun/215908637.jpg,.jpg,True,198,252,RGB,
unclean,kamyun,unclean/kamyun/215910955.jpg,.jpg,True,313,372,RGB,
unclean,kamyun,unclean/kamyun/215943238.jpg,.jpg,True,311,448,RGB,
unclean,kamyun,unclean/kamyun/215956539.jpg,.jpg,True,359,432,RGB,
unclean,kamyun,unclean/kamyun/215958562.jpg,.jpg,True,466,970,RGB,
unclean,kamyun,unclean/kamyun/215969701.jpg,.jpg,True,198,264,RGB,
unclean,kamyun,unclean/kamyun/215976288.jpg,.jpg,True,321,448,RGB,
unclean,kamyun,unclean/kamyun/215987359.jpg,.jpg,True,177,238,RGB,
unclean,kamyun,unclean/kamyun/215994997.jpg,.jpg,True,336,448,RGB,
unclean,kamyun,unclean/kamyun/216019497.jpg,.jpg,True,318,412,RGB,
unclean,kamyun,unclean/kamyun/216023198.jpg,.jpg,True,339,448,RGB,
unclean,kamyun,unclean/kamyun/216025066.jpg,.jpg,True,361,359,RGB,
unclean,kamyun,unclean/kamyun/216033092.jpg,.jpg,True,354,448,RGB,
unclean,kamyun,unclean/kamyun/216037426.jpg,.jpg,True,345,448,RGB,
unclean,kamyun,unclean/kamyun/216044993.jpg,.jpg,True,198,260,RGB,
unclean,kamyun,unclean/kamyun/216047322.jpg,.jpg,True,302,295,RGB,
unclean,kamyun,unclean/kamyun/216055748.jpg,.jpg,True,338,420,RGB,
unclean,kamyun,unclean/kamyun/216061754.jpg,.jpg,True,262,257,RGB,
unclean,kamyun,unclean/kamyun/216073290.jpg,.jpg,True,373,424,RGB,
unclean,kamyun,unclean/kamyun/216087919.jpg,.jpg,True,399,448,RGB,
unclean,kamyun,unclean/kamyun/216104141.jpg,.jpg,True,278,358,RGB,
unclean,kamyun,unclean/kamyun/216108515.jpg,.jpg,True,331,444,RGB,
unclean,kamyun,unclean/kamyun/216144484.jpg,.jpg,True,321,407,RGB,
unclean,kamyun,unclean/kamyun/216147957.jpg,.jpg,True,189,210,RGB,
unclean,kamyun,unclean/kamyun/216165956.jpg,.jpg,True,309,424,RGB,
unclean,kamyun,unclean/kamyun/216204473.jpg,.jpg,True,351,429,RGB,
unclean,kamyun,unclean/kamyun/216211899.jpg,.jpg,True,355,448,RGB,
unclean,kamyun,unclean/kamyun/216212208.jpg,.jpg,True,360,365,RGB,
unclean,kamyun,unclean/kamyun/216231496.jpg,.jpg,True,287,433,RGB,
unclean,kamyun,unclean/kamyun/216324458.jpg,.jpg,True,304,316,RGB,
unclean,kamyun,unclean/kamyun/216328900.jpg,.jpg,True,198,264,RGB,
unclean,kamyun,unclean/kamyun/216353860.jpg,.jpg,True,336,444,RGB,
unclean,kamyun,unclean/kamyun/216393221.jpg,.jpg,True,210,256,RGB,
unclean,kamyun,unclean/kamyun/216410031.jpg,.jpg,True,354,405,RGB,
unclean,kamyun,unclean/kamyun/216422242.jpg,.jpg,True,316,408,RGB,
unclean,kamyun,unclean/kamyun/216427325.jpg,.jpg,True,198,264,RGB,
unclean,kamyun,unclean/kamyun/216434062.jpg,.jpg,True,198,251,RGB,
unclean,kamyun,unclean/kamyun/216454111.jpg,.jpg,True,326,414,RGB,
unclean,kamyun,unclean/kamyun/216456908.jpg,.jpg,True,314,448,RGB,
unclean,kamyun,unclean/kamyun/216484088.jpg,.jpg,True,198,264,RGB,
unclean,kamyun,unclean/kamyun/216533545.jpg,.jpg,True,325,417,RGB,
unclean,kamyun,unclean/kamyun/216536045.jpg,.jpg,True,329,403,RGB,
unclean,kamyun,unclean/kamyun/216537889.jpg,.jpg,True,323,402,RGB,
unclean,kamyun,unclean/kamyun/216560083.jpg,.jpg,True,338,388,RGB,
unclean,kamyun,unclean/kamyun/216560895.jpg,.jpg,True,343,420,RGB,
unclean,kamyun,unclean/kamyun/216568882.jpg,.jpg,True,309,408,RGB,
unclean,kamyun,unclean/kamyun/216596453.jpg,.jpg,True,265,307,RGB,
unclean,kamyun,unclean/kamyun/216616423.jpg,.jpg,True,207,268,RGB,
unclean,kamyun,unclean/kamyun/216637785.jpg,.jpg,True,210,210,RGB,
unclean,kamyun,unclean/kamyun/216647985.jpg,.jpg,True,329,434,RGB,
unclean,kamyun,unclean/kamyun/216648052.jpg,.jpg,True,312,401,RGB,
unclean,kamyun,unclean/kamyun/216677011.jpg,.jpg,True,349,448,RGB,
unclean,kamyun,unclean/kamyun/216739511.jpg,.jpg,True,349,398,RGB,
unclean,kamyun,unclean/kamyun/216768621.jpg,.jpg,True,317,421,RGB,
unclean,kamyun,unclean/kamyun/216797255.jpg,.jpg,True,322,448,RGB,
unclean,kamyun,unclean/kamyun/216849455.jpg,.jpg,True,351,332,RGB,
unclean,kamyun,unclean/kamyun/216854596.jpg,.jpg,True,323,448,RGB,
unclean,kamyun,unclean/kamyun/216864895.jpg,.jpg,True,331,402,RGB,
unclean,kamyun,unclean/kamyun/216891505.jpg,.jpg,True,358,423,RGB,
unclean,kamyun,unclean/kamyun/216926294.jpg,.jpg,True,198,252,RGB,
unclean,kamyun,unclean/kamyun/216962905.jpg,.jpg,True,311,426,RGB,
unclean,kamyun,unclean/kamyun/217000647.jpg,.jpg,True,210,254,RGB,
unclean,kamyun,unclean/kamyun/217050719.jpg,.jpg,True,339,423,RGB,
unclean,kamyun,unclean/kamyun/217066957.jpg,.jpg,True,389,448,RGB,
unclean,kamyun,unclean/kamyun/217070577.jpg,.jpg,True,304,333,RGB,
unclean,kamyun,unclean/kamyun/217072267.jpg,.jpg,True,325,401,RGB,
unclean,kamyun,unclean/kamyun/217114315.jpg,.jpg,True,424,448,RGB,
unclean,kamyun,unclean/kamyun/217183554.jpg,.jpg,True,330,442,RGB,
unclean,kamyun,unclean/kamyun/217187069.jpg,.jpg,True,374,413,RGB,
unclean,kamyun,unclean/kamyun/217190222.jpg,.jpg,True,354,412,RGB,
unclean,kamyun,unclean/kamyun/217273409.jpg,.jpg,True,342,382,RGB,
unclean,kamyun,unclean/kamyun/217309460.jpg,.jpg,True,162,216,RGB,
unclean,kamyun,unclean/kamyun/217368931.jpg,.jpg,True,189,238,RGB,
unclean,kamyun,unclean/kamyun/217382212.jpg,.jpg,True,327,448,RGB,
unclean,kamyun,unclean/kamyun/217393780.jpg,.jpg,True,338,344,RGB,
unclean,kamyun,unclean/kamyun/217433211.jpg,.jpg,True,400,404,RGB,
unclean,kamyun,unclean/kamyun/217634183.jpg,.jpg,True,195,264,RGB,
unclean,kamyun,unclean/kamyun/217694641.jpg,.jpg,True,198,255,RGB,
unclean,kamyun,unclean/kamyun/217832581.jpg,.jpg,True,330,443,RGB,
unclean,kamyun,unclean/kamyun/217892920.jpg,.jpg,True,297,363,RGB,
unclean,kamyun,unclean/kamyun/217903362.jpg,.jpg,True,150,204,RGB,
unclean,kamyun,unclean/kamyun/217922047.jpg,.jpg,True,320,407,RGB,
unclean,kamyun,unclean/kamyun/217940022.jpg,.jpg,True,322,406,RGB,
unclean,kamyun,unclean/kamyun/217967481.jpg,.jpg,True,332,325,RGB,
unclean,kamyun,unclean/kamyun/217989700.jpg,.jpg,True,186,252,RGB,
unclean,kamyun,unclean/kamyun/217998174.jpg,.jpg,True,318,439,RGB,
unclean,kamyun,unclean/kamyun/218028621.jpg,.jpg,True,345,448,RGB,
unclean,kamyun,unclean/kamyun/218036546.jpg,.jpg,True,210,276,RGB,
unclean,kamyun,unclean/kamyun/218039449.jpg,.jpg,True,334,413,RGB,
unclean,kamyun,unclean/kamyun/218097257.jpg,.jpg,True,138,180,RGB,
unclean,kamyun,unclean/kamyun/218134792.jpg,.jpg,True,315,411,RGB,
unclean,kamyun,unclean/kamyun/218151052.jpg,.jpg,True,371,446,RGB,
unclean,kamyun,unclean/kamyun/218163443.jpg,.jpg,True,186,252,RGB,
unclean,kamyun,unclean/kamyun/218164341.jpg,.jpg,True,360,448,RGB,
unclean,kamyun,unclean/kamyun/218182764.jpg,.jpg,True,198,258,RGB,
unclean,kamyun,unclean/kamyun/218199412.jpg,.jpg,True,354,448,RGB,
unclean,kamyun,unclean/kamyun/218206526.jpg,.jpg,True,180,228,RGB,
unclean,kamyun,unclean/kamyun/218208780.jpg,.jpg,True,384,448,RGB,
unclean,kamyun,unclean/kamyun/218259112.jpg,.jpg,True,210,265,RGB,
unclean,kamyun,unclean/kamyun/218330500.jpg,.jpg,True,207,276,RGB,
unclean,kamyun,unclean/kamyun/218342110.jpg,.jpg,True,315,374,RGB,
unclean,kamyun,unclean/kamyun/218342823.jpg,.jpg,True,370,391,RGB,
unclean,kamyun,unclean/kamyun/218381430.jpg,.jpg,True,186,252,RGB,
unclean,kamyun,unclean/kamyun/218384709.jpg,.jpg,True,312,358,RGB,
unclean,kamyun,unclean/kamyun/218432185.jpg,.jpg,True,328,389,RGB,
unclean,kamyun,unclean/kamyun/218492318.jpg,.jpg,True,351,448,RGB,
unclean,kamyun,unclean/kamyun/218559449.jpg,.jpg,True,201,252,RGB,
unclean,kamyun,unclean/kamyun/218560204.jpg,.jpg,True,303,408,RGB,
unclean,kamyun,unclean/kamyun/218568954.jpg,.jpg,True,352,316,RGB,
unclean,kamyun,unclean/kamyun/218572201.jpg,.jpg,True,171,228,RGB,
unclean,kamyun,unclean/kamyun/218572695.jpg,.jpg,True,360,368,RGB,
unclean,kamyun,unclean/kamyun/218576473.jpg,.jpg,True,312,433,RGB,
unclean,kamyun,unclean/kamyun/218596968.jpg,.jpg,True,322,411,RGB,
unclean,kamyun,unclean/kamyun/218601432.jpg,.jpg,True,337,408,RGB,
unclean,kamyun,unclean/kamyun/218609300.jpg,.jpg,True,207,276,RGB,
unclean,kamyun,unclean/kamyun/218639875.jpg,.jpg,True,363,448,RGB,
unclean,kamyun,unclean/kamyun/218642439.jpg,.jpg,True,341,355,RGB,
unclean,kamyun,unclean/kamyun/218666415.jpg,.jpg,True,328,392,RGB,
unclean,kamyun,unclean/kamyun/218685223.jpg,.jpg,True,321,422,RGB,
unclean,kamyun,unclean/kamyun/218689825.jpg,.jpg,True,360,448,RGB,
unclean,kamyun,unclean/kamyun/218696889.jpg,.jpg,True,345,448,RGB,
unclean,kamyun,unclean/kamyun/218699915.jpg,.jpg,True,189,252,RGB,
unclean,kamyun,unclean/kamyun/218715737.jpg,.jpg,True,329,448,RGB,
unclean,kamyun,unclean/kamyun/218716781.jpg,.jpg,True,357,431,RGB,
unclean,kamyun,unclean/kamyun/218720713.jpg,.jpg,True,150,204,RGB,
unclean,kamyun,unclean/kamyun/218720842.jpg,.jpg,True,303,421,RGB,
unclean,kamyun,unclean/kamyun/218721747.jpg,.jpg,True,339,448,RGB,
unclean,kamyun,unclean/kamyun/218723246.jpg,.jpg,True,344,385,RGB,
unclean,kamyun,unclean/kamyun/218755560.jpg,.jpg,True,310,413,RGB,
unclean,kamyun,unclean/kamyun/218771525.jpg,.jpg,True,330,386,RGB,
unclean,kamyun,unclean/kamyun/218795910.jpg,.jpg,True,336,413,RGB,
unclean,kamyun,unclean/kamyun/218800079.jpg,.jpg,True,316,425,RGB,
unclean,kamyun,unclean/kamyun/218830724.jpg,.jpg,True,380,448,RGB,
unclean,kamyun,unclean/kamyun/218849140.jpg,.jpg,True,301,412,RGB,
unclean,kamyun,unclean/kamyun/218860925.jpg,.jpg,True,334,401,RGB,
unclean,kamyun,unclean/kamyun/218877388.jpg,.jpg,True,298,414,RGB,
unclean,kamyun,unclean/kamyun/218906408.jpg,.jpg,True,180,252,RGB,
unclean,kamyun,unclean/kamyun/218913056.jpg,.jpg,True,296,374,RGB,
unclean,kamyun,unclean/kamyun/218915243.jpg,.jpg,True,287,431,RGB,
unclean,kamyun,unclean/kamyun/218916372.jpg,.jpg,True,311,406,RGB,
unclean,kamyun,unclean/kamyun/218927452.jpg,.jpg,True,322,448,RGB,
unclean,kamyun,unclean/kamyun/218931656.jpg,.jpg,True,177,240,RGB,
unclean,kamyun,unclean/kamyun/218942767.jpg,.jpg,True,177,240,RGB,
unclean,kamyun,unclean/kamyun/218951797.jpg,.jpg,True,271,383,RGB,
unclean,kamyun,unclean/kamyun/218972010.jpg,.jpg,True,395,448,RGB,
unclean,kamyun,unclean/kamyun/218978195.jpg,.jpg,True,300,356,RGB,
unclean,kamyun,unclean/kamyun/218981964.jpg,.jpg,True,379,448,RGB,
unclean,kamyun,unclean/kamyun/218983235.jpg,.jpg,True,320,395,RGB,
unclean,kamyun,unclean/kamyun/218984838.jpg,.jpg,True,290,377,RGB,
unclean,kamyun,unclean/kamyun/218988535.jpg,.jpg,True,349,362,RGB,
unclean,kamyun,unclean/kamyun/218990997.jpg,.jpg,True,294,395,RGB,
unclean,kamyun,unclean/kamyun/218994039.jpg,.jpg,True,348,448,RGB,
unclean,kamyun,unclean/kamyun/219012783.jpg,.jpg,True,311,418,RGB,
unclean,kamyun,unclean/kamyun/219050932.jpg,.jpg,True,254,331,RGB,
unclean,kamyun,unclean/kamyun/219057807.jpg,.jpg,True,304,418,RGB,
unclean,kamyun,unclean/kamyun/219084652.jpg,.jpg,True,243,336,RGB,
unclean,kamyun,unclean/kamyun/219108317.jpg,.jpg,True,269,394,RGB,
unclean,kamyun,unclean/kamyun/219121462.jpg,.jpg,True,239,388,RGB,
unclean,kamyunet,unclean/kamyunet/193558761.jpg,.jpg,True,308,310,RGB,
unclean,kamyunet,unclean/kamyunet/193903806.jpg,.jpg,True,317,370,RGB,
unclean,kamyunet,unclean/kamyunet/194270924.jpg,.jpg,True,347,326,RGB,
unclean,kamyunet,unclean/kamyunet/194280486.jpg,.jpg,True,330,377,RGB,
unclean,kamyunet,unclean/kamyunet/194484076.jpg,.jpg,True,266,230,RGB,
unclean,kamyunet,unclean/kamyunet/195416036.jpg,.jpg,True,284,314,RGB,
unclean,kamyunet,unclean/kamyunet/195578789.jpg,.jpg,True,306,222,RGB,
unclean,kamyunet,unclean/kamyunet/195898713.jpg,.jpg,True,356,402,RGB,
unclean,kamyunet,unclean/kamyunet/195918838.jpg,.jpg,True,268,281,RGB,
unclean,kamyunet,unclean/kamyunet/196513453.jpg,.jpg,True,340,387,RGB,
unclean,kamyunet,unclean/kamyunet/197132093.jpg,.jpg,True,320,346,RGB,
unclean,kamyunet,unclean/kamyunet/197504981.jpg,.jpg,True,275,304,RGB,
unclean,kamyunet,unclean/kamyunet/198068040.jpg,.jpg,True,248,215,RGB,
unclean,kamyunet,unclean/kamyunet/198111935.jpg,.jpg,True,276,317,RGB,
unclean,kamyunet,unclean/kamyunet/198158463.jpg,.jpg,True,313,404,RGB,
unclean,kamyunet,unclean/kamyunet/198243942.jpg,.jpg,True,276,301,RGB,
unclean,kamyunet,unclean/kamyunet/198264037.jpg,.jpg,True,311,380,RGB,
unclean,kamyunet,unclean/kamyunet/198330600.jpg,.jpg,True,289,306,RGB,
unclean,kamyunet,unclean/kamyunet/198385201.jpg,.jpg,True,268,272,RGB,
unclean,kamyunet,unclean/kamyunet/198425102.jpg,.jpg,True,290,247,RGB,
unclean,kamyunet,unclean/kamyunet/198465540.jpg,.jpg,True,247,286,RGB,
unclean,kamyunet,unclean/kamyunet/198991559.jpg,.jpg,True,300,278,RGB,
unclean,kamyunet,unclean/kamyunet/199184462.jpg,.jpg,True,275,293,RGB,
unclean,kamyunet,unclean/kamyunet/199279799.jpg,.jpg,True,208,205,RGB,
unclean,kamyunet,unclean/kamyunet/199375942.jpg,.jpg,True,304,292,RGB,
unclean,kamyunet,unclean/kamyunet/199637722.jpg,.jpg,True,257,274,RGB,
unclean,kamyunet,unclean/kamyunet/199946768.jpg,.jpg,True,299,292,RGB,
unclean,kamyunet,unclean/kamyunet/202209206.jpg,.jpg,True,259,297,RGB,
unclean,kamyunet,unclean/kamyunet/202409039.jpg,.jpg,True,353,578,RGB,
unclean,kamyunet,unclean/kamyunet/202540223.jpg,.jpg,True,295,360,RGB,
unclean,kamyunet,unclean/kamyunet/203426119.jpg,.jpg,True,262,345,RGB,
unclean,kamyunet,unclean/kamyunet/204597188.jpg,.jpg,True,294,327,RGB,
unclean,kamyunet,unclean/kamyunet/205243013.jpg,.jpg,True,289,273,RGB,
unclean,kamyunet,unclean/kamyunet/205437377.jpg,.jpg,True,280,459,RGB,
unclean,kamyunet,unclean/kamyunet/206862339.jpg,.jpg,True,289,316,RGB,
unclean,kamyunet,unclean/kamyunet/207076419.jpg,.jpg,True,329,419,RGB,
unclean,kamyunet,unclean/kamyunet/207502063.jpg,.jpg,True,284,400,RGB,
unclean,kamyunet,unclean/kamyunet/207598810.jpg,.jpg,True,284,373,RGB,
unclean,kamyunet,unclean/kamyunet/208424445.jpg,.jpg,True,303,457,RGB,
unclean,kamyunet,unclean/kamyunet/209517188.jpg,.jpg,True,278,380,RGB,
unclean,kamyunet,unclean/kamyunet/209845919.jpg,.jpg,True,296,381,RGB,
unclean,kamyunet,unclean/kamyunet/209859136.jpg,.jpg,True,141,240,RGB,
unclean,kamyunet,unclean/kamyunet/210034335.jpg,.jpg,True,266,324,RGB,
unclean,kamyunet,unclean/kamyunet/210107304.jpg,.jpg,True,198,252,RGB,
unclean,kamyunet,unclean/kamyunet/210122932.jpg,.jpg,True,156,216,RGB,
unclean,kamyunet,unclean/kamyunet/211524213.jpg,.jpg,True,279,387,RGB,
unclean,kamyunet,unclean/kamyunet/211723634.jpg,.jpg,True,195,264,RGB,
unclean,kamyunet,unclean/kamyunet/212082731.jpg,.jpg,True,186,240,RGB,
unclean,kamyunet,unclean/kamyunet/212165742.jpg,.jpg,True,147,192,RGB,
unclean,kamyunet,unclean/kamyunet/212169487.jpg,.jpg,True,189,252,RGB,
unclean,kamyunet,unclean/kamyunet/212295113.jpg,.jpg,True,210,268,RGB,
unclean,kamyunet,unclean/kamyunet/212708966.jpg,.jpg,True,304,448,RGB,
unclean,kamyunet,unclean/kamyunet/212722682.jpg,.jpg,True,210,268,RGB,
unclean,kamyunet,unclean/kamyunet/212746296.jpg,.jpg,True,274,367,RGB,
unclean,kamyunet,unclean/kamyunet/212916835.jpg,.jpg,True,180,240,RGB,
unclean,kamyunet,unclean/kamyunet/213234314.jpg,.jpg,True,320,305,RGB,
unclean,kamyunet,unclean/kamyunet/213270925.jpg,.jpg,True,302,268,RGB,
unclean,kamyunet,unclean/kamyunet/213506255.jpg,.jpg,True,307,404,RGB,
unclean,kamyunet,unclean/kamyunet/213511840.jpg,.jpg,True,274,389,RGB,
unclean,kamyunet,unclean/kamyunet/213627127.jpg,.jpg,True,186,252,RGB,
unclean,kamyunet,unclean/kamyunet/213853081.jpg,.jpg,True,297,432,RGB,
unclean,kamyunet,unclean/kamyunet/214048005.jpg,.jpg,True,283,351,RGB,
unclean,kamyunet,unclean/kamyunet/214105935.jpg,.jpg,True,198,264,RGB,
unclean,kamyunet,unclean/kamyunet/214283248.jpg,.jpg,True,269,388,RGB,
unclean,kamyunet,unclean/kamyunet/214357757.jpg,.jpg,True,222,280,RGB,
unclean,kamyunet,unclean/kamyunet/214359092.jpg,.jpg,True,198,256,RGB,
unclean,kamyunet,unclean/kamyunet/214490121.jpg,.jpg,True,315,404,RGB,
unclean,kamyunet,unclean/kamyunet/214490765.jpg,.jpg,True,267,337,RGB,
unclean,kamyunet,unclean/kamyunet/214493265.jpg,.jpg,True,201,252,RGB,
unclean,kamyunet,unclean/kamyunet/214731512.jpg,.jpg,True,138,192,RGB,
unclean,kamyunet,unclean/kamyunet/214806720.jpg,.jpg,True,198,252,RGB,
unclean,kamyunet,unclean/kamyunet/214956940.jpg,.jpg,True,156,204,RGB,
unclean,kamyunet,unclean/kamyunet/214962809.jpg,.jpg,True,198,276,RGB,
unclean,kamyunet,unclean/kamyunet/215100998.jpg,.jpg,True,144,192,RGB,
unclean,kamyunet,unclean/kamyunet/215144561.jpg,.jpg,True,292,339,RGB,
unclean,kamyunet,unclean/kamyunet/215181817.jpg,.jpg,True,186,252,RGB,
unclean,kamyunet,unclean/kamyunet/215183315.jpg,.jpg,True,285,314,RGB,
unclean,kamyunet,unclean/kamyunet/215298296.jpg,.jpg,True,198,264,RGB,
unclean,kamyunet,unclean/kamyunet/215318772.jpg,.jpg,True,322,408,RGB,
unclean,kamyunet,unclean/kamyunet/215569155.jpg,.jpg,True,272,375,RGB,
unclean,kamyunet,unclean/kamyunet/215576573.jpg,.jpg,True,307,401,RGB,
unclean,kamyunet,unclean/kamyunet/215579018.jpg,.jpg,True,189,240,RGB,
unclean,kamyunet,unclean/kamyunet/215628593.jpg,.jpg,True,266,253,RGB,
unclean,kamyunet,unclean/kamyunet/215647485.jpg,.jpg,True,156,204,RGB,
unclean,kamyunet,unclean/kamyunet/215676546.jpg,.jpg,True,294,328,RGB,
unclean,kamyunet,unclean/kamyunet/215715240.jpg,.jpg,True,310,346,RGB,
unclean,kamyunet,unclean/kamyunet/215724393.jpg,.jpg,True,309,351,RGB,
unclean,kamyunet,unclean/kamyunet/215726793.jpg,.jpg,True,295,430,RGB,
unclean,kamyunet,unclean/kamyunet/215739554.jpg,.jpg,True,378,413,RGB,
unclean,kamyunet,unclean/kamyunet/215772684.jpg,.jpg,True,283,379,RGB,
unclean,kamyunet,unclean/kamyunet/215805277.jpg,.jpg,True,198,252,RGB,
unclean,kamyunet,unclean/kamyunet/215805284.jpg,.jpg,True,275,379,RGB,
unclean,kamyunet,unclean/kamyunet/215809055.jpg,.jpg,True,278,299,RGB,
unclean,kamyunet,unclean/kamyunet/215814774.jpg,.jpg,True,292,346,RGB,
unclean,kamyunet,unclean/kamyunet/215849760.jpg,.jpg,True,150,204,RGB,
unclean,kamyunet,unclean/kamyunet/215856019.jpg,.jpg,True,165,216,RGB,
unclean,kamyunet,unclean/kamyunet/215906143.jpg,.jpg,True,328,391,RGB,
unclean,kamyunet,unclean/kamyunet/215989790.jpg,.jpg,True,279,393,RGB,
unclean,kamyunet,unclean/kamyunet/216013680.jpg,.jpg,True,285,256,RGB,
unclean,kamyunet,unclean/kamyunet/216023451.jpg,.jpg,True,283,353,RGB,
unclean,kamyunet,unclean/kamyunet/216034688.jpg,.jpg,True,283,385,RGB,
unclean,kamyunet,unclean/kamyunet/216035343.jpg,.jpg,True,293,365,RGB,
unclean,kamyunet,unclean/kamyunet/216045130.jpg,.jpg,True,198,264,RGB,
unclean,kamyunet,unclean/kamyunet/216048031.jpg,.jpg,True,198,276,RGB,
unclean,kamyunet,unclean/kamyunet/216050933.jpg,.jpg,True,198,251,RGB,
unclean,kamyunet,unclean/kamyunet/216070131.jpg,.jpg,True,309,421,RGB,
unclean,kamyunet,unclean/kamyunet/216109678.jpg,.jpg,True,288,343,RGB,
unclean,kamyunet,unclean/kamyunet/216151124.jpg,.jpg,True,195,264,RGB,
unclean,kamyunet,unclean/kamyunet/216199187.jpg,.jpg,True,207,276,RGB,
unclean,kamyunet,unclean/kamyunet/216223738.jpg,.jpg,True,281,385,RGB,
unclean,kamyunet,unclean/kamyunet/216230183.jpg,.jpg,True,290,373,RGB,
unclean,kamyunet,unclean/kamyunet/216297399.jpg,.jpg,True,316,403,RGB,
unclean,kamyunet,unclean/kamyunet/216304874.jpg,.jpg,True,287,313,RGB,
unclean,kamyunet,unclean/kamyunet/216317142.jpg,.jpg,True,198,264,RGB,
unclean,kamyunet,unclean/kamyunet/216323557.jpg,.jpg,True,247,356,RGB,
unclean,kamyunet,unclean/kamyunet/216392196.jpg,.jpg,True,289,288,RGB,
unclean,kamyunet,unclean/kamyunet/216428687.jpg,.jpg,True,287,367,RGB,
unclean,kamyunet,unclean/kamyunet/216430042.jpg,.jpg,True,186,240,RGB,
unclean,kamyunet,unclean/kamyunet/216446865.jpg,.jpg,True,171,216,RGB,
unclean,kamyunet,unclean/kamyunet/216450914.jpg,.jpg,True,266,390,RGB,
unclean,kamyunet,unclean/kamyunet/216480042.jpg,.jpg,True,210,276,RGB,
unclean,kamyunet,unclean/kamyunet/216496874.jpg,.jpg,True,370,448,RGB,
unclean,kamyunet,unclean/kamyunet/216526240.jpg,.jpg,True,186,252,RGB,
unclean,kamyunet,unclean/kamyunet/216575329.jpg,.jpg,True,189,252,RGB,
unclean,kamyunet,unclean/kamyunet/216585734.jpg,.jpg,True,281,252,RGB,
unclean,kamyunet,unclean/kamyunet/216618682.jpg,.jpg,True,198,260,RGB,
unclean,kamyunet,unclean/kamyunet/216631549.jpg,.jpg,True,210,261,RGB,
unclean,kamyunet,unclean/kamyunet/216673880.jpg,.jpg,True,289,448,RGB,
unclean,kamyunet,unclean/kamyunet/216696969.jpg,.jpg,True,315,335,RGB,
unclean,kamyunet,unclean/kamyunet/216699823.jpg,.jpg,True,276,267,RGB,
unclean,kamyunet,unclean/kamyunet/216737299.jpg,.jpg,True,189,240,RGB,
unclean,kamyunet,unclean/kamyunet/216742207.jpg,.jpg,True,189,240,RGB,
unclean,kamyunet,unclean/kamyunet/216748572.jpg,.jpg,True,286,377,RGB,
unclean,kamyunet,unclean/kamyunet/216751610.jpg,.jpg,True,288,304,RGB,
unclean,kamyunet,unclean/kamyunet/216759709.jpg,.jpg,True,274,383,RGB,
unclean,kamyunet,unclean/kamyunet/216761927.jpg,.jpg,True,302,448,RGB,
unclean,kamyunet,unclean/kamyunet/216763745.jpg,.jpg,True,290,397,RGB,
unclean,kamyunet,unclean/kamyunet/216771096.jpg,.jpg,True,271,390,RGB,
unclean,kamyunet,unclean/kamyunet/216779130.jpg,.jpg,True,290,378,RGB,
unclean,kamyunet,unclean/kamyunet/216790354.jpg,.jpg,True,291,301,RGB,
unclean,kamyunet,unclean/kamyunet/216792837.jpg,.jpg,True,313,405,RGB,
unclean,kamyunet,unclean/kamyunet/216816286.jpg,.jpg,True,171,228,RGB,
unclean,kamyunet,unclean/kamyunet/216829724.jpg,.jpg,True,207,257,RGB,
unclean,kamyunet,unclean/kamyunet/216850292.jpg,.jpg,True,313,345,RGB,
unclean,kamyunet,unclean/kamyunet/216892357.jpg,.jpg,True,299,340,RGB,
unclean,kamyunet,unclean/kamyunet/216904183.jpg,.jpg,True,338,446,RGB,
unclean,kamyunet,unclean/kamyunet/216916842.jpg,.jpg,True,273,391,RGB,
unclean,kamyunet,unclean/kamyunet/216929918.jpg,.jpg,True,186,252,RGB,
unclean,kamyunet,unclean/kamyunet/216930847.jpg,.jpg,True,305,301,RGB,
unclean,kamyunet,unclean/kamyunet/216941617.jpg,.jpg,True,198,264,RGB,
unclean,kamyunet,unclean/kamyunet/216972904.jpg,.jpg,True,370,412,RGB,
unclean,kamyunet,unclean/kamyunet/217000128.jpg,.jpg,True,343,377,RGB,
unclean,kamyunet,unclean/kamyunet/217008010.jpg,.jpg,True,273,324,RGB,
unclean,kamyunet,unclean/kamyunet/217024570.jpg,.jpg,True,281,404,RGB,
unclean,kamyunet,unclean/kamyunet/217031137.jpg,.jpg,True,275,308,RGB,
unclean,kamyunet,unclean/kamyunet/217031763.jpg,.jpg,True,327,263,RGB,
unclean,kamyunet,unclean/kamyunet/217052078.jpg,.jpg,True,336,270,RGB,
unclean,kamyunet,unclean/kamyunet/217083046.jpg,.jpg,True,189,252,RGB,
unclean,kamyunet,unclean/kamyunet/217154686.jpg,.jpg,True,248,355,RGB,
unclean,kamyunet,unclean/kamyunet/217156552.jpg,.jpg,True,275,384,RGB,
unclean,kamyunet,unclean/kamyunet/217168731.jpg,.jpg,True,271,325,RGB,
unclean,kamyunet,unclean/kamyunet/217189439.jpg,.jpg,True,246,305,RGB,
unclean,kamyunet,unclean/kamyunet/217195459.jpg,.jpg,True,288,306,RGB,
unclean,kamyunet,unclean/kamyunet/217350352.jpg,.jpg,True,339,407,RGB,
unclean,kamyunet,unclean/kamyunet/217385379.jpg,.jpg,True,338,389,RGB,
unclean,kamyunet,unclean/kamyunet/217558245.jpg,.jpg,True,198,264,RGB,
unclean,kamyunet,unclean/kamyunet/217644872.jpg,.jpg,True,177,240,RGB,
unclean,kamyunet,unclean/kamyunet/217739639.jpg,.jpg,True,292,448,RGB,
unclean,kamyunet,unclean/kamyunet/217762838.jpg,.jpg,True,198,254,RGB,
unclean,kamyunet,unclean/kamyunet/217791346.jpg,.jpg,True,266,385,RGB,
unclean,kamyunet,unclean/kamyunet/217801280.jpg,.jpg,True,285,382,RGB,
unclean,kamyunet,unclean/kamyunet/217801992.jpg,.jpg,True,210,273,RGB,
unclean,kamyunet,unclean/kamyunet/217804557.jpg,.jpg,True,198,264,RGB,
unclean,kamyunet,unclean/kamyunet/217812444.jpg,.jpg,True,235,272,RGB,
unclean,kamyunet,unclean/kamyunet/217831667.jpg,.jpg,True,198,264,RGB,
unclean,kamyunet,unclean/kamyunet/217880543.jpg,.jpg,True,341,356,RGB,
unclean,kamyunet,unclean/kamyunet/217894393.jpg,.jpg,True,329,359,RGB,
unclean,kamyunet,unclean/kamyunet/217895269.jpg,.jpg,True,278,390,RGB,
unclean,kamyunet,unclean/kamyunet/217930620.jpg,.jpg,True,186,240,RGB,
unclean,kamyunet,unclean/kamyunet/217933127.jpg,.jpg,True,207,210,RGB,
unclean,kamyunet,unclean/kamyunet/217957904.jpg,.jpg,True,294,398,RGB,
unclean,kamyunet,unclean/kamyunet/218007427.jpg,.jpg,True,198,264,RGB,
unclean,kamyunet,unclean/kamyunet/218018419.jpg,.jpg,True,262,331,RGB,
unclean,kamyunet,unclean/kamyunet/218078546.jpg,.jpg,True,323,415,RGB,
unclean,kamyunet,unclean/kamyunet/218083651.jpg,.jpg,True,283,314,RGB,
unclean,kamyunet,unclean/kamyunet/218106127.jpg,.jpg,True,297,337,RGB,
unclean,kamyunet,unclean/kamyunet/218107237.jpg,.jpg,True,150,189,RGB,
unclean,kamyunet,unclean/kamyunet/218167231.jpg,.jpg,True,293,297,RGB,
unclean,kamyunet,unclean/kamyunet/218171998.jpg,.jpg,True,309,237,RGB,
unclean,kamyunet,unclean/kamyunet/218176905.jpg,.jpg,True,277,380,RGB,
unclean,kamyunet,unclean/kamyunet/218187809.jpg,.jpg,True,277,365,RGB,
unclean,kamyunet,unclean/kamyunet/218189090.jpg,.jpg,True,285,305,RGB,
unclean,kamyunet,unclean/kamyunet/218203951.jpg,.jpg,True,291,390,RGB,
unclean,kamyunet,unclean/kamyunet/218262985.jpg,.jpg,True,150,204,RGB,
unclean,kamyunet,unclean/kamyunet/218263496.jpg,.jpg,True,282,377,RGB,
unclean,kamyunet,unclean/kamyunet/218279230.jpg,.jpg,True,281,290,RGB,
unclean,kamyunet,unclean/kamyunet/218307800.jpg,.jpg,True,344,448,RGB,
unclean,kamyunet,unclean/kamyunet/218312742.jpg,.jpg,True,290,286,RGB,
unclean,kamyunet,unclean/kamyunet/218322871.jpg,.jpg,True,283,380,RGB,
unclean,kamyunet,unclean/kamyunet/218340234.jpg,.jpg,True,210,210,RGB,
unclean,kamyunet,unclean/kamyunet/218365461.jpg,.jpg,True,276,379,RGB,
unclean,kamyunet,unclean/kamyunet/218375873.jpg,.jpg,True,210,261,RGB,
unclean,kamyunet,unclean/kamyunet/218378715.jpg,.jpg,True,207,273,RGB,
unclean,kamyunet,unclean/kamyunet/218391800.jpg,.jpg,True,333,392,RGB,
unclean,kamyunet,unclean/kamyunet/218451178.jpg,.jpg,True,312,448,RGB,
unclean,kamyunet,unclean/kamyunet/218490161.jpg,.jpg,True,285,377,RGB,
unclean,kamyunet,unclean/kamyunet/218510929.jpg,.jpg,True,318,302,RGB,
unclean,kamyunet,unclean/kamyunet/218525760.jpg,.jpg,True,277,382,RGB,
unclean,kamyunet,unclean/kamyunet/218562521.jpg,.jpg,True,306,448,RGB,
unclean,kamyunet,unclean/kamyunet/218571589.jpg,.jpg,True,261,378,RGB,
unclean,kamyunet,unclean/kamyunet/218578650.jpg,.jpg,True,311,418,RGB,
unclean,kamyunet,unclean/kamyunet/218592622.jpg,.jpg,True,198,252,RGB,
unclean,kamyunet,unclean/kamyunet/218607498.jpg,.jpg,True,198,264,RGB,
unclean,kamyunet,unclean/kamyunet/218623319.jpg,.jpg,True,198,264,RGB,
unclean,kamyunet,unclean/kamyunet/218668096.jpg,.jpg,True,290,387,RGB,
unclean,kamyunet,unclean/kamyunet/218701441.jpg,.jpg,True,307,360,RGB,
unclean,kamyunet,unclean/kamyunet/218719224.jpg,.jpg,True,288,367,RGB,
unclean,kamyunet,unclean/kamyunet/218726135.jpg,.jpg,True,293,409,RGB,
unclean,kamyunet,unclean/kamyunet/218729757.jpg,.jpg,True,311,370,RGB,
unclean,kamyunet,unclean/kamyunet/218731934.jpg,.jpg,True,251,349,RGB,
unclean,kamyunet,unclean/kamyunet/218804409.jpg,.jpg,True,326,368,RGB,
unclean,kamyunet,unclean/kamyunet/218812826.jpg,.jpg,True,207,254,RGB,
unclean,kamyunet,unclean/kamyunet/218884519.jpg,.jpg,True,186,232,RGB,
unclean,kamyunet,unclean/kamyunet/218894134.jpg,.jpg,True,189,240,RGB,
unclean,kamyunet,unclean/kamyunet/218903080.jpg,.jpg,True,327,431,RGB,
unclean,kamyunet,unclean/kamyunet/218913388.jpg,.jpg,True,310,272,RGB,
unclean,kamyunet,unclean/kamyunet/218931630.jpg,.jpg,True,186,252,RGB,
unclean,kamyunet,unclean/kamyunet/218955796.jpg,.jpg,True,287,312,RGB,
unclean,kamyunet,unclean/kamyunet/218968655.jpg,.jpg,True,296,407,RGB,
unclean,kamyunet,unclean/kamyunet/218970114.jpg,.jpg,True,189,252,RGB,
unclean,kamyunet,unclean/kamyunet/218972329.jpg,.jpg,True,319,372,RGB,
unclean,kamyunet,unclean/kamyunet/218980442.jpg,.jpg,True,283,249,RGB,
unclean,kamyunet,unclean/kamyunet/218989880.jpg,.jpg,True,195,252,RGB,
unclean,kamyunet,unclean/kamyunet/218991037.jpg,.jpg,True,207,210,RGB,
unclean,kamyunet,unclean/kamyunet/219033619.jpg,.jpg,True,178,244,RGB,
unclean,kamyunet,unclean/kamyunet/219062079.jpg,.jpg,True,256,412,RGB,
unclean,kamyunet,unclean/kamyunet/219066213.jpg,.jpg,True,198,262,RGB,
unclean,kamyunet,unclean/kamyunet/219089402.jpg,.jpg,True,222,247,RGB,
unclean,minibus,unclean/minibus/193746982.jpg,.jpg,True,332,399,RGB,
unclean,minibus,unclean/minibus/194268546.jpg,.jpg,True,267,269,RGB,
unclean,minibus,unclean/minibus/194314557.jpg,.jpg,True,397,367,RGB,
unclean,minibus,unclean/minibus/194328969.jpg,.jpg,True,361,354,RGB,
unclean,minibus,unclean/minibus/194357693.jpg,.jpg,True,317,379,RGB,
unclean,minibus,unclean/minibus/195418798.jpg,.jpg,True,249,244,RGB,
unclean,minibus,unclean/minibus/195904076.jpg,.jpg,True,364,400,RGB,
unclean,minibus,unclean/minibus/196994498.jpg,.jpg,True,238,313,RGB,
unclean,minibus,unclean/minibus/197002715.jpg,.jpg,True,320,384,RGB,
unclean,minibus,unclean/minibus/197446621.jpg,.jpg,True,279,375,RGB,
unclean,minibus,unclean/minibus/197546828.jpg,.jpg,True,279,386,RGB,
unclean,minibus,unclean/minibus/197688708.jpg,.jpg,True,276,402,RGB,
unclean,minibus,unclean/minibus/198100491.jpg,.jpg,True,352,402,RGB,
unclean,minibus,unclean/minibus/198120481.jpg,.jpg,True,295,360,RGB,
unclean,minibus,unclean/minibus/198331521.jpg,.jpg,True,273,356,RGB,
unclean,minibus,unclean/minibus/198427263.jpg,.jpg,True,315,368,RGB,
unclean,minibus,unclean/minibus/198606990.jpg,.jpg,True,278,396,RGB,
unclean,minibus,unclean/minibus/199199766.jpg,.jpg,True,289,359,RGB,
unclean,minibus,unclean/minibus/200143097.jpg,.jpg,True,258,349,RGB,
unclean,minibus,unclean/minibus/200855721.jpg,.jpg,True,257,360,RGB,
unclean,minibus,unclean/minibus/203431368.jpg,.jpg,True,226,285,RGB,
unclean,minibus,unclean/minibus/204276251.jpg,.jpg,True,340,321,RGB,
unclean,minibus,unclean/minibus/204541641.jpg,.jpg,True,261,380,RGB,
unclean,minibus,unclean/minibus/204657780.jpg,.jpg,True,288,381,RGB,
unclean,minibus,unclean/minibus/205180529.jpg,.jpg,True,293,329,RGB,
unclean,minibus,unclean/minibus/205737488.jpg,.jpg,True,378,450,RGB,
unclean,minibus,unclean/minibus/205817081.jpg,.jpg,True,364,450,RGB,
unclean,minibus,unclean/minibus/205925639.jpg,.jpg,True,302,382,RGB,
unclean,minibus,unclean/minibus/205929411.jpg,.jpg,True,357,442,RGB,
unclean,minibus,unclean/minibus/205929474.jpg,.jpg,True,386,450,RGB,
unclean,minibus,unclean/minibus/206047844.jpg,.jpg,True,379,450,RGB,
unclean,minibus,unclean/minibus/206182725.jpg,.jpg,True,384,450,RGB,
unclean,minibus,unclean/minibus/206183245.jpg,.jpg,True,372,445,RGB,
unclean,minibus,unclean/minibus/206187052.jpg,.jpg,True,358,444,RGB,
unclean,minibus,unclean/minibus/206187093.jpg,.jpg,True,379,450,RGB,
unclean,minibus,unclean/minibus/206187118.jpg,.jpg,True,333,413,RGB,
unclean,minibus,unclean/minibus/206190675.jpg,.jpg,True,374,448,RGB,
unclean,minibus,unclean/minibus/206191662.jpg,.jpg,True,378,450,RGB,
unclean,minibus,unclean/minibus/206192409.jpg,.jpg,True,364,450,RGB,
unclean,minibus,unclean/minibus/207901769.jpg,.jpg,True,287,408,RGB,
unclean,minibus,unclean/minibus/210101333.jpg,.jpg,True,207,255,RGB,
unclean,minibus,unclean/minibus/210102226.jpg,.jpg,True,347,380,RGB,
unclean,minibus,unclean/minibus/210102500.jpg,.jpg,True,210,264,RGB,
unclean,minibus,unclean/minibus/210102777.jpg,.jpg,True,162,228,RGB,
unclean,minibus,unclean/minibus/210403775.jpg,.jpg,True,342,356,RGB,
unclean,minibus,unclean/minibus/211051242.jpg,.jpg,True,305,388,RGB,
unclean,minibus,unclean/minibus/211795475.jpg,.jpg,True,207,257,RGB,
unclean,minibus,unclean/minibus/212172157.jpg,.jpg,True,195,276,RGB,
unclean,minibus,unclean/minibus/212475536.jpg,.jpg,True,303,361,RGB,
unclean,minibus,unclean/minibus/212718337.jpg,.jpg,True,316,401,RGB,
unclean,minibus,unclean/minibus/213277133.jpg,.jpg,True,296,369,RGB,
unclean,minibus,unclean/minibus/213300430.jpg,.jpg,True,189,240,RGB,
unclean,minibus,unclean/minibus/213411665.jpg,.jpg,True,280,402,RGB,
unclean,minibus,unclean/minibus/213443859.jpg,.jpg,True,280,301,RGB,
unclean,minibus,unclean/minibus/213619329.jpg,.jpg,True,282,392,RGB,
unclean,minibus,unclean/minibus/213635219.jpg,.jpg,True,198,252,RGB,
unclean,minibus,unclean/minibus/213777965.jpg,.jpg,True,301,403,RGB,
unclean,minibus,unclean/minibus/213875524.jpg,.jpg,True,207,276,RGB,
unclean,minibus,unclean/minibus/214494171.jpg,.jpg,True,162,216,RGB,
unclean,minibus,unclean/minibus/214507352.jpg,.jpg,True,210,276,RGB,
unclean,minibus,unclean/minibus/214524899.jpg,.jpg,True,201,264,RGB,
unclean,minibus,unclean/minibus/214541786.jpg,.jpg,True,198,252,RGB,
unclean,minibus,unclean/minibus/214657120.jpg,.jpg,True,156,216,RGB,
unclean,minibus,unclean/minibus/214773879.jpg,.jpg,True,289,365,RGB,
unclean,minibus,unclean/minibus/214848754.jpg,.jpg,True,207,272,RGB,
unclean,minibus,unclean/minibus/215116497.jpg,.jpg,True,210,257,RGB,
unclean,minibus,unclean/minibus/215155469.jpg,.jpg,True,295,346,RGB,
unclean,minibus,unclean/minibus/215183131.jpg,.jpg,True,270,361,RGB,
unclean,minibus,unclean/minibus/215387945.jpg,.jpg,True,207,261,RGB,
unclean,minibus,unclean/minibus/215499510.jpg,.jpg,True,290,360,RGB,
unclean,minibus,unclean/minibus/215593952.jpg,.jpg,True,288,379,RGB,
unclean,minibus,unclean/minibus/215602362.jpg,.jpg,True,293,341,RGB,
unclean,minibus,unclean/minibus/215614242.jpg,.jpg,True,291,350,RGB,
unclean,minibus,unclean/minibus/215617838.jpg,.jpg,True,280,363,RGB,
unclean,minibus,unclean/minibus/215644672.jpg,.jpg,True,287,363,RGB,
unclean,minibus,unclean/minibus/215673175.jpg,.jpg,True,189,240,RGB,
unclean,minibus,unclean/minibus/215687610.jpg,.jpg,True,272,344,RGB,
unclean,minibus,unclean/minibus/215691629.jpg,.jpg,True,298,341,RGB,
unclean,minibus,unclean/minibus/215692736.jpg,.jpg,True,277,359,RGB,
unclean,minibus,unclean/minibus/215755894.jpg,.jpg,True,286,353,RGB,
unclean,minibus,unclean/minibus/215757162.jpg,.jpg,True,180,233,RGB,
unclean,minibus,unclean/minibus/215771082.jpg,.jpg,True,280,453,RGB,
unclean,minibus,unclean/minibus/215772392.jpg,.jpg,True,292,357,RGB,
unclean,minibus,unclean/minibus/215772703.jpg,.jpg,True,291,348,RGB,
unclean,minibus,unclean/minibus/215774280.jpg,.jpg,True,210,257,RGB,
unclean,minibus,unclean/minibus/215782961.jpg,.jpg,True,135,180,RGB,
unclean,minibus,unclean/minibus/215808912.jpg,.jpg,True,287,358,RGB,
unclean,minibus,unclean/minibus/215816214.jpg,.jpg,True,286,353,RGB,
unclean,minibus,unclean/minibus/215844340.jpg,.jpg,True,278,357,RGB,
unclean,minibus,unclean/minibus/215869395.jpg,.jpg,True,198,264,RGB,
unclean,minibus,unclean/minibus/215870097.jpg,.jpg,True,210,263,RGB,
unclean,minibus,unclean/minibus/215872386.jpg,.jpg,True,291,351,RGB,
unclean,minibus,unclean/minibus/215893666.jpg,.jpg,True,274,360,RGB,
unclean,minibus,unclean/minibus/215917000.jpg,.jpg,True,293,354,RGB,
unclean,minibus,unclean/minibus/215969336.jpg,.jpg,True,292,399,RGB,
unclean,minibus,unclean/minibus/216005190.jpg,.jpg,True,189,240,RGB,
unclean,minibus,unclean/minibus/216007874.jpg,.jpg,True,285,352,RGB,
unclean,minibus,unclean/minibus/216032016.jpg,.jpg,True,283,351,RGB,
unclean,minibus,unclean/minibus/216045431.jpg,.jpg,True,292,352,RGB,
unclean,minibus,unclean/minibus/216051293.jpg,.jpg,True,284,356,RGB,
unclean,minibus,unclean/minibus/216061853.jpg,.jpg,True,282,363,RGB,
unclean,minibus,unclean/minibus/216094190.jpg,.jpg,True,278,357,RGB,
unclean,minibus,unclean/minibus/216100362.jpg,.jpg,True,210,270,RGB,
unclean,minibus,unclean/minibus/216102576.jpg,.jpg,True,287,347,RGB,
unclean,minibus,unclean/minibus/216196368.jpg,.jpg,True,189,240,RGB,
unclean,minibus,unclean/minibus/216275706.jpg,.jpg,True,138,192,RGB,
unclean,minibus,unclean/minibus/216317074.jpg,.jpg,True,285,368,RGB,
unclean,minibus,unclean/minibus/216318483.jpg,.jpg,True,286,365,RGB,
unclean,minibus,unclean/minibus/216323316.jpg,.jpg,True,210,276,RGB,
unclean,minibus,unclean/minibus/216335562.jpg,.jpg,True,330,398,RGB,
unclean,minibus,unclean/minibus/216421891.jpg,.jpg,True,198,264,RGB,
unclean,minibus,unclean/minibus/216430711.jpg,.jpg,True,297,351,RGB,
unclean,minibus,unclean/minibus/216433429.jpg,.jpg,True,195,276,RGB,
unclean,minibus,unclean/minibus/216452875.jpg,.jpg,True,287,366,RGB,
unclean,minibus,unclean/minibus/216573266.jpg,.jpg,True,294,351,RGB,
unclean,minibus,unclean/minibus/216584796.jpg,.jpg,True,273,354,RGB,
unclean,minibus,unclean/minibus/216593660.jpg,.jpg,True,195,264,RGB,
unclean,minibus,unclean/minibus/216668413.jpg,.jpg,True,295,352,RGB,
unclean,minibus,unclean/minibus/216735021.jpg,.jpg,True,277,359,RGB,
unclean,minibus,unclean/minibus/216737470.jpg,.jpg,True,292,351,RGB,
unclean,minibus,unclean/minibus/216874507.jpg,.jpg,True,304,407,RGB,
unclean,minibus,unclean/minibus/216882682.jpg,.jpg,True,304,359,RGB,
unclean,minibus,unclean/minibus/216907420.jpg,.jpg,True,189,252,RGB,
unclean,minibus,unclean/minibus/216930102.jpg,.jpg,True,272,354,RGB,
unclean,minibus,unclean/minibus/216983171.jpg,.jpg,True,313,399,RGB,
unclean,minibus,unclean/minibus/216990378.jpg,.jpg,True,295,365,RGB,
unclean,minibus,unclean/minibus/217004609.jpg,.jpg,True,304,351,RGB,
unclean,minibus,unclean/minibus/217026643.jpg,.jpg,True,281,357,RGB,
unclean,minibus,unclean/minibus/217030998.jpg,.jpg,True,284,367,RGB,
unclean,minibus,unclean/minibus/217060207.jpg,.jpg,True,180,231,RGB,
unclean,minibus,unclean/minibus/217144586.jpg,.jpg,True,291,356,RGB,
unclean,minibus,unclean/minibus/217217959.jpg,.jpg,True,198,239,RGB,
unclean,minibus,unclean/minibus/217239328.jpg,.jpg,True,210,276,RGB,
unclean,minibus,unclean/minibus/217339443.jpg,.jpg,True,287,378,RGB,
unclean,minibus,unclean/minibus/217712936.jpg,.jpg,True,207,276,RGB,
unclean,minibus,unclean/minibus/217763204.jpg,.jpg,True,287,349,RGB,
unclean,minibus,unclean/minibus/217784303.jpg,.jpg,True,296,350,RGB,
unclean,minibus,unclean/minibus/217802319.jpg,.jpg,True,195,252,RGB,
unclean,minibus,unclean/minibus/217888250.jpg,.jpg,True,207,264,RGB,
unclean,minibus,unclean/minibus/217952305.jpg,.jpg,True,180,227,RGB,
unclean,minibus,unclean/minibus/217959451.jpg,.jpg,True,296,357,RGB,
unclean,minibus,unclean/minibus/218007837.jpg,.jpg,True,283,378,RGB,
unclean,minibus,unclean/minibus/218056154.jpg,.jpg,True,287,354,RGB,
unclean,minibus,unclean/minibus/218126946.jpg,.jpg,True,287,366,RGB,
unclean,minibus,unclean/minibus/218134277.jpg,.jpg,True,299,352,RGB,
unclean,minibus,unclean/minibus/218138154.jpg,.jpg,True,282,356,RGB,
unclean,minibus,unclean/minibus/218142111.jpg,.jpg,True,177,240,RGB,
unclean,minibus,unclean/minibus/218195078.jpg,.jpg,True,283,342,RGB,
unclean,minibus,unclean/minibus/218241684.jpg,.jpg,True,207,210,RGB,
unclean,minibus,unclean/minibus/218252019.jpg,.jpg,True,291,349,RGB,
unclean,minibus,unclean/minibus/218257244.jpg,.jpg,True,180,228,RGB,
unclean,minibus,unclean/minibus/218259887.jpg,.jpg,True,198,264,RGB,
unclean,minibus,unclean/minibus/218274299.jpg,.jpg,True,283,374,RGB,
unclean,minibus,unclean/minibus/218276550.jpg,.jpg,True,198,264,RGB,
unclean,minibus,unclean/minibus/218288861.jpg,.jpg,True,277,371,RGB,
unclean,minibus,unclean/minibus/218307381.jpg,.jpg,True,290,354,RGB,
unclean,minibus,unclean/minibus/218335519.jpg,.jpg,True,276,368,RGB,
unclean,minibus,unclean/minibus/218394885.jpg,.jpg,True,307,346,RGB,
unclean,minibus,unclean/minibus/218409806.jpg,.jpg,True,210,276,RGB,
unclean,minibus,unclean/minibus/218425722.jpg,.jpg,True,296,350,RGB,
unclean,minibus,unclean/minibus/218466798.jpg,.jpg,True,312,375,RGB,
unclean,minibus,unclean/minibus/218542930.jpg,.jpg,True,288,347,RGB,
unclean,minibus,unclean/minibus/218547989.jpg,.jpg,True,295,379,RGB,
unclean,minibus,unclean/minibus/218581851.jpg,.jpg,True,289,353,RGB,
unclean,minibus,unclean/minibus/218588253.jpg,.jpg,True,275,358,RGB,
unclean,minibus,unclean/minibus/218589609.jpg,.jpg,True,297,347,RGB,
unclean,minibus,unclean/minibus/218626593.jpg,.jpg,True,171,228,RGB,
unclean,minibus,unclean/minibus/218635131.jpg,.jpg,True,265,353,RGB,
unclean,minibus,unclean/minibus/218707170.jpg,.jpg,True,303,352,RGB,
unclean,minibus,unclean/minibus/218717370.jpg,.jpg,True,297,374,RGB,
unclean,minibus,unclean/minibus/218724931.jpg,.jpg,True,466,378,RGB,
unclean,minibus,unclean/minibus/218742321.jpg,.jpg,True,281,357,RGB,
unclean,minibus,unclean/minibus/218784689.jpg,.jpg,True,275,368,RGB,
unclean,minibus,unclean/minibus/218789502.jpg,.jpg,True,207,259,RGB,
unclean,minibus,unclean/minibus/218796380.jpg,.jpg,True,283,359,RGB,
unclean,minibus,unclean/minibus/218798066.jpg,.jpg,True,288,356,RGB,
unclean,minibus,unclean/minibus/218832361.jpg,.jpg,True,277,372,RGB,
unclean,minibus,unclean/minibus/218835136.jpg,.jpg,True,283,356,RGB,
unclean,minibus,unclean/minibus/218838942.jpg,.jpg,True,292,386,RGB,
unclean,minibus,unclean/minibus/218839864.jpg,.jpg,True,291,355,RGB,
unclean,minibus,unclean/minibus/218892957.jpg,.jpg,True,290,356,RGB,
unclean,minibus,unclean/minibus/218938634.jpg,.jpg,True,304,373,RGB,
unclean,minibus,unclean/minibus/218943435.jpg,.jpg,True,289,357,RGB,
unclean,minibus,unclean/minibus/218956706.jpg,.jpg,True,271,290,RGB,
unclean,minibus,unclean/minibus/218982546.jpg,.jpg,True,293,350,RGB,
unclean,neysan,unclean/neysan/194604026.jpg,.jpg,True,272,215,RGB,
unclean,neysan,unclean/neysan/194840733.jpg,.jpg,True,295,318,RGB,
unclean,neysan,unclean/neysan/194841865.jpg,.jpg,True,216,236,RGB,
unclean,neysan,unclean/neysan/194853070.jpg,.jpg,True,296,305,RGB,
unclean,neysan,unclean/neysan/194936120.jpg,.jpg,True,234,278,RGB,
unclean,neysan,unclean/neysan/194942215.jpg,.jpg,True,247,271,RGB,
unclean,neysan,unclean/neysan/194960996.jpg,.jpg,True,238,233,RGB,
unclean,neysan,unclean/neysan/195003645.jpg,.jpg,True,404,324,RGB,
unclean,neysan,unclean/neysan/195080365.jpg,.jpg,True,303,333,RGB,
unclean,neysan,unclean/neysan/195110811.jpg,.jpg,True,215,280,RGB,
unclean,neysan,unclean/neysan/195132617.jpg,.jpg,True,295,310,RGB,
unclean,neysan,unclean/neysan/195136808.jpg,.jpg,True,294,257,RGB,
unclean,neysan,unclean/neysan/195147641.jpg,.jpg,True,255,251,RGB,
unclean,neysan,unclean/neysan/195148040.jpg,.jpg,True,253,293,RGB,
unclean,neysan,unclean/neysan/195151211.jpg,.jpg,True,235,320,RGB,
unclean,neysan,unclean/neysan/195158727.jpg,.jpg,True,245,310,RGB,
unclean,neysan,unclean/neysan/195165208.jpg,.jpg,True,330,310,RGB,
unclean,neysan,unclean/neysan/195290564.jpg,.jpg,True,334,278,RGB,
unclean,neysan,unclean/neysan/195297859.jpg,.jpg,True,261,227,RGB,
unclean,neysan,unclean/neysan/195371292.jpg,.jpg,True,274,284,RGB,
unclean,neysan,unclean/neysan/195391348.jpg,.jpg,True,279,254,RGB,
unclean,neysan,unclean/neysan/195395611.jpg,.jpg,True,298,311,RGB,
unclean,neysan,unclean/neysan/195451128.jpg,.jpg,True,298,254,RGB,
unclean,neysan,unclean/neysan/195478008.jpg,.jpg,True,345,344,RGB,
unclean,neysan,unclean/neysan/195489956.jpg,.jpg,True,262,317,RGB,
unclean,neysan,unclean/neysan/195491717.jpg,.jpg,True,250,249,RGB,
unclean,neysan,unclean/neysan/195575409.jpg,.jpg,True,277,309,RGB,
unclean,neysan,unclean/neysan/195623474.jpg,.jpg,True,222,281,RGB,
unclean,neysan,unclean/neysan/195646146.jpg,.jpg,True,284,249,RGB,
unclean,neysan,unclean/neysan/195657144.jpg,.jpg,True,299,230,RGB,
unclean,neysan,unclean/neysan/195673270.jpg,.jpg,True,277,322,RGB,
unclean,neysan,unclean/neysan/195691366.jpg,.jpg,True,255,237,RGB,
unclean,neysan,unclean/neysan/195718438.jpg,.jpg,True,237,293,RGB,
unclean,neysan,unclean/neysan/195720789.jpg,.jpg,True,256,281,RGB,
unclean,neysan,unclean/neysan/195728454.jpg,.jpg,True,310,324,RGB,
unclean,neysan,unclean/neysan/195729274.jpg,.jpg,True,248,238,RGB,
unclean,neysan,unclean/neysan/195737410.jpg,.jpg,True,314,367,RGB,
unclean,neysan,unclean/neysan/195740684.jpg,.jpg,True,255,321,RGB,
unclean,neysan,unclean/neysan/195895243.jpg,.jpg,True,272,276,RGB,
unclean,neysan,unclean/neysan/195950402.jpg,.jpg,True,276,282,RGB,
unclean,neysan,unclean/neysan/195955288.jpg,.jpg,True,275,262,RGB,
unclean,neysan,unclean/neysan/195988970.jpg,.jpg,True,319,255,RGB,
unclean,neysan,unclean/neysan/195991462.jpg,.jpg,True,282,211,RGB,
unclean,neysan,unclean/neysan/196095992.jpg,.jpg,True,251,299,RGB,
unclean,neysan,unclean/neysan/196216785.jpg,.jpg,True,286,274,RGB,
unclean,neysan,unclean/neysan/196271519.jpg,.jpg,True,295,316,RGB,
unclean,neysan,unclean/neysan/196296699.jpg,.jpg,True,258,209,RGB,
unclean,neysan,unclean/neysan/196356494.jpg,.jpg,True,274,314,RGB,
unclean,neysan,unclean/neysan/196472764.jpg,.jpg,True,276,295,RGB,
unclean,neysan,unclean/neysan/196484539.jpg,.jpg,True,258,227,RGB,
unclean,neysan,unclean/neysan/196501322.jpg,.jpg,True,259,362,RGB,
unclean,neysan,unclean/neysan/196541912.jpg,.jpg,True,339,398,RGB,
unclean,neysan,unclean/neysan/196577840.jpg,.jpg,True,288,278,RGB,
unclean,neysan,unclean/neysan/196586673.jpg,.jpg,True,298,268,RGB,
unclean,neysan,unclean/neysan/196587192.jpg,.jpg,True,287,264,RGB,
unclean,neysan,unclean/neysan/196600810.jpg,.jpg,True,285,405,RGB,
unclean,neysan,unclean/neysan/196659846.jpg,.jpg,True,292,242,RGB,
unclean,neysan,unclean/neysan/196691380.jpg,.jpg,True,266,238,RGB,
unclean,neysan,unclean/neysan/196756713.jpg,.jpg,True,262,314,RGB,
unclean,neysan,unclean/neysan/196908180.jpg,.jpg,True,279,282,RGB,
unclean,neysan,unclean/neysan/196935586.jpg,.jpg,True,270,292,RGB,
unclean,neysan,unclean/neysan/196943968.jpg,.jpg,True,287,272,RGB,
unclean,neysan,unclean/neysan/196946016.jpg,.jpg,True,312,323,RGB,
unclean,neysan,unclean/neysan/196951112.jpg,.jpg,True,273,242,RGB,
unclean,neysan,unclean/neysan/196958341.jpg,.jpg,True,283,333,RGB,
unclean,neysan,unclean/neysan/196993529.jpg,.jpg,True,253,206,RGB,
unclean,neysan,unclean/neysan/197012948.jpg,.jpg,True,300,287,RGB,
unclean,neysan,unclean/neysan/197030864.jpg,.jpg,True,311,402,RGB,
unclean,neysan,unclean/neysan/197037020.jpg,.jpg,True,235,299,RGB,
unclean,neysan,unclean/neysan/197050396.jpg,.jpg,True,273,248,RGB,
unclean,neysan,unclean/neysan/197051875.jpg,.jpg,True,285,305,RGB,
unclean,neysan,unclean/neysan/197126230.jpg,.jpg,True,265,301,RGB,
unclean,neysan,unclean/neysan/197145624.jpg,.jpg,True,331,328,RGB,
unclean,neysan,unclean/neysan/197150276.jpg,.jpg,True,280,229,RGB,
unclean,neysan,unclean/neysan/197155144.jpg,.jpg,True,255,314,RGB,
unclean,neysan,unclean/neysan/197187868.jpg,.jpg,True,292,239,RGB,
unclean,neysan,unclean/neysan/197223393.jpg,.jpg,True,219,213,RGB,
unclean,neysan,unclean/neysan/197230014.jpg,.jpg,True,306,268,RGB,
unclean,neysan,unclean/neysan/197237993.jpg,.jpg,True,242,232,RGB,
unclean,neysan,unclean/neysan/197241414.jpg,.jpg,True,328,317,RGB,
unclean,neysan,unclean/neysan/197247731.jpg,.jpg,True,277,308,RGB,
unclean,neysan,unclean/neysan/197248106.jpg,.jpg,True,217,228,RGB,
unclean,neysan,unclean/neysan/197248545.jpg,.jpg,True,279,269,RGB,
unclean,neysan,unclean/neysan/197253666.jpg,.jpg,True,255,234,RGB,
unclean,neysan,unclean/neysan/197255026.jpg,.jpg,True,299,340,RGB,
unclean,neysan,unclean/neysan/197261582.jpg,.jpg,True,292,296,RGB,
unclean,neysan,unclean/neysan/197277284.jpg,.jpg,True,255,237,RGB,
unclean,neysan,unclean/neysan/197308030.jpg,.jpg,True,316,296,RGB,
unclean,neysan,unclean/neysan/197316952.jpg,.jpg,True,222,224,RGB,
unclean,neysan,unclean/neysan/197319173.jpg,.jpg,True,310,378,RGB,
unclean,neysan,unclean/neysan/197365651.jpg,.jpg,True,267,248,RGB,
unclean,neysan,unclean/neysan/197375182.jpg,.jpg,True,296,308,RGB,
unclean,neysan,unclean/neysan/197400566.jpg,.jpg,True,295,323,RGB,
unclean,neysan,unclean/neysan/197410959.jpg,.jpg,True,241,300,RGB,
unclean,neysan,unclean/neysan/197417821.jpg,.jpg,True,334,369,RGB,
unclean,neysan,unclean/neysan/197437140.jpg,.jpg,True,270,296,RGB,
unclean,neysan,unclean/neysan/197440812.jpg,.jpg,True,275,232,RGB,
unclean,neysan,unclean/neysan/197495997.jpg,.jpg,True,255,311,RGB,
unclean,neysan,unclean/neysan/197500908.jpg,.jpg,True,281,296,RGB,
unclean,neysan,unclean/neysan/197526482.jpg,.jpg,True,251,322,RGB,
unclean,neysan,unclean/neysan/197527148.jpg,.jpg,True,304,354,RGB,
unclean,neysan,unclean/neysan/197560785.jpg,.jpg,True,272,277,RGB,
unclean,neysan,unclean/neysan/197599935.jpg,.jpg,True,254,302,RGB,
unclean,neysan,unclean/neysan/197629171.jpg,.jpg,True,270,273,RGB,
unclean,neysan,unclean/neysan/197642949.jpg,.jpg,True,295,227,RGB,
unclean,neysan,unclean/neysan/197702697.jpg,.jpg,True,280,228,RGB,
unclean,neysan,unclean/neysan/197741309.jpg,.jpg,True,276,203,RGB,
unclean,neysan,unclean/neysan/197762795.jpg,.jpg,True,248,244,RGB,
unclean,neysan,unclean/neysan/197799946.jpg,.jpg,True,252,263,RGB,
unclean,neysan,unclean/neysan/197800952.jpg,.jpg,True,324,247,RGB,
unclean,neysan,unclean/neysan/197801257.jpg,.jpg,True,240,351,RGB,
unclean,neysan,unclean/neysan/197844909.jpg,.jpg,True,308,268,RGB,
unclean,neysan,unclean/neysan/197852665.jpg,.jpg,True,281,320,RGB,
unclean,neysan,unclean/neysan/197880860.jpg,.jpg,True,284,319,RGB,
unclean,neysan,unclean/neysan/197957684.jpg,.jpg,True,282,316,RGB,
unclean,neysan,unclean/neysan/197959333.jpg,.jpg,True,321,313,RGB,
unclean,neysan,unclean/neysan/197986381.jpg,.jpg,True,311,292,RGB,
unclean,neysan,unclean/neysan/198034392.jpg,.jpg,True,300,318,RGB,
unclean,neysan,unclean/neysan/198052628.jpg,.jpg,True,271,306,RGB,
unclean,neysan,unclean/neysan/198067483.jpg,.jpg,True,280,282,RGB,
unclean,neysan,unclean/neysan/198067896.jpg,.jpg,True,357,241,RGB,
unclean,neysan,unclean/neysan/198081331.jpg,.jpg,True,258,220,RGB,
unclean,neysan,unclean/neysan/198083699.jpg,.jpg,True,237,236,RGB,
unclean,neysan,unclean/neysan/198180001.jpg,.jpg,True,274,315,RGB,
unclean,neysan,unclean/neysan/198195169.jpg,.jpg,True,309,310,RGB,
unclean,neysan,unclean/neysan/198237870.jpg,.jpg,True,349,349,RGB,
unclean,neysan,unclean/neysan/198246401.jpg,.jpg,True,250,249,RGB,
unclean,neysan,unclean/neysan/198248524.jpg,.jpg,True,281,310,RGB,
unclean,neysan,unclean/neysan/198251219.jpg,.jpg,True,300,336,RGB,
unclean,neysan,unclean/neysan/198256082.jpg,.jpg,True,226,249,RGB,
unclean,neysan,unclean/neysan/198284815.jpg,.jpg,True,283,246,RGB,
unclean,neysan,unclean/neysan/198366858.jpg,.jpg,True,335,326,RGB,
unclean,neysan,unclean/neysan/198381413.jpg,.jpg,True,240,329,RGB,
unclean,neysan,unclean/neysan/198415918.jpg,.jpg,True,211,208,RGB,
unclean,neysan,unclean/neysan/198420720.jpg,.jpg,True,323,283,RGB,
unclean,neysan,unclean/neysan/198422649.jpg,.jpg,True,301,355,RGB,
unclean,neysan,unclean/neysan/198454664.jpg,.jpg,True,311,356,RGB,
unclean,neysan,unclean/neysan/198459757.jpg,.jpg,True,296,364,RGB,
unclean,neysan,unclean/neysan/198460428.jpg,.jpg,True,218,359,RGB,
unclean,neysan,unclean/neysan/198484121.jpg,.jpg,True,248,257,RGB,
unclean,neysan,unclean/neysan/198487480.jpg,.jpg,True,265,224,RGB,
unclean,neysan,unclean/neysan/198488181.jpg,.jpg,True,377,348,RGB,
unclean,neysan,unclean/neysan/198502993.jpg,.jpg,True,271,233,RGB,
unclean,neysan,unclean/neysan/198504276.jpg,.jpg,True,253,316,RGB,
unclean,neysan,unclean/neysan/198521244.jpg,.jpg,True,285,327,RGB,
unclean,neysan,unclean/neysan/198532786.jpg,.jpg,True,295,306,RGB,
unclean,neysan,unclean/neysan/198578327.jpg,.jpg,True,283,293,RGB,
unclean,neysan,unclean/neysan/198628181.jpg,.jpg,True,312,263,RGB,
unclean,neysan,unclean/neysan/198661396.jpg,.jpg,True,283,257,RGB,
unclean,neysan,unclean/neysan/198682197.jpg,.jpg,True,258,256,RGB,
unclean,neysan,unclean/neysan/198738633.jpg,.jpg,True,277,336,RGB,
unclean,neysan,unclean/neysan/198830904.jpg,.jpg,True,234,249,RGB,
unclean,neysan,unclean/neysan/198838713.jpg,.jpg,True,249,358,RGB,
unclean,neysan,unclean/neysan/198879422.jpg,.jpg,True,280,261,RGB,
unclean,neysan,unclean/neysan/198922511.jpg,.jpg,True,278,308,RGB,
unclean,neysan,unclean/neysan/199036351.jpg,.jpg,True,327,290,RGB,
unclean,neysan,unclean/neysan/199169585.jpg,.jpg,True,273,265,RGB,
unclean,neysan,unclean/neysan/199280248.jpg,.jpg,True,229,240,RGB,
unclean,neysan,unclean/neysan/199318277.jpg,.jpg,True,295,306,RGB,
unclean,neysan,unclean/neysan/199334653.jpg,.jpg,True,266,230,RGB,
unclean,neysan,unclean/neysan/199339196.jpg,.jpg,True,280,301,RGB,
unclean,neysan,unclean/neysan/199343837.jpg,.jpg,True,323,317,RGB,
unclean,neysan,unclean/neysan/199358904.jpg,.jpg,True,270,207,RGB,
unclean,neysan,unclean/neysan/199401055.jpg,.jpg,True,283,312,RGB,
unclean,neysan,unclean/neysan/199405061.jpg,.jpg,True,316,303,RGB,
unclean,neysan,unclean/neysan/199411077.jpg,.jpg,True,265,258,RGB,
unclean,neysan,unclean/neysan/199412925.jpg,.jpg,True,251,245,RGB,
unclean,neysan,unclean/neysan/199447894.jpg,.jpg,True,276,252,RGB,
unclean,neysan,unclean/neysan/199524545.jpg,.jpg,True,205,213,RGB,
unclean,neysan,unclean/neysan/199525188.jpg,.jpg,True,276,311,RGB,
unclean,neysan,unclean/neysan/199534377.jpg,.jpg,True,306,291,RGB,
unclean,neysan,unclean/neysan/199550450.jpg,.jpg,True,298,212,RGB,
unclean,neysan,unclean/neysan/199677477.jpg,.jpg,True,233,228,RGB,
unclean,neysan,unclean/neysan/199706691.jpg,.jpg,True,283,293,RGB,
unclean,neysan,unclean/neysan/199759650.jpg,.jpg,True,289,338,RGB,
unclean,neysan,unclean/neysan/199788218.jpg,.jpg,True,278,255,RGB,
unclean,neysan,unclean/neysan/199800413.jpg,.jpg,True,243,328,RGB,
unclean,neysan,unclean/neysan/199825627.jpg,.jpg,True,251,316,RGB,
unclean,neysan,unclean/neysan/199831447.jpg,.jpg,True,280,297,RGB,
unclean,neysan,unclean/neysan/199832901.jpg,.jpg,True,237,308,RGB,
unclean,neysan,unclean/neysan/199942704.jpg,.jpg,True,227,304,RGB,
unclean,neysan,unclean/neysan/199953375.jpg,.jpg,True,233,310,RGB,
unclean,neysan,unclean/neysan/199998323.jpg,.jpg,True,222,272,RGB,
unclean,neysan,unclean/neysan/200298503.jpg,.jpg,True,332,334,RGB,
unclean,neysan,unclean/neysan/200389158.jpg,.jpg,True,256,324,RGB,
unclean,neysan,unclean/neysan/200420286.jpg,.jpg,True,267,315,RGB,
unclean,neysan,unclean/neysan/200481076.jpg,.jpg,True,249,317,RGB,
unclean,neysan,unclean/neysan/200533750.jpg,.jpg,True,290,357,RGB,
unclean,neysan,unclean/neysan/200609458.jpg,.jpg,True,312,329,RGB,
unclean,neysan,unclean/neysan/200630697.jpg,.jpg,True,237,281,RGB,
unclean,neysan,unclean/neysan/200792774.jpg,.jpg,True,296,331,RGB,
unclean,neysan,unclean/neysan/200794546.jpg,.jpg,True,217,272,RGB,
unclean,neysan,unclean/neysan/200802999.jpg,.jpg,True,300,360,RGB,
unclean,neysan,unclean/neysan/200809636.jpg,.jpg,True,273,369,RGB,
unclean,neysan,unclean/neysan/200823882.jpg,.jpg,True,303,331,RGB,
unclean,neysan,unclean/neysan/200843665.jpg,.jpg,True,295,337,RGB,
unclean,neysan,unclean/neysan/200932721.jpg,.jpg,True,261,312,RGB,
unclean,neysan,unclean/neysan/200943051.jpg,.jpg,True,275,326,RGB,
unclean,neysan,unclean/neysan/201094953.jpg,.jpg,True,290,278,RGB,
unclean,neysan,unclean/neysan/201189023.jpg,.jpg,True,257,303,RGB,
unclean,neysan,unclean/neysan/201223227.jpg,.jpg,True,271,246,RGB,
unclean,neysan,unclean/neysan/201790304.jpg,.jpg,True,290,340,RGB,
unclean,neysan,unclean/neysan/201814328.jpg,.jpg,True,270,309,RGB,
unclean,neysan,unclean/neysan/201847206.jpg,.jpg,True,239,205,RGB,
unclean,neysan,unclean/neysan/201927527.jpg,.jpg,True,278,218,RGB,
unclean,neysan,unclean/neysan/201971644.jpg,.jpg,True,261,302,RGB,
unclean,neysan,unclean/neysan/201982839.jpg,.jpg,True,208,257,RGB,
unclean,neysan,unclean/neysan/201998076.jpg,.jpg,True,306,321,RGB,
unclean,neysan,unclean/neysan/202019896.jpg,.jpg,True,278,321,RGB,
unclean,neysan,unclean/neysan/202045297.jpg,.jpg,True,210,250,RGB,
unclean,neysan,unclean/neysan/202177183.jpg,.jpg,True,229,306,RGB,
unclean,neysan,unclean/neysan/202308812.jpg,.jpg,True,255,331,RGB,
unclean,neysan,unclean/neysan/202667629.jpg,.jpg,True,316,322,RGB,
unclean,neysan,unclean/neysan/202766710.jpg,.jpg,True,263,267,RGB,
unclean,neysan,unclean/neysan/202810079.jpg,.jpg,True,294,375,RGB,
unclean,neysan,unclean/neysan/202819083.jpg,.jpg,True,251,330,RGB,
unclean,neysan,unclean/neysan/202856843.jpg,.jpg,True,246,293,RGB,
unclean,neysan,unclean/neysan/202875871.jpg,.jpg,True,232,260,RGB,
unclean,neysan,unclean/neysan/202926245.jpg,.jpg,True,301,229,RGB,
unclean,neysan,unclean/neysan/202980222.jpg,.jpg,True,247,352,RGB,
unclean,neysan,unclean/neysan/203138968.jpg,.jpg,True,247,314,RGB,
unclean,neysan,unclean/neysan/203213711.jpg,.jpg,True,233,236,RGB,
unclean,neysan,unclean/neysan/203270338.jpg,.jpg,True,277,287,RGB,
unclean,neysan,unclean/neysan/203362157.jpg,.jpg,True,232,287,RGB,
unclean,neysan,unclean/neysan/203454250.jpg,.jpg,True,247,316,RGB,
unclean,neysan,unclean/neysan/203938980.jpg,.jpg,True,294,328,RGB,
unclean,neysan,unclean/neysan/204002318.jpg,.jpg,True,252,323,RGB,
unclean,neysan,unclean/neysan/204210347.jpg,.jpg,True,239,313,RGB,
unclean,neysan,unclean/neysan/204405545.jpg,.jpg,True,279,322,RGB,
unclean,neysan,unclean/neysan/204725649.jpg,.jpg,True,255,316,RGB,
unclean,neysan,unclean/neysan/204859983.jpg,.jpg,True,295,329,RGB,
unclean,neysan,unclean/neysan/205193554.jpg,.jpg,True,217,267,RGB,
unclean,neysan,unclean/neysan/205262878.jpg,.jpg,True,269,232,RGB,
unclean,neysan,unclean/neysan/205272178.jpg,.jpg,True,233,258,RGB,
unclean,neysan,unclean/neysan/205317833.jpg,.jpg,True,323,248,RGB,
unclean,neysan,unclean/neysan/205327149.jpg,.jpg,True,291,319,RGB,
unclean,neysan,unclean/neysan/205354707.jpg,.jpg,True,227,288,RGB,
unclean,neysan,unclean/neysan/205359219.jpg,.jpg,True,277,306,RGB,
unclean,neysan,unclean/neysan/205573319.jpg,.jpg,True,257,355,RGB,
unclean,neysan,unclean/neysan/205720297.jpg,.jpg,True,328,310,RGB,
unclean,neysan,unclean/neysan/205765142.jpg,.jpg,True,296,313,RGB,
unclean,neysan,unclean/neysan/205788026.jpg,.jpg,True,215,276,RGB,
unclean,neysan,unclean/neysan/205814375.jpg,.jpg,True,341,390,RGB,
unclean,neysan,unclean/neysan/205839665.jpg,.jpg,True,282,259,RGB,
unclean,neysan,unclean/neysan/205893783.jpg,.jpg,True,260,239,RGB,
unclean,neysan,unclean/neysan/205952169.jpg,.jpg,True,239,269,RGB,
unclean,neysan,unclean/neysan/205997164.jpg,.jpg,True,305,404,RGB,
unclean,neysan,unclean/neysan/206000639.jpg,.jpg,True,322,361,RGB,
unclean,neysan,unclean/neysan/206019581.jpg,.jpg,True,225,360,RGB,
unclean,neysan,unclean/neysan/206081296.jpg,.jpg,True,250,294,RGB,
unclean,neysan,unclean/neysan/206095693.jpg,.jpg,True,356,310,RGB,
unclean,neysan,unclean/neysan/206133475.jpg,.jpg,True,291,263,RGB,
unclean,neysan,unclean/neysan/206134330.jpg,.jpg,True,285,372,RGB,
unclean,neysan,unclean/neysan/206146531.jpg,.jpg,True,314,278,RGB,
unclean,neysan,unclean/neysan/206157146.jpg,.jpg,True,247,315,RGB,
unclean,neysan,unclean/neysan/206171093.jpg,.jpg,True,240,254,RGB,
unclean,neysan,unclean/neysan/206203349.jpg,.jpg,True,254,375,RGB,
unclean,neysan,unclean/neysan/206216604.jpg,.jpg,True,245,332,RGB,
unclean,neysan,unclean/neysan/206278229.jpg,.jpg,True,279,329,RGB,
unclean,neysan,unclean/neysan/206292031.jpg,.jpg,True,233,321,RGB,
unclean,neysan,unclean/neysan/206357127.jpg,.jpg,True,231,310,RGB,
unclean,neysan,unclean/neysan/206569698.jpg,.jpg,True,275,293,RGB,
unclean,neysan,unclean/neysan/206608462.jpg,.jpg,True,245,304,RGB,
unclean,neysan,unclean/neysan/206612809.jpg,.jpg,True,266,332,RGB,
unclean,neysan,unclean/neysan/206621017.jpg,.jpg,True,248,378,RGB,
unclean,neysan,unclean/neysan/206621338.jpg,.jpg,True,251,328,RGB,
unclean,neysan,unclean/neysan/206728042.jpg,.jpg,True,277,306,RGB,
unclean,neysan,unclean/neysan/206739448.jpg,.jpg,True,267,301,RGB,
unclean,neysan,unclean/neysan/206990805.jpg,.jpg,True,250,414,RGB,
unclean,neysan,unclean/neysan/207057519.jpg,.jpg,True,253,309,RGB,
unclean,neysan,unclean/neysan/207079360.jpg,.jpg,True,243,323,RGB,
unclean,neysan,unclean/neysan/207089258.jpg,.jpg,True,206,221,RGB,
unclean,neysan,unclean/neysan/207142000.jpg,.jpg,True,248,302,RGB,
unclean,neysan,unclean/neysan/207142715.jpg,.jpg,True,246,305,RGB,
unclean,neysan,unclean/neysan/207145836.jpg,.jpg,True,234,270,RGB,
unclean,neysan,unclean/neysan/207163688.jpg,.jpg,True,295,312,RGB,
unclean,neysan,unclean/neysan/207200870.jpg,.jpg,True,256,343,RGB,
unclean,neysan,unclean/neysan/207216359.jpg,.jpg,True,255,324,RGB,
unclean,neysan,unclean/neysan/207379908.jpg,.jpg,True,262,327,RGB,
unclean,neysan,unclean/neysan/207385887.jpg,.jpg,True,247,371,RGB,
unclean,neysan,unclean/neysan/207412597.jpg,.jpg,True,243,321,RGB,
unclean,neysan,unclean/neysan/207588795.jpg,.jpg,True,258,328,RGB,
unclean,neysan,unclean/neysan/207596603.jpg,.jpg,True,281,375,RGB,
unclean,neysan,unclean/neysan/207677276.jpg,.jpg,True,286,286,RGB,
unclean,neysan,unclean/neysan/207684145.jpg,.jpg,True,259,289,RGB,
unclean,neysan,unclean/neysan/207696354.jpg,.jpg,True,261,344,RGB,
unclean,neysan,unclean/neysan/207739732.jpg,.jpg,True,245,341,RGB,
unclean,neysan,unclean/neysan/207742359.jpg,.jpg,True,254,328,RGB,
unclean,neysan,unclean/neysan/207748261.jpg,.jpg,True,256,312,RGB,
unclean,neysan,unclean/neysan/207749551.jpg,.jpg,True,255,312,RGB,
unclean,neysan,unclean/neysan/207752161.jpg,.jpg,True,271,327,RGB,
unclean,neysan,unclean/neysan/207767728.jpg,.jpg,True,258,342,RGB,
unclean,neysan,unclean/neysan/207785775.jpg,.jpg,True,216,267,RGB,
unclean,neysan,unclean/neysan/207786156.jpg,.jpg,True,245,291,RGB,
unclean,neysan,unclean/neysan/207846586.jpg,.jpg,True,250,347,RGB,
unclean,neysan,unclean/neysan/207850008.jpg,.jpg,True,244,369,RGB,
unclean,neysan,unclean/neysan/207857872.jpg,.jpg,True,263,311,RGB,
unclean,neysan,unclean/neysan/207861786.jpg,.jpg,True,257,300,RGB,
unclean,neysan,unclean/neysan/207864719.jpg,.jpg,True,252,320,RGB,
unclean,neysan,unclean/neysan/207965767.jpg,.jpg,True,244,308,RGB,
unclean,neysan,unclean/neysan/207974100.jpg,.jpg,True,298,324,RGB,
unclean,neysan,unclean/neysan/208014246.jpg,.jpg,True,245,321,RGB,
unclean,neysan,unclean/neysan/208025714.jpg,.jpg,True,256,310,RGB,
unclean,neysan,unclean/neysan/208031990.jpg,.jpg,True,253,342,RGB,
unclean,neysan,unclean/neysan/208036477.jpg,.jpg,True,248,326,RGB,
unclean,neysan,unclean/neysan/208044083.jpg,.jpg,True,240,322,RGB,
unclean,neysan,unclean/neysan/208091182.jpg,.jpg,True,293,318,RGB,
unclean,neysan,unclean/neysan/208096370.jpg,.jpg,True,265,334,RGB,
unclean,neysan,unclean/neysan/208131330.jpg,.jpg,True,281,380,RGB,
unclean,neysan,unclean/neysan/208195180.jpg,.jpg,True,237,328,RGB,
unclean,neysan,unclean/neysan/208197304.jpg,.jpg,True,264,303,RGB,
unclean,neysan,unclean/neysan/208228643.jpg,.jpg,True,248,379,RGB,
unclean,neysan,unclean/neysan/208270780.jpg,.jpg,True,255,314,RGB,
unclean,neysan,unclean/neysan/208280084.jpg,.jpg,True,263,313,RGB,
unclean,neysan,unclean/neysan/208285763.jpg,.jpg,True,262,338,RGB,
unclean,neysan,unclean/neysan/208296936.jpg,.jpg,True,247,327,RGB,
unclean,neysan,unclean/neysan/208328663.jpg,.jpg,True,250,315,RGB,
unclean,neysan,unclean/neysan/208331769.jpg,.jpg,True,249,296,RGB,
unclean,neysan,unclean/neysan/208337677.jpg,.jpg,True,285,315,RGB,
unclean,neysan,unclean/neysan/208339363.jpg,.jpg,True,255,320,RGB,
unclean,neysan,unclean/neysan/208386363.jpg,.jpg,True,300,329,RGB,
unclean,neysan,unclean/neysan/208422550.jpg,.jpg,True,249,295,RGB,
unclean,neysan,unclean/neysan/208431179.jpg,.jpg,True,241,332,RGB,
unclean,neysan,unclean/neysan/208475226.jpg,.jpg,True,227,309,RGB,
unclean,neysan,unclean/neysan/208497709.jpg,.jpg,True,258,358,RGB,
unclean,neysan,unclean/neysan/208529735.jpg,.jpg,True,256,308,RGB,
unclean,neysan,unclean/neysan/208582339.jpg,.jpg,True,237,306,RGB,
unclean,neysan,unclean/neysan/208586813.jpg,.jpg,True,242,317,RGB,
unclean,neysan,unclean/neysan/208592216.jpg,.jpg,True,248,318,RGB,
unclean,neysan,unclean/neysan/208593884.jpg,.jpg,True,259,318,RGB,
unclean,neysan,unclean/neysan/208657736.jpg,.jpg,True,241,365,RGB,
unclean,neysan,unclean/neysan/208671162.jpg,.jpg,True,268,320,RGB,
unclean,neysan,unclean/neysan/208678784.jpg,.jpg,True,297,374,RGB,
unclean,neysan,unclean/neysan/208707423.jpg,.jpg,True,240,301,RGB,
unclean,neysan,unclean/neysan/208758342.jpg,.jpg,True,258,331,RGB,
unclean,neysan,unclean/neysan/208758405.jpg,.jpg,True,229,298,RGB,
unclean,neysan,unclean/neysan/209014176.jpg,.jpg,True,260,309,RGB,
unclean,neysan,unclean/neysan/209052190.jpg,.jpg,True,235,327,RGB,
unclean,neysan,unclean/neysan/209096424.jpg,.jpg,True,234,314,RGB,
unclean,neysan,unclean/neysan/209172997.jpg,.jpg,True,238,315,RGB,
unclean,neysan,unclean/neysan/209271297.jpg,.jpg,True,198,264,RGB,
unclean,neysan,unclean/neysan/209303406.jpg,.jpg,True,190,276,RGB,
unclean,neysan,unclean/neysan/209320911.jpg,.jpg,True,207,276,RGB,
unclean,neysan,unclean/neysan/209440438.jpg,.jpg,True,246,311,RGB,
unclean,neysan,unclean/neysan/209493858.jpg,.jpg,True,189,240,RGB,
unclean,neysan,unclean/neysan/209500130.jpg,.jpg,True,255,321,RGB,
unclean,neysan,unclean/neysan/209693167.jpg,.jpg,True,180,240,RGB,
unclean,neysan,unclean/neysan/209726658.jpg,.jpg,True,171,228,RGB,
unclean,neysan,unclean/neysan/209749493.jpg,.jpg,True,180,240,RGB,
unclean,neysan,unclean/neysan/209766482.jpg,.jpg,True,177,240,RGB,
unclean,neysan,unclean/neysan/209893847.jpg,.jpg,True,210,276,RGB,
unclean,neysan,unclean/neysan/209919775.jpg,.jpg,True,235,314,RGB,
unclean,neysan,unclean/neysan/209937838.jpg,.jpg,True,207,276,RGB,
unclean,neysan,unclean/neysan/209943473.jpg,.jpg,True,177,240,RGB,
unclean,neysan,unclean/neysan/210121027.jpg,.jpg,True,198,269,RGB,
unclean,neysan,unclean/neysan/210404279.jpg,.jpg,True,228,312,RGB,
unclean,neysan,unclean/neysan/210576543.jpg,.jpg,True,277,312,RGB,
unclean,neysan,unclean/neysan/210603202.jpg,.jpg,True,207,251,RGB,
unclean,neysan,unclean/neysan/210682674.jpg,.jpg,True,256,326,RGB,
unclean,neysan,unclean/neysan/210735083.jpg,.jpg,True,248,311,RGB,
unclean,neysan,unclean/neysan/211040523.jpg,.jpg,True,248,375,RGB,
unclean,neysan,unclean/neysan/211048353.jpg,.jpg,True,267,293,RGB,
unclean,neysan,unclean/neysan/211341025.jpg,.jpg,True,224,295,RGB,
unclean,neysan,unclean/neysan/211397697.jpg,.jpg,True,213,242,RGB,
unclean,neysan,unclean/neysan/211529650.jpg,.jpg,True,258,375,RGB,
unclean,neysan,unclean/neysan/211681485.jpg,.jpg,True,207,261,RGB,
unclean,neysan,unclean/neysan/211683675.jpg,.jpg,True,210,276,RGB,
unclean,neysan,unclean/neysan/211742372.jpg,.jpg,True,180,237,RGB,
unclean,neysan,unclean/neysan/211821251.jpg,.jpg,True,207,276,RGB,
unclean,neysan,unclean/neysan/211921402.jpg,.jpg,True,180,240,RGB,
unclean,neysan,unclean/neysan/211960009.jpg,.jpg,True,186,252,RGB,
unclean,neysan,unclean/neysan/211979013.jpg,.jpg,True,195,264,RGB,
unclean,neysan,unclean/neysan/212001729.jpg,.jpg,True,207,288,RGB,
unclean,neysan,unclean/neysan/212002204.jpg,.jpg,True,177,240,RGB,
unclean,neysan,unclean/neysan/212029693.jpg,.jpg,True,189,240,RGB,
unclean,neysan,unclean/neysan/212037438.jpg,.jpg,True,274,311,RGB,
unclean,neysan,unclean/neysan/212107731.jpg,.jpg,True,180,228,RGB,
unclean,neysan,unclean/neysan/212131849.jpg,.jpg,True,207,276,RGB,
unclean,neysan,unclean/neysan/212164480.jpg,.jpg,True,210,276,RGB,
unclean,neysan,unclean/neysan/212177980.jpg,.jpg,True,210,276,RGB,
unclean,neysan,unclean/neysan/212179510.jpg,.jpg,True,207,276,RGB,
unclean,neysan,unclean/neysan/212188576.jpg,.jpg,True,207,265,RGB,
unclean,neysan,unclean/neysan/212199241.jpg,.jpg,True,189,240,RGB,
unclean,neysan,unclean/neysan/212205108.jpg,.jpg,True,195,264,RGB,
unclean,neysan,unclean/neysan/212228652.jpg,.jpg,True,207,276,RGB,
unclean,neysan,unclean/neysan/212246766.jpg,.jpg,True,177,240,RGB,
unclean,neysan,unclean/neysan/212275461.jpg,.jpg,True,186,240,RGB,
unclean,neysan,unclean/neysan/212286109.jpg,.jpg,True,201,252,RGB,
unclean,neysan,unclean/neysan/212344272.jpg,.jpg,True,272,302,RGB,
unclean,neysan,unclean/neysan/212359578.jpg,.jpg,True,180,228,RGB,
unclean,neysan,unclean/neysan/212400936.jpg,.jpg,True,177,227,RGB,
unclean,neysan,unclean/neysan/212468834.jpg,.jpg,True,244,678,RGB,
unclean,neysan,unclean/neysan/212486564.jpg,.jpg,True,207,257,RGB,
unclean,neysan,unclean/neysan/212557753.jpg,.jpg,True,171,228,RGB,
unclean,neysan,unclean/neysan/212670484.jpg,.jpg,True,198,264,RGB,
unclean,neysan,unclean/neysan/212899489.jpg,.jpg,True,195,252,RGB,
unclean,neysan,unclean/neysan/212916547.jpg,.jpg,True,180,240,RGB,
unclean,neysan,unclean/neysan/212933941.jpg,.jpg,True,189,252,RGB,
unclean,neysan,unclean/neysan/212946567.jpg,.jpg,True,198,264,RGB,
unclean,neysan,unclean/neysan/213024260.jpg,.jpg,True,289,640,RGB,
unclean,neysan,unclean/neysan/213201102.jpg,.jpg,True,207,276,RGB,
unclean,neysan,unclean/neysan/213213974.jpg,.jpg,True,186,252,RGB,
unclean,neysan,unclean/neysan/213250902.jpg,.jpg,True,207,276,RGB,
unclean,neysan,unclean/neysan/213306634.jpg,.jpg,True,241,326,RGB,
unclean,neysan,unclean/neysan/213349964.jpg,.jpg,True,189,241,RGB,
unclean,neysan,unclean/neysan/213393744.jpg,.jpg,True,177,240,RGB,
unclean,neysan,unclean/neysan/213453392.jpg,.jpg,True,207,275,RGB,
unclean,neysan,unclean/neysan/213474257.jpg,.jpg,True,171,213,RGB,
unclean,neysan,unclean/neysan/213477815.jpg,.jpg,True,186,252,RGB,
unclean,neysan,unclean/neysan/213498106.jpg,.jpg,True,252,283,RGB,
unclean,neysan,unclean/neysan/213499081.jpg,.jpg,True,207,276,RGB,
unclean,neysan,unclean/neysan/213510187.jpg,.jpg,True,189,247,RGB,
unclean,neysan,unclean/neysan/213512974.jpg,.jpg,True,207,276,RGB,
unclean,neysan,unclean/neysan/213516467.jpg,.jpg,True,150,204,RGB,
unclean,neysan,unclean/neysan/213543287.jpg,.jpg,True,189,235,RGB,
unclean,neysan,unclean/neysan/213563450.jpg,.jpg,True,159,216,RGB,
unclean,neysan,unclean/neysan/213596552.jpg,.jpg,True,180,228,RGB,
unclean,neysan,unclean/neysan/213632816.jpg,.jpg,True,198,264,RGB,
unclean,neysan,unclean/neysan/213693780.jpg,.jpg,True,207,276,RGB,
unclean,neysan,unclean/neysan/213775881.jpg,.jpg,True,186,252,RGB,
unclean,neysan,unclean/neysan/213797207.jpg,.jpg,True,186,252,RGB,
unclean,neysan,unclean/neysan/213802809.jpg,.jpg,True,198,264,RGB,
unclean,neysan,unclean/neysan/213961662.jpg,.jpg,True,189,252,RGB,
unclean,neysan,unclean/neysan/214033035.jpg,.jpg,True,198,245,RGB,
unclean,neysan,unclean/neysan/214297729.jpg,.jpg,True,207,276,RGB,
unclean,neysan,unclean/neysan/214354307.jpg,.jpg,True,180,228,RGB,
unclean,neysan,unclean/neysan/214415720.jpg,.jpg,True,186,252,RGB,
unclean,neysan,unclean/neysan/214500693.jpg,.jpg,True,207,268,RGB,
unclean,neysan,unclean/neysan/214534544.jpg,.jpg,True,171,228,RGB,
unclean,neysan,unclean/neysan/214538220.jpg,.jpg,True,195,252,RGB,
unclean,neysan,unclean/neysan/214543167.jpg,.jpg,True,189,240,RGB,
unclean,neysan,unclean/neysan/214570473.jpg,.jpg,True,189,240,RGB,
unclean,neysan,unclean/neysan/214572271.jpg,.jpg,True,253,366,RGB,
unclean,neysan,unclean/neysan/214575134.jpg,.jpg,True,198,264,RGB,
unclean,neysan,unclean/neysan/214596732.jpg,.jpg,True,210,276,RGB,
unclean,neysan,unclean/neysan/214628303.jpg,.jpg,True,195,252,RGB,
unclean,neysan,unclean/neysan/214679839.jpg,.jpg,True,177,228,RGB,
unclean,neysan,unclean/neysan/214704493.jpg,.jpg,True,207,276,RGB,
unclean,neysan,unclean/neysan/214710884.jpg,.jpg,True,186,252,RGB,
unclean,neysan,unclean/neysan/214716307.jpg,.jpg,True,171,216,RGB,
unclean,neysan,unclean/neysan/214776623.jpg,.jpg,True,186,252,RGB,
unclean,neysan,unclean/neysan/214782972.jpg,.jpg,True,150,204,RGB,
unclean,neysan,unclean/neysan/214814000.jpg,.jpg,True,207,276,RGB,
unclean,neysan,unclean/neysan/214838660.jpg,.jpg,True,256,312,RGB,
unclean,neysan,unclean/neysan/214844236.jpg,.jpg,True,156,204,RGB,
unclean,neysan,unclean/neysan/214846176.jpg,.jpg,True,189,240,RGB,
unclean,neysan,unclean/neysan/215022451.jpg,.jpg,True,207,265,RGB,
unclean,neysan,unclean/neysan/215055953.jpg,.jpg,True,189,240,RGB,
unclean,neysan,unclean/neysan/215107013.jpg,.jpg,True,186,240,RGB,
unclean,neysan,unclean/neysan/215109203.jpg,.jpg,True,186,252,RGB,
unclean,neysan,unclean/neysan/215297064.jpg,.jpg,True,210,276,RGB,
unclean,neysan,unclean/neysan/215575111.jpg,.jpg,True,210,276,RGB,
unclean,neysan,unclean/neysan/215583918.jpg,.jpg,True,186,252,RGB,
unclean,neysan,unclean/neysan/215607701.jpg,.jpg,True,189,252,RGB,
unclean,neysan,unclean/neysan/215616328.jpg,.jpg,True,189,252,RGB,
unclean,neysan,unclean/neysan/215649880.jpg,.jpg,True,198,264,RGB,
unclean,neysan,unclean/neysan/215698156.jpg,.jpg,True,210,276,RGB,
unclean,neysan,unclean/neysan/215714541.jpg,.jpg,True,198,252,RGB,
unclean,neysan,unclean/neysan/215717560.jpg,.jpg,True,177,228,RGB,
unclean,neysan,unclean/neysan/215720225.jpg,.jpg,True,207,271,RGB,
unclean,neysan,unclean/neysan/215726436.jpg,.jpg,True,186,240,RGB,
unclean,neysan,unclean/neysan/215733811.jpg,.jpg,True,189,240,RGB,
unclean,neysan,unclean/neysan/215738096.jpg,.jpg,True,251,295,RGB,
unclean,neysan,unclean/neysan/215755752.jpg,.jpg,True,210,276,RGB,
unclean,neysan,unclean/neysan/215780374.jpg,.jpg,True,198,264,RGB,
unclean,neysan,unclean/neysan/215821681.jpg,.jpg,True,189,252,RGB,
unclean,neysan,unclean/neysan/215836175.jpg,.jpg,True,207,269,RGB,
unclean,neysan,unclean/neysan/215857042.jpg,.jpg,True,198,264,RGB,
unclean,neysan,unclean/neysan/215880051.jpg,.jpg,True,210,269,RGB,
unclean,neysan,unclean/neysan/215896255.jpg,.jpg,True,198,264,RGB,
unclean,neysan,unclean/neysan/215904549.jpg,.jpg,True,198,244,RGB,
unclean,neysan,unclean/neysan/215976038.jpg,.jpg,True,207,259,RGB,
unclean,neysan,unclean/neysan/215977687.jpg,.jpg,True,207,273,RGB,
unclean,neysan,unclean/neysan/216001977.jpg,.jpg,True,180,240,RGB,
unclean,neysan,unclean/neysan/216011516.jpg,.jpg,True,180,228,RGB,
unclean,neysan,unclean/neysan/216034128.jpg,.jpg,True,186,234,RGB,
unclean,neysan,unclean/neysan/216044833.jpg,.jpg,True,189,240,RGB,
unclean,neysan,unclean/neysan/216085337.jpg,.jpg,True,207,262,RGB,
unclean,neysan,unclean/neysan/216105326.jpg,.jpg,True,186,240,RGB,
unclean,neysan,unclean/neysan/216107182.jpg,.jpg,True,156,204,RGB,
unclean,neysan,unclean/neysan/216119284.jpg,.jpg,True,254,327,RGB,
unclean,neysan,unclean/neysan/216129042.jpg,.jpg,True,198,255,RGB,
unclean,neysan,unclean/neysan/216156094.jpg,.jpg,True,207,261,RGB,
unclean,neysan,unclean/neysan/216245889.jpg,.jpg,True,293,327,RGB,
unclean,neysan,unclean/neysan/216279064.jpg,.jpg,True,198,264,RGB,
unclean,neysan,unclean/neysan/216335667.jpg,.jpg,True,347,619,RGB,
unclean,neysan,unclean/neysan/216342000.jpg,.jpg,True,210,255,RGB,
unclean,neysan,unclean/neysan/216417392.jpg,.jpg,True,210,276,RGB,
unclean,neysan,unclean/neysan/216425162.jpg,.jpg,True,177,228,RGB,
unclean,neysan,unclean/neysan/216462815.jpg,.jpg,True,171,216,RGB,
unclean,neysan,unclean/neysan/216525289.jpg,.jpg,True,210,257,RGB,
unclean,neysan,unclean/neysan/216534642.jpg,.jpg,True,248,357,RGB,
unclean,neysan,unclean/neysan/216558081.jpg,.jpg,True,171,228,RGB,
unclean,neysan,unclean/neysan/216606189.jpg,.jpg,True,247,340,RGB,
unclean,neysan,unclean/neysan/216625212.jpg,.jpg,True,207,276,RGB,
unclean,neysan,unclean/neysan/216646205.jpg,.jpg,True,186,252,RGB,
unclean,neysan,unclean/neysan/216688804.jpg,.jpg,True,210,312,RGB,
unclean,neysan,unclean/neysan/216713191.jpg,.jpg,True,288,404,RGB,
unclean,neysan,unclean/neysan/216752426.jpg,.jpg,True,207,276,RGB,
unclean,neysan,unclean/neysan/216755502.jpg,.jpg,True,198,252,RGB,
unclean,neysan,unclean/neysan/216755768.jpg,.jpg,True,162,228,RGB,
unclean,neysan,unclean/neysan/216798672.jpg,.jpg,True,198,247,RGB,
unclean,neysan,unclean/neysan/216849972.jpg,.jpg,True,186,252,RGB,
unclean,neysan,unclean/neysan/216976584.jpg,.jpg,True,207,275,RGB,
unclean,neysan,unclean/neysan/216996756.jpg,.jpg,True,198,264,RGB,
unclean,neysan,unclean/neysan/217018686.jpg,.jpg,True,177,228,RGB,
unclean,neysan,unclean/neysan/217028894.jpg,.jpg,True,219,276,RGB,
unclean,neysan,unclean/neysan/217063632.jpg,.jpg,True,207,276,RGB,
unclean,neysan,unclean/neysan/217090683.jpg,.jpg,True,255,309,RGB,
unclean,neysan,unclean/neysan/217097271.jpg,.jpg,True,198,264,RGB,
unclean,neysan,unclean/neysan/217136863.jpg,.jpg,True,198,264,RGB,
unclean,neysan,unclean/neysan/217170964.jpg,.jpg,True,150,189,RGB,
unclean,neysan,unclean/neysan/217192410.jpg,.jpg,True,177,228,RGB,
unclean,neysan,unclean/neysan/217231423.jpg,.jpg,True,186,240,RGB,
unclean,neysan,unclean/neysan/217260102.jpg,.jpg,True,189,252,RGB,
unclean,neysan,unclean/neysan/217279618.jpg,.jpg,True,180,240,RGB,
unclean,neysan,unclean/neysan/217352815.jpg,.jpg,True,189,240,RGB,
unclean,neysan,unclean/neysan/217427995.jpg,.jpg,True,222,288,RGB,
unclean,neysan,unclean/neysan/217434868.jpg,.jpg,True,210,288,RGB,
unclean,neysan,unclean/neysan/217515157.jpg,.jpg,True,281,323,RGB,
unclean,neysan,unclean/neysan/217554061.jpg,.jpg,True,207,276,RGB,
unclean,neysan,unclean/neysan/217558673.jpg,.jpg,True,189,240,RGB,
unclean,neysan,unclean/neysan/217570438.jpg,.jpg,True,207,276,RGB,
unclean,neysan,unclean/neysan/217684475.jpg,.jpg,True,186,252,RGB,
unclean,neysan,unclean/neysan/217698430.jpg,.jpg,True,285,319,RGB,
unclean,neysan,unclean/neysan/217770313.jpg,.jpg,True,186,240,RGB,
unclean,neysan,unclean/neysan/217784730.jpg,.jpg,True,186,252,RGB,
unclean,neysan,unclean/neysan/217829551.jpg,.jpg,True,207,272,RGB,
unclean,neysan,unclean/neysan/217844142.jpg,.jpg,True,186,252,RGB,
unclean,neysan,unclean/neysan/217889120.jpg,.jpg,True,458,917,RGB,
unclean,neysan,unclean/neysan/217961793.jpg,.jpg,True,180,228,RGB,
unclean,neysan,unclean/neysan/217964355.jpg,.jpg,True,207,274,RGB,
unclean,neysan,unclean/neysan/217970196.jpg,.jpg,True,210,232,RGB,
unclean,neysan,unclean/neysan/217977559.jpg,.jpg,True,177,228,RGB,
unclean,neysan,unclean/neysan/217981226.jpg,.jpg,True,207,264,RGB,
unclean,neysan,unclean/neysan/217990722.jpg,.jpg,True,476,938,RGB,
unclean,neysan,unclean/neysan/218015373.jpg,.jpg,True,189,240,RGB,
unclean,neysan,unclean/neysan/218042482.jpg,.jpg,True,210,270,RGB,
unclean,neysan,unclean/neysan/218044166.jpg,.jpg,True,267,321,RGB,
unclean,neysan,unclean/neysan/218059558.jpg,.jpg,True,195,264,RGB,
unclean,neysan,unclean/neysan/218061222.jpg,.jpg,True,207,276,RGB,
unclean,neysan,unclean/neysan/218080336.jpg,.jpg,True,198,264,RGB,
unclean,neysan,unclean/neysan/218080868.jpg,.jpg,True,180,240,RGB,
unclean,neysan,unclean/neysan/218101940.jpg,.jpg,True,186,252,RGB,
unclean,neysan,unclean/neysan/218120114.jpg,.jpg,True,189,252,RGB,
unclean,neysan,unclean/neysan/218155360.jpg,.jpg,True,138,192,RGB,
unclean,neysan,unclean/neysan/218169177.jpg,.jpg,True,207,276,RGB,
unclean,neysan,unclean/neysan/218187967.jpg,.jpg,True,189,252,RGB,
unclean,neysan,unclean/neysan/218189460.jpg,.jpg,True,227,304,RGB,
unclean,neysan,unclean/neysan/218251629.jpg,.jpg,True,207,268,RGB,
unclean,neysan,unclean/neysan/218259572.jpg,.jpg,True,207,276,RGB,
unclean,neysan,unclean/neysan/218269888.jpg,.jpg,True,239,334,RGB,
unclean,neysan,unclean/neysan/218311235.jpg,.jpg,True,189,252,RGB,
unclean,neysan,unclean/neysan/218352401.jpg,.jpg,True,186,252,RGB,
unclean,neysan,unclean/neysan/218353100.jpg,.jpg,True,198,264,RGB,
unclean,neysan,unclean/neysan/218377226.jpg,.jpg,True,138,180,RGB,
unclean,neysan,unclean/neysan/218438512.jpg,.jpg,True,207,276,RGB,
unclean,neysan,unclean/neysan/218481035.jpg,.jpg,True,177,228,RGB,
unclean,neysan,unclean/neysan/218511513.jpg,.jpg,True,186,252,RGB,
unclean,neysan,unclean/neysan/218516808.jpg,.jpg,True,272,317,RGB,
unclean,neysan,unclean/neysan/218565025.jpg,.jpg,True,458,917,RGB,
unclean,neysan,unclean/neysan/218571705.jpg,.jpg,True,162,216,RGB,
unclean,neysan,unclean/neysan/218575779.jpg,.jpg,True,222,282,RGB,
unclean,neysan,unclean/neysan/218579053.jpg,.jpg,True,247,374,RGB,
unclean,neysan,unclean/neysan/218587266.jpg,.jpg,True,123,168,RGB,
unclean,neysan,unclean/neysan/218594379.jpg,.jpg,True,186,252,RGB,
unclean,neysan,unclean/neysan/218618891.jpg,.jpg,True,186,252,RGB,
unclean,neysan,unclean/neysan/218619586.jpg,.jpg,True,207,275,RGB,
unclean,neysan,unclean/neysan/218621398.jpg,.jpg,True,207,273,RGB,
unclean,neysan,unclean/neysan/218624569.jpg,.jpg,True,180,240,RGB,
unclean,neysan,unclean/neysan/218653329.jpg,.jpg,True,253,312,RGB,
unclean,neysan,unclean/neysan/218667942.jpg,.jpg,True,198,257,RGB,
unclean,neysan,unclean/neysan/218692911.jpg,.jpg,True,207,276,RGB,
unclean,neysan,unclean/neysan/218701154.jpg,.jpg,True,177,227,RGB,
unclean,neysan,unclean/neysan/218706383.jpg,.jpg,True,189,252,RGB,
unclean,neysan,unclean/neysan/218706427.jpg,.jpg,True,198,251,RGB,
unclean,neysan,unclean/neysan/218706597.jpg,.jpg,True,159,264,RGB,
unclean,neysan,unclean/neysan/218733711.jpg,.jpg,True,198,252,RGB,
unclean,neysan,unclean/neysan/218743756.jpg,.jpg,True,210,264,RGB,
unclean,neysan,unclean/neysan/218753316.jpg,.jpg,True,207,276,RGB,
unclean,neysan,unclean/neysan/218769882.jpg,.jpg,True,254,329,RGB,
unclean,neysan,unclean/neysan/218785295.jpg,.jpg,True,207,259,RGB,
unclean,neysan,unclean/neysan/218807829.jpg,.jpg,True,180,228,RGB,
unclean,neysan,unclean/neysan/218844658.jpg,.jpg,True,263,309,RGB,
unclean,neysan,unclean/neysan/218847866.jpg,.jpg,True,177,240,RGB,
unclean,neysan,unclean/neysan/218870355.jpg,.jpg,True,189,252,RGB,
unclean,neysan,unclean/neysan/218873530.jpg,.jpg,True,186,251,RGB,
unclean,neysan,unclean/neysan/218879049.jpg,.jpg,True,189,252,RGB,
unclean,neysan,unclean/neysan/218879297.jpg,.jpg,True,186,252,RGB,
unclean,neysan,unclean/neysan/218886563.jpg,.jpg,True,189,241,RGB,
unclean,neysan,unclean/neysan/218890033.jpg,.jpg,True,186,252,RGB,
unclean,neysan,unclean/neysan/218912535.jpg,.jpg,True,210,276,RGB,
unclean,neysan,unclean/neysan/218932038.jpg,.jpg,True,146,228,RGB,
unclean,neysan,unclean/neysan/218939947.jpg,.jpg,True,195,264,RGB,
unclean,neysan,unclean/neysan/218970336.jpg,.jpg,True,282,337,RGB,
unclean,neysan,unclean/neysan/218980394.jpg,.jpg,True,186,251,RGB,
unclean,neysan,unclean/neysan/218981053.jpg,.jpg,True,186,252,RGB,
unclean,neysan,unclean/neysan/218981637.jpg,.jpg,True,133,252,RGB,
unclean,neysan,unclean/neysan/218984663.jpg,.jpg,True,242,323,RGB,
unclean,neysan,unclean/neysan/219013565.jpg,.jpg,True,189,238,RGB,
unclean,neysan,unclean/neysan/219016956.jpg,.jpg,True,186,252,RGB,
unclean,neysan,unclean/neysan/219037231.jpg,.jpg,True,132,237,RGB,
unclean,neysan,unclean/neysan/219111121.jpg,.jpg,True,190,330,RGB,
unclean,neysan,unclean/neysan/219117401.jpg,.jpg,True,153,237,RGB,
unclean,savari,unclean/savari/194293170.jpg,.jpg,True,246,276,RGB,
unclean,savari,unclean/savari/195433974.jpg,.jpg,True,292,250,RGB,
unclean,savari,unclean/savari/195552420.jpg,.jpg,True,284,269,RGB,
unclean,savari,unclean/savari/195724812.jpg,.jpg,True,237,272,RGB,
unclean,savari,unclean/savari/195800847.jpg,.jpg,True,294,254,RGB,
unclean,savari,unclean/savari/195877097.jpg,.jpg,True,385,451,RGB,
unclean,savari,unclean/savari/195946835.jpg,.jpg,True,298,269,RGB,
unclean,savari,unclean/savari/197061032.jpg,.jpg,True,284,270,RGB,
unclean,savari,unclean/savari/197570674.jpg,.jpg,True,254,271,RGB,
unclean,savari,unclean/savari/197726987.jpg,.jpg,True,279,285,RGB,
unclean,savari,unclean/savari/197940827.jpg,.jpg,True,244,216,RGB,
unclean,savari,unclean/savari/198043112.jpg,.jpg,True,260,213,RGB,
unclean,savari,unclean/savari/198098595.jpg,.jpg,True,239,275,RGB,
unclean,savari,unclean/savari/198102291.jpg,.jpg,True,294,287,RGB,
unclean,savari,unclean/savari/198114661.jpg,.jpg,True,282,281,RGB,
unclean,savari,unclean/savari/198373557.jpg,.jpg,True,270,243,RGB,
unclean,savari,unclean/savari/198464048.jpg,.jpg,True,267,234,RGB,
unclean,savari,unclean/savari/198468980.jpg,.jpg,True,290,260,RGB,
unclean,savari,unclean/savari/198480913.jpg,.jpg,True,287,351,RGB,
unclean,savari,unclean/savari/198541116.jpg,.jpg,True,243,233,RGB,
unclean,savari,unclean/savari/198640972.jpg,.jpg,True,222,242,RGB,
unclean,savari,unclean/savari/199250608.jpg,.jpg,True,232,268,RGB,
unclean,savari,unclean/savari/199291703.jpg,.jpg,True,255,248,RGB,
unclean,savari,unclean/savari/199652334.jpg,.jpg,True,245,263,RGB,
unclean,savari,unclean/savari/199825671.jpg,.jpg,True,275,248,RGB,
unclean,savari,unclean/savari/199838206.jpg,.jpg,True,276,275,RGB,
unclean,savari,unclean/savari/199907289.jpg,.jpg,True,257,270,RGB,
unclean,savari,unclean/savari/200499854.jpg,.jpg,True,268,272,RGB,
unclean,savari,unclean/savari/200806002.jpg,.jpg,True,303,244,RGB,
unclean,savari,unclean/savari/200931514.jpg,.jpg,True,239,257,RGB,
unclean,savari,unclean/savari/201454407.jpg,.jpg,True,252,302,RGB,
unclean,savari,unclean/savari/201705208.jpg,.jpg,True,288,281,RGB,
unclean,savari,unclean/savari/201795618.jpg,.jpg,True,269,266,RGB,
unclean,savari,unclean/savari/201795933.jpg,.jpg,True,263,244,RGB,
unclean,savari,unclean/savari/202162130.jpg,.jpg,True,245,259,RGB,
unclean,savari,unclean/savari/202172611.jpg,.jpg,True,296,280,RGB,
unclean,savari,unclean/savari/202545543.jpg,.jpg,True,230,250,RGB,
unclean,savari,unclean/savari/203013904.jpg,.jpg,True,269,271,RGB,
unclean,savari,unclean/savari/203405391.jpg,.jpg,True,245,272,RGB,
unclean,savari,unclean/savari/205048854.jpg,.jpg,True,248,276,RGB,
unclean,savari,unclean/savari/205160387.jpg,.jpg,True,257,251,RGB,
unclean,savari,unclean/savari/205317151.jpg,.jpg,True,236,227,RGB,
unclean,savari,unclean/savari/205576507.jpg,.jpg,True,270,268,RGB,
unclean,savari,unclean/savari/205668577.jpg,.jpg,True,309,258,RGB,
unclean,savari,unclean/savari/205754454.jpg,.jpg,True,280,333,RGB,
unclean,savari,unclean/savari/205865817.jpg,.jpg,True,249,251,RGB,
unclean,savari,unclean/savari/206138343.jpg,.jpg,True,267,264,RGB,
unclean,savari,unclean/savari/206190231.jpg,.jpg,True,305,261,RGB,
unclean,savari,unclean/savari/206276702.jpg,.jpg,True,233,242,RGB,
unclean,savari,unclean/savari/206277240.jpg,.jpg,True,267,226,RGB,
unclean,savari,unclean/savari/206416762.jpg,.jpg,True,265,276,RGB,
unclean,savari,unclean/savari/206644295.jpg,.jpg,True,246,265,RGB,
unclean,savari,unclean/savari/206793149.jpg,.jpg,True,258,269,RGB,
unclean,savari,unclean/savari/206883575.jpg,.jpg,True,268,284,RGB,
unclean,savari,unclean/savari/207151442.jpg,.jpg,True,259,265,RGB,
unclean,savari,unclean/savari/207298239.jpg,.jpg,True,233,269,RGB,
unclean,savari,unclean/savari/207764744.jpg,.jpg,True,269,261,RGB,
unclean,savari,unclean/savari/207785205.jpg,.jpg,True,230,221,RGB,
unclean,savari,unclean/savari/207835536.jpg,.jpg,True,233,267,RGB,
unclean,savari,unclean/savari/207938297.jpg,.jpg,True,240,295,RGB,
unclean,savari,unclean/savari/208215002.jpg,.jpg,True,240,273,RGB,
unclean,savari,unclean/savari/208418093.jpg,.jpg,True,295,294,RGB,
unclean,savari,unclean/savari/208507398.jpg,.jpg,True,247,274,RGB,
unclean,savari,unclean/savari/208741036.jpg,.jpg,True,224,255,RGB,
unclean,savari,unclean/savari/208835631.jpg,.jpg,True,243,275,RGB,
unclean,savari,unclean/savari/208896884.jpg,.jpg,True,234,247,RGB,
unclean,savari,unclean/savari/209019732.jpg,.jpg,True,240,269,RGB,
unclean,savari,unclean/savari/209038770.jpg,.jpg,True,235,242,RGB,
unclean,savari,unclean/savari/209155552.jpg,.jpg,True,267,290,RGB,
unclean,savari,unclean/savari/209165603.jpg,.jpg,True,248,262,RGB,
unclean,savari,unclean/savari/209430101.jpg,.jpg,True,234,253,RGB,
unclean,savari,unclean/savari/209434334.jpg,.jpg,True,248,270,RGB,
unclean,savari,unclean/savari/209449668.jpg,.jpg,True,189,252,RGB,
unclean,savari,unclean/savari/209690806.jpg,.jpg,True,198,264,RGB,
unclean,savari,unclean/savari/209718955.jpg,.jpg,True,180,238,RGB,
unclean,savari,unclean/savari/210000938.jpg,.jpg,True,195,264,RGB,
unclean,savari,unclean/savari/210043852.jpg,.jpg,True,207,276,RGB,
unclean,savari,unclean/savari/210205517.jpg,.jpg,True,218,267,RGB,
unclean,savari,unclean/savari/210273275.jpg,.jpg,True,271,277,RGB,
unclean,savari,unclean/savari/210380464.jpg,.jpg,True,241,264,RGB,
unclean,savari,unclean/savari/210494128.jpg,.jpg,True,233,257,RGB,
unclean,savari,unclean/savari/210514855.jpg,.jpg,True,227,277,RGB,
unclean,savari,unclean/savari/210570601.jpg,.jpg,True,246,273,RGB,
unclean,savari,unclean/savari/210591541.jpg,.jpg,True,245,266,RGB,
unclean,savari,unclean/savari/210680167.jpg,.jpg,True,267,260,RGB,
unclean,savari,unclean/savari/210708482.jpg,.jpg,True,234,242,RGB,
unclean,savari,unclean/savari/210824968.jpg,.jpg,True,267,367,RGB,
unclean,savari,unclean/savari/210866108.jpg,.jpg,True,253,254,RGB,
unclean,savari,unclean/savari/210955415.jpg,.jpg,True,244,267,RGB,
unclean,savari,unclean/savari/211101941.jpg,.jpg,True,243,264,RGB,
unclean,savari,unclean/savari/211317276.jpg,.jpg,True,244,274,RGB,
unclean,savari,unclean/savari/211342364.jpg,.jpg,True,270,269,RGB,
unclean,savari,unclean/savari/211383068.jpg,.jpg,True,219,226,RGB,
unclean,savari,unclean/savari/211490232.jpg,.jpg,True,224,266,RGB,
unclean,savari,unclean/savari/211607090.jpg,.jpg,True,180,240,RGB,
unclean,savari,unclean/savari/211858432.jpg,.jpg,True,186,252,RGB,
unclean,savari,unclean/savari/211872752.jpg,.jpg,True,189,252,RGB,
unclean,savari,unclean/savari/211934537.jpg,.jpg,True,177,240,RGB,
unclean,savari,unclean/savari/212125069.jpg,.jpg,True,201,264,RGB,
unclean,savari,unclean/savari/212213154.jpg,.jpg,True,189,252,RGB,
unclean,savari,unclean/savari/212245343.jpg,.jpg,True,189,252,RGB,
unclean,savari,unclean/savari/212277145.jpg,.jpg,True,198,253,RGB,
unclean,savari,unclean/savari/212357584.jpg,.jpg,True,180,240,RGB,
unclean,savari,unclean/savari/212557751.jpg,.jpg,True,207,264,RGB,
unclean,savari,unclean/savari/212740634.jpg,.jpg,True,177,240,RGB,
unclean,savari,unclean/savari/212763648.jpg,.jpg,True,207,232,RGB,
unclean,savari,unclean/savari/213161227.jpg,.jpg,True,189,252,RGB,
unclean,savari,unclean/savari/213269293.jpg,.jpg,True,177,240,RGB,
unclean,savari,unclean/savari/213387241.jpg,.jpg,True,195,264,RGB,
unclean,savari,unclean/savari/213558533.jpg,.jpg,True,264,429,RGB,
unclean,savari,unclean/savari/213701981.jpg,.jpg,True,207,262,RGB,
unclean,savari,unclean/savari/214318978.jpg,.jpg,True,219,276,RGB,
unclean,savari,unclean/savari/214344756.jpg,.jpg,True,210,264,RGB,
unclean,savari,unclean/savari/214536826.jpg,.jpg,True,293,607,RGB,
unclean,savari,unclean/savari/214593501.jpg,.jpg,True,276,485,RGB,
unclean,savari,unclean/savari/214619124.jpg,.jpg,True,186,252,RGB,
unclean,savari,unclean/savari/214631845.jpg,.jpg,True,150,189,RGB,
unclean,savari,unclean/savari/214643894.jpg,.jpg,True,210,276,RGB,
unclean,savari,unclean/savari/214692016.jpg,.jpg,True,189,240,RGB,
unclean,savari,unclean/savari/214697912.jpg,.jpg,True,156,216,RGB,
unclean,savari,unclean/savari/214729380.jpg,.jpg,True,329,598,RGB,
unclean,savari,unclean/savari/214737191.jpg,.jpg,True,198,240,RGB,
unclean,savari,unclean/savari/214764331.jpg,.jpg,True,177,240,RGB,
unclean,savari,unclean/savari/214818268.jpg,.jpg,True,189,252,RGB,
unclean,savari,unclean/savari/214832756.jpg,.jpg,True,210,276,RGB,
unclean,savari,unclean/savari/214835469.jpg,.jpg,True,150,192,RGB,
unclean,savari,unclean/savari/214848779.jpg,.jpg,True,346,435,RGB,
unclean,savari,unclean/savari/215119324.jpg,.jpg,True,198,264,RGB,
unclean,savari,unclean/savari/215184231.jpg,.jpg,True,230,264,RGB,
unclean,savari,unclean/savari/215537143.jpg,.jpg,True,180,228,RGB,
unclean,savari,unclean/savari/215575196.jpg,.jpg,True,207,261,RGB,
unclean,savari,unclean/savari/215723061.jpg,.jpg,True,198,247,RGB,
unclean,savari,unclean/savari/215792985.jpg,.jpg,True,249,257,RGB,
unclean,savari,unclean/savari/215797978.jpg,.jpg,True,219,284,RGB,
unclean,savari,unclean/savari/215808755.jpg,.jpg,True,207,261,RGB,
unclean,savari,unclean/savari/215847437.jpg,.jpg,True,198,264,RGB,
unclean,savari,unclean/savari/215899289.jpg,.jpg,True,150,197,RGB,
unclean,savari,unclean/savari/215925240.jpg,.jpg,True,180,240,RGB,
unclean,savari,unclean/savari/215933473.jpg,.jpg,True,246,251,RGB,
unclean,savari,unclean/savari/215951198.jpg,.jpg,True,219,243,RGB,
unclean,savari,unclean/savari/215996726.jpg,.jpg,True,207,274,RGB,
unclean,savari,unclean/savari/216014638.jpg,.jpg,True,186,252,RGB,
unclean,savari,unclean/savari/216019296.jpg,.jpg,True,156,204,RGB,
unclean,savari,unclean/savari/216079172.jpg,.jpg,True,260,316,RGB,
unclean,savari,unclean/savari/216079866.jpg,.jpg,True,198,264,RGB,
unclean,savari,unclean/savari/216080208.jpg,.jpg,True,177,240,RGB,
unclean,savari,unclean/savari/216138705.jpg,.jpg,True,207,276,RGB,
unclean,savari,unclean/savari/216246147.jpg,.jpg,True,344,524,RGB,
unclean,savari,unclean/savari/216331636.jpg,.jpg,True,351,597,RGB,
unclean,savari,unclean/savari/216348327.jpg,.jpg,True,198,256,RGB,
unclean,savari,unclean/savari/216370669.jpg,.jpg,True,247,277,RGB,
unclean,savari,unclean/savari/216428705.jpg,.jpg,True,177,240,RGB,
unclean,savari,unclean/savari/216442459.jpg,.jpg,True,222,300,RGB,
unclean,savari,unclean/savari/216539715.jpg,.jpg,True,171,216,RGB,
unclean,savari,unclean/savari/216565316.jpg,.jpg,True,189,240,RGB,
unclean,savari,unclean/savari/216570081.jpg,.jpg,True,207,276,RGB,
unclean,savari,unclean/savari/216574742.jpg,.jpg,True,198,252,RGB,
unclean,savari,unclean/savari/216585140.jpg,.jpg,True,186,252,RGB,
unclean,savari,unclean/savari/216586565.jpg,.jpg,True,255,245,RGB,
unclean,savari,unclean/savari/216624665.jpg,.jpg,True,256,264,RGB,
unclean,savari,unclean/savari/216634139.jpg,.jpg,True,195,249,RGB,
unclean,savari,unclean/savari/216657566.jpg,.jpg,True,189,252,RGB,
unclean,savari,unclean/savari/216661534.jpg,.jpg,True,177,240,RGB,
unclean,savari,unclean/savari/216679332.jpg,.jpg,True,210,275,RGB,
unclean,savari,unclean/savari/216704359.jpg,.jpg,True,224,250,RGB,
unclean,savari,unclean/savari/216707659.jpg,.jpg,True,282,278,RGB,
unclean,savari,unclean/savari/216729257.jpg,.jpg,True,210,288,RGB,
unclean,savari,unclean/savari/216733797.jpg,.jpg,True,229,243,RGB,
unclean,savari,unclean/savari/216751233.jpg,.jpg,True,207,276,RGB,
unclean,savari,unclean/savari/216757355.jpg,.jpg,True,198,240,RGB,
unclean,savari,unclean/savari/216802984.jpg,.jpg,True,189,240,RGB,
unclean,savari,unclean/savari/216824152.jpg,.jpg,True,246,437,RGB,
unclean,savari,unclean/savari/216856504.jpg,.jpg,True,156,204,RGB,
unclean,savari,unclean/savari/216860877.jpg,.jpg,True,210,254,RGB,
unclean,savari,unclean/savari/216902320.jpg,.jpg,True,198,252,RGB,
unclean,savari,unclean/savari/216915296.jpg,.jpg,True,189,252,RGB,
unclean,savari,unclean/savari/216956677.jpg,.jpg,True,189,252,RGB,
unclean,savari,unclean/savari/216973782.jpg,.jpg,True,189,252,RGB,
unclean,savari,unclean/savari/217001814.jpg,.jpg,True,159,204,RGB,
unclean,savari,unclean/savari/217011281.jpg,.jpg,True,232,270,RGB,
unclean,savari,unclean/savari/217040826.jpg,.jpg,True,189,210,RGB,
unclean,savari,unclean/savari/217108489.jpg,.jpg,True,198,252,RGB,
unclean,savari,unclean/savari/217174516.jpg,.jpg,True,210,276,RGB,
unclean,savari,unclean/savari/217243561.jpg,.jpg,True,207,255,RGB,
unclean,savari,unclean/savari/217248973.jpg,.jpg,True,150,192,RGB,
unclean,savari,unclean/savari/217249647.jpg,.jpg,True,186,252,RGB,
unclean,savari,unclean/savari/217279795.jpg,.jpg,True,233,268,RGB,
unclean,savari,unclean/savari/217283312.jpg,.jpg,True,198,252,RGB,
unclean,savari,unclean/savari/217304565.jpg,.jpg,True,210,276,RGB,
unclean,savari,unclean/savari/217339387.jpg,.jpg,True,180,240,RGB,
unclean,savari,unclean/savari/217368312.jpg,.jpg,True,180,240,RGB,
unclean,savari,unclean/savari/217377465.jpg,.jpg,True,150,204,RGB,
unclean,savari,unclean/savari/217378404.jpg,.jpg,True,210,273,RGB,
unclean,savari,unclean/savari/217384414.jpg,.jpg,True,189,240,RGB,
unclean,savari,unclean/savari/217393464.jpg,.jpg,True,207,276,RGB,
unclean,savari,unclean/savari/217408734.jpg,.jpg,True,177,228,RGB,
unclean,savari,unclean/savari/217430133.jpg,.jpg,True,189,252,RGB,
unclean,savari,unclean/savari/217448062.jpg,.jpg,True,156,204,RGB,
unclean,savari,unclean/savari/217486577.jpg,.jpg,True,198,264,RGB,
unclean,savari,unclean/savari/217504043.jpg,.jpg,True,210,272,RGB,
unclean,savari,unclean/savari/217510361.jpg,.jpg,True,210,261,RGB,
unclean,savari,unclean/savari/217516553.jpg,.jpg,True,168,228,RGB,
unclean,savari,unclean/savari/217522146.jpg,.jpg,True,237,272,RGB,
unclean,savari,unclean/savari/217561081.jpg,.jpg,True,243,243,RGB,
unclean,savari,unclean/savari/217567603.jpg,.jpg,True,156,204,RGB,
unclean,savari,unclean/savari/217596839.jpg,.jpg,True,180,227,RGB,
unclean,savari,unclean/savari/217648709.jpg,.jpg,True,237,257,RGB,
unclean,savari,unclean/savari/217678723.jpg,.jpg,True,195,252,RGB,
unclean,savari,unclean/savari/217699390.jpg,.jpg,True,222,288,RGB,
unclean,savari,unclean/savari/217709880.jpg,.jpg,True,156,204,RGB,
unclean,savari,unclean/savari/217737227.jpg,.jpg,True,189,240,RGB,
unclean,savari,unclean/savari/217746881.jpg,.jpg,True,186,252,RGB,
unclean,savari,unclean/savari/217768353.jpg,.jpg,True,198,276,RGB,
unclean,savari,unclean/savari/217841511.jpg,.jpg,True,189,233,RGB,
unclean,savari,unclean/savari/217937778.jpg,.jpg,True,186,241,RGB,
unclean,savari,unclean/savari/217945404.jpg,.jpg,True,476,828,RGB,
unclean,savari,unclean/savari/218003673.jpg,.jpg,True,198,252,RGB,
unclean,savari,unclean/savari/218141985.jpg,.jpg,True,242,272,RGB,
unclean,savari,unclean/savari/218159810.jpg,.jpg,True,374,651,RGB,
unclean,savari,unclean/savari/218166407.jpg,.jpg,True,210,286,RGB,
unclean,savari,unclean/savari/218198627.jpg,.jpg,True,180,240,RGB,
unclean,savari,unclean/savari/218202038.jpg,.jpg,True,270,311,RGB,
unclean,savari,unclean/savari/218223019.jpg,.jpg,True,207,276,RGB,
unclean,savari,unclean/savari/218252931.jpg,.jpg,True,195,251,RGB,
unclean,savari,unclean/savari/218298842.jpg,.jpg,True,195,264,RGB,
unclean,savari,unclean/savari/218304819.jpg,.jpg,True,189,252,RGB,
unclean,savari,unclean/savari/218307784.jpg,.jpg,True,189,252,RGB,
unclean,savari,unclean/savari/218310441.jpg,.jpg,True,207,261,RGB,
unclean,savari,unclean/savari/218311049.jpg,.jpg,True,245,261,RGB,
unclean,savari,unclean/savari/218315298.jpg,.jpg,True,444,812,RGB,
unclean,savari,unclean/savari/218315557.jpg,.jpg,True,195,244,RGB,
unclean,savari,unclean/savari/218327694.jpg,.jpg,True,210,276,RGB,
unclean,savari,unclean/savari/218355363.jpg,.jpg,True,241,299,RGB,
unclean,savari,unclean/savari/218372965.jpg,.jpg,True,186,240,RGB,
unclean,savari,unclean/savari/218467171.jpg,.jpg,True,198,264,RGB,
unclean,savari,unclean/savari/218594536.jpg,.jpg,True,186,252,RGB,
unclean,savari,unclean/savari/218644350.jpg,.jpg,True,367,648,RGB,
unclean,savari,unclean/savari/218689207.jpg,.jpg,True,165,204,RGB,
unclean,savari,unclean/savari/218693364.jpg,.jpg,True,198,264,RGB,
unclean,savari,unclean/savari/218713286.jpg,.jpg,True,207,243,RGB,
unclean,savari,unclean/savari/218722193.jpg,.jpg,True,259,253,RGB,
unclean,savari,unclean/savari/218734546.jpg,.jpg,True,198,264,RGB,
unclean,savari,unclean/savari/218743709.jpg,.jpg,True,207,276,RGB,
unclean,savari,unclean/savari/218819463.jpg,.jpg,True,177,240,RGB,
unclean,savari,unclean/savari/218822178.jpg,.jpg,True,249,247,RGB,
unclean,savari,unclean/savari/218944137.jpg,.jpg,True,210,268,RGB,
unclean,savari,unclean/savari/218954447.jpg,.jpg,True,207,273,RGB,
unclean,savari,unclean/savari/218985685.jpg,.jpg,True,186,252,RGB,
unclean,savari,unclean/savari/218989944.jpg,.jpg,True,226,248,RGB,
unclean,savari,unclean/savari/219006680.jpg,.jpg,True,177,228,RGB,
unclean,savari,unclean/savari/219008456.jpg,.jpg,True,273,283,RGB,
unclean,taxi,unclean/taxi/195950678.jpg,.jpg,True,290,269,RGB,
unclean,taxi,unclean/taxi/196935725.jpg,.jpg,True,252,269,RGB,
unclean,taxi,unclean/taxi/197011132.jpg,.jpg,True,262,296,RGB,
unclean,taxi,unclean/taxi/197838399.jpg,.jpg,True,229,235,RGB,
unclean,taxi,unclean/taxi/197862478.jpg,.jpg,True,244,264,RGB,
unclean,taxi,unclean/taxi/198088855.jpg,.jpg,True,288,293,RGB,
unclean,taxi,unclean/taxi/198126746.jpg,.jpg,True,259,254,RGB,
unclean,taxi,unclean/taxi/198214415.jpg,.jpg,True,267,237,RGB,
unclean,taxi,unclean/taxi/198241462.jpg,.jpg,True,314,271,RGB,
unclean,taxi,unclean/taxi/198359281.jpg,.jpg,True,259,295,RGB,
unclean,taxi,unclean/taxi/198686634.jpg,.jpg,True,289,242,RGB,
unclean,taxi,unclean/taxi/198784132.jpg,.jpg,True,267,268,RGB,
unclean,taxi,unclean/taxi/199096740.jpg,.jpg,True,339,284,RGB,
unclean,taxi,unclean/taxi/199209656.jpg,.jpg,True,342,332,RGB,
unclean,taxi,unclean/taxi/199494864.jpg,.jpg,True,317,355,RGB,
unclean,taxi,unclean/taxi/199661592.jpg,.jpg,True,241,241,RGB,
unclean,taxi,unclean/taxi/199704344.jpg,.jpg,True,246,264,RGB,
unclean,taxi,unclean/taxi/199796114.jpg,.jpg,True,256,244,RGB,
unclean,taxi,unclean/taxi/199975006.jpg,.jpg,True,254,276,RGB,
unclean,taxi,unclean/taxi/199993681.jpg,.jpg,True,291,267,RGB,
unclean,taxi,unclean/taxi/200016494.jpg,.jpg,True,247,247,RGB,
unclean,taxi,unclean/taxi/200088909.jpg,.jpg,True,320,357,RGB,
unclean,taxi,unclean/taxi/200264885.jpg,.jpg,True,221,256,RGB,
unclean,taxi,unclean/taxi/211642643.jpg,.jpg,True,207,259,RGB,
unclean,taxi,unclean/taxi/211808559.jpg,.jpg,True,150,192,RGB,
unclean,taxi,unclean/taxi/211861167.jpg,.jpg,True,207,255,RGB,
unclean,taxi,unclean/taxi/211928111.jpg,.jpg,True,186,252,RGB,
unclean,taxi,unclean/taxi/212015814.jpg,.jpg,True,150,204,RGB,
unclean,taxi,unclean/taxi/212080463.jpg,.jpg,True,177,221,RGB,
unclean,taxi,unclean/taxi/212197580.jpg,.jpg,True,198,247,RGB,
unclean,taxi,unclean/taxi/212216436.jpg,.jpg,True,186,252,RGB,
unclean,taxi,unclean/taxi/212338658.jpg,.jpg,True,189,252,RGB,
unclean,taxi,unclean/taxi/212492667.jpg,.jpg,True,234,265,RGB,
unclean,taxi,unclean/taxi/212512475.jpg,.jpg,True,177,232,RGB,
unclean,taxi,unclean/taxi/212556511.jpg,.jpg,True,165,216,RGB,
unclean,taxi,unclean/taxi/212584711.jpg,.jpg,True,180,228,RGB,
unclean,taxi,unclean/taxi/212746503.jpg,.jpg,True,162,216,RGB,
unclean,taxi,unclean/taxi/212778844.jpg,.jpg,True,150,192,RGB,
unclean,taxi,unclean/taxi/213011071.jpg,.jpg,True,180,222,RGB,
unclean,taxi,unclean/taxi/213192920.jpg,.jpg,True,198,248,RGB,
unclean,taxi,unclean/taxi/213293394.jpg,.jpg,True,150,197,RGB,
unclean,taxi,unclean/taxi/213424798.jpg,.jpg,True,186,252,RGB,
unclean,taxi,unclean/taxi/213492354.jpg,.jpg,True,189,243,RGB,
unclean,taxi,unclean/taxi/213603022.jpg,.jpg,True,189,252,RGB,
unclean,taxi,unclean/taxi/213723238.jpg,.jpg,True,198,251,RGB,
unclean,taxi,unclean/taxi/213771064.jpg,.jpg,True,177,228,RGB,
unclean,taxi,unclean/taxi/214281537.jpg,.jpg,True,201,239,RGB,
unclean,taxi,unclean/taxi/214350776.jpg,.jpg,True,241,262,RGB,
unclean,taxi,unclean/taxi/214415281.jpg,.jpg,True,198,264,RGB,
unclean,taxi,unclean/taxi/214429642.jpg,.jpg,True,177,228,RGB,
unclean,taxi,unclean/taxi/214543438.jpg,.jpg,True,387,613,RGB,
unclean,taxi,unclean/taxi/214640530.jpg,.jpg,True,351,481,RGB,
unclean,taxi,unclean/taxi/214685953.jpg,.jpg,True,180,240,RGB,
unclean,taxi,unclean/taxi/214713078.jpg,.jpg,True,177,240,RGB,
unclean,taxi,unclean/taxi/214761981.jpg,.jpg,True,274,270,RGB,
unclean,taxi,unclean/taxi/214791515.jpg,.jpg,True,189,252,RGB,
unclean,taxi,unclean/taxi/214811342.jpg,.jpg,True,367,539,RGB,
unclean,taxi,unclean/taxi/214842341.jpg,.jpg,True,207,259,RGB,
unclean,taxi,unclean/taxi/215049694.jpg,.jpg,True,478,820,RGB,
unclean,taxi,unclean/taxi/215062575.jpg,.jpg,True,259,246,RGB,
unclean,taxi,unclean/taxi/215089910.jpg,.jpg,True,177,228,RGB,
unclean,taxi,unclean/taxi/215096099.jpg,.jpg,True,198,252,RGB,
unclean,taxi,unclean/taxi/215162820.jpg,.jpg,True,177,227,RGB,
unclean,taxi,unclean/taxi/215179571.jpg,.jpg,True,186,240,RGB,
unclean,taxi,unclean/taxi/215184166.jpg,.jpg,True,198,264,RGB,
unclean,taxi,unclean/taxi/215503531.jpg,.jpg,True,198,246,RGB,
unclean,taxi,unclean/taxi/215558511.jpg,.jpg,True,258,280,RGB,
unclean,taxi,unclean/taxi/215575671.jpg,.jpg,True,195,264,RGB,
unclean,taxi,unclean/taxi/215578060.jpg,.jpg,True,249,242,RGB,
unclean,taxi,unclean/taxi/215591038.jpg,.jpg,True,180,240,RGB,
unclean,taxi,unclean/taxi/215608527.jpg,.jpg,True,150,189,RGB,
unclean,taxi,unclean/taxi/215610691.jpg,.jpg,True,180,233,RGB,
unclean,taxi,unclean/taxi/215647683.jpg,.jpg,True,171,228,RGB,
unclean,taxi,unclean/taxi/215689485.jpg,.jpg,True,189,235,RGB,
unclean,taxi,unclean/taxi/215701889.jpg,.jpg,True,180,240,RGB,
unclean,taxi,unclean/taxi/215712033.jpg,.jpg,True,195,252,RGB,
unclean,taxi,unclean/taxi/215729322.jpg,.jpg,True,186,240,RGB,
unclean,taxi,unclean/taxi/215730723.jpg,.jpg,True,195,252,RGB,
unclean,taxi,unclean/taxi/215733952.jpg,.jpg,True,186,252,RGB,
unclean,taxi,unclean/taxi/215802930.jpg,.jpg,True,189,252,RGB,
unclean,taxi,unclean/taxi/215818747.jpg,.jpg,True,252,278,RGB,
unclean,taxi,unclean/taxi/215840117.jpg,.jpg,True,286,255,RGB,
unclean,taxi,unclean/taxi/215891348.jpg,.jpg,True,210,263,RGB,
unclean,taxi,unclean/taxi/215905052.jpg,.jpg,True,243,265,RGB,
unclean,taxi,unclean/taxi/215928273.jpg,.jpg,True,425,608,RGB,
unclean,taxi,unclean/taxi/215970135.jpg,.jpg,True,484,817,RGB,
unclean,taxi,unclean/taxi/215998371.jpg,.jpg,True,246,252,RGB,
unclean,taxi,unclean/taxi/216008159.jpg,.jpg,True,198,264,RGB,
unclean,taxi,unclean/taxi/216029720.jpg,.jpg,True,186,221,RGB,
unclean,taxi,unclean/taxi/216041867.jpg,.jpg,True,180,240,RGB,
unclean,taxi,unclean/taxi/216047371.jpg,.jpg,True,356,555,RGB,
unclean,taxi,unclean/taxi/216052387.jpg,.jpg,True,312,522,RGB,
unclean,taxi,unclean/taxi/216070972.jpg,.jpg,True,195,264,RGB,
unclean,taxi,unclean/taxi/216079256.jpg,.jpg,True,240,252,RGB,
unclean,taxi,unclean/taxi/216098185.jpg,.jpg,True,401,672,RGB,
unclean,taxi,unclean/taxi/216110847.jpg,.jpg,True,180,240,RGB,
unclean,taxi,unclean/taxi/216125287.jpg,.jpg,True,207,276,RGB,
unclean,taxi,unclean/taxi/216140407.jpg,.jpg,True,171,228,RGB,
unclean,taxi,unclean/taxi/216177990.jpg,.jpg,True,177,228,RGB,
unclean,taxi,unclean/taxi/216207428.jpg,.jpg,True,189,252,RGB,
unclean,taxi,unclean/taxi/216241992.jpg,.jpg,True,198,264,RGB,
unclean,taxi,unclean/taxi/216266678.jpg,.jpg,True,180,240,RGB,
unclean,taxi,unclean/taxi/216369226.jpg,.jpg,True,289,334,RGB,
unclean,taxi,unclean/taxi/216373691.jpg,.jpg,True,186,252,RGB,
unclean,taxi,unclean/taxi/216389622.jpg,.jpg,True,290,653,RGB,
unclean,taxi,unclean/taxi/216432563.jpg,.jpg,True,186,252,RGB,
unclean,taxi,unclean/taxi/216445018.jpg,.jpg,True,197,276,RGB,
unclean,taxi,unclean/taxi/216456703.jpg,.jpg,True,171,228,RGB,
unclean,taxi,unclean/taxi/216527052.jpg,.jpg,True,189,243,RGB,
unclean,taxi,unclean/taxi/216554605.jpg,.jpg,True,189,240,RGB,
unclean,taxi,unclean/taxi/216557002.jpg,.jpg,True,189,240,RGB,
unclean,taxi,unclean/taxi/216587626.jpg,.jpg,True,210,255,RGB,
unclean,taxi,unclean/taxi/216597558.jpg,.jpg,True,186,240,RGB,
unclean,taxi,unclean/taxi/216601542.jpg,.jpg,True,219,277,RGB,
unclean,taxi,unclean/taxi/216608752.jpg,.jpg,True,198,264,RGB,
unclean,taxi,unclean/taxi/216611461.jpg,.jpg,True,282,562,RGB,
unclean,taxi,unclean/taxi/216617210.jpg,.jpg,True,228,245,RGB,
unclean,taxi,unclean/taxi/216629797.jpg,.jpg,True,171,216,RGB,
unclean,taxi,unclean/taxi/216646720.jpg,.jpg,True,195,252,RGB,
unclean,taxi,unclean/taxi/216675429.jpg,.jpg,True,189,240,RGB,
unclean,taxi,unclean/taxi/216684150.jpg,.jpg,True,240,255,RGB,
unclean,taxi,unclean/taxi/216746933.jpg,.jpg,True,393,542,RGB,
unclean,taxi,unclean/taxi/216752830.jpg,.jpg,True,359,560,RGB,
unclean,taxi,unclean/taxi/216780403.jpg,.jpg,True,186,244,RGB,
unclean,taxi,unclean/taxi/216809988.jpg,.jpg,True,198,264,RGB,
unclean,taxi,unclean/taxi/216818182.jpg,.jpg,True,189,252,RGB,
unclean,taxi,unclean/taxi/216820907.jpg,.jpg,True,207,276,RGB,
unclean,taxi,unclean/taxi/216828711.jpg,.jpg,True,198,264,RGB,
unclean,taxi,unclean/taxi/216835817.jpg,.jpg,True,239,235,RGB,
unclean,taxi,unclean/taxi/216847527.jpg,.jpg,True,198,239,RGB,
unclean,taxi,unclean/taxi/216848358.jpg,.jpg,True,210,276,RGB,
unclean,taxi,unclean/taxi/216860683.jpg,.jpg,True,281,406,RGB,
unclean,taxi,unclean/taxi/216875057.jpg,.jpg,True,247,299,RGB,
unclean,taxi,unclean/taxi/216878077.jpg,.jpg,True,207,276,RGB,
unclean,taxi,unclean/taxi/216891850.jpg,.jpg,True,207,268,RGB,
unclean,taxi,unclean/taxi/216894830.jpg,.jpg,True,189,252,RGB,
unclean,taxi,unclean/taxi/216949199.jpg,.jpg,True,198,199,RGB,
unclean,taxi,unclean/taxi/216978702.jpg,.jpg,True,341,629,RGB,
unclean,taxi,unclean/taxi/217016702.jpg,.jpg,True,244,242,RGB,
unclean,taxi,unclean/taxi/217024637.jpg,.jpg,True,156,204,RGB,
unclean,taxi,unclean/taxi/217024752.jpg,.jpg,True,177,240,RGB,
unclean,taxi,unclean/taxi/217041267.jpg,.jpg,True,210,257,RGB,
unclean,taxi,unclean/taxi/217051130.jpg,.jpg,True,210,275,RGB,
unclean,taxi,unclean/taxi/217106962.jpg,.jpg,True,177,240,RGB,
unclean,taxi,unclean/taxi/217107971.jpg,.jpg,True,177,240,RGB,
unclean,taxi,unclean/taxi/217137849.jpg,.jpg,True,177,240,RGB,
unclean,taxi,unclean/taxi/217191582.jpg,.jpg,True,177,228,RGB,
unclean,taxi,unclean/taxi/217194334.jpg,.jpg,True,254,247,RGB,
unclean,taxi,unclean/taxi/217201191.jpg,.jpg,True,189,252,RGB,
unclean,taxi,unclean/taxi/217212092.jpg,.jpg,True,385,583,RGB,
unclean,taxi,unclean/taxi/217215925.jpg,.jpg,True,186,252,RGB,
unclean,taxi,unclean/taxi/217218520.jpg,.jpg,True,186,252,RGB,
unclean,taxi,unclean/taxi/217239782.jpg,.jpg,True,186,252,RGB,
unclean,taxi,unclean/taxi/217247964.jpg,.jpg,True,333,599,RGB,
unclean,taxi,unclean/taxi/217253719.jpg,.jpg,True,371,643,RGB,
unclean,taxi,unclean/taxi/217257668.jpg,.jpg,True,180,228,RGB,
unclean,taxi,unclean/taxi/217265862.jpg,.jpg,True,207,276,RGB,
unclean,taxi,unclean/taxi/217269377.jpg,.jpg,True,210,276,RGB,
unclean,taxi,unclean/taxi/217354473.jpg,.jpg,True,171,228,RGB,
unclean,taxi,unclean/taxi/217354919.jpg,.jpg,True,189,252,RGB,
unclean,taxi,unclean/taxi/217360055.jpg,.jpg,True,210,276,RGB,
unclean,taxi,unclean/taxi/217408003.jpg,.jpg,True,207,250,RGB,
unclean,taxi,unclean/taxi/217418779.jpg,.jpg,True,177,240,RGB,
unclean,taxi,unclean/taxi/217430278.jpg,.jpg,True,198,264,RGB,
unclean,taxi,unclean/taxi/217484586.jpg,.jpg,True,189,252,RGB,
unclean,taxi,unclean/taxi/217501689.jpg,.jpg,True,198,264,RGB,
unclean,taxi,unclean/taxi/217502539.jpg,.jpg,True,177,228,RGB,
unclean,taxi,unclean/taxi/217551050.jpg,.jpg,True,189,221,RGB,
unclean,taxi,unclean/taxi/217567828.jpg,.jpg,True,177,240,RGB,
unclean,taxi,unclean/taxi/217605723.jpg,.jpg,True,222,239,RGB,
unclean,taxi,unclean/taxi/217644232.jpg,.jpg,True,162,228,RGB,
unclean,taxi,unclean/taxi/217739057.jpg,.jpg,True,177,240,RGB,
unclean,taxi,unclean/taxi/217763966.jpg,.jpg,True,207,270,RGB,
unclean,taxi,unclean/taxi/217800553.jpg,.jpg,True,207,264,RGB,
unclean,taxi,unclean/taxi/217899602.jpg,.jpg,True,180,228,RGB,
unclean,taxi,unclean/taxi/217902707.jpg,.jpg,True,189,252,RGB,
unclean,taxi,unclean/taxi/217918556.jpg,.jpg,True,207,276,RGB,
unclean,taxi,unclean/taxi/217953643.jpg,.jpg,True,189,252,RGB,
unclean,taxi,unclean/taxi/217957079.jpg,.jpg,True,189,240,RGB,
unclean,taxi,unclean/taxi/217967703.jpg,.jpg,True,177,240,RGB,
unclean,taxi,unclean/taxi/217978353.jpg,.jpg,True,201,264,RGB,
unclean,taxi,unclean/taxi/217979957.jpg,.jpg,True,177,227,RGB,
unclean,taxi,unclean/taxi/217990923.jpg,.jpg,True,207,264,RGB,
unclean,taxi,unclean/taxi/218006006.jpg,.jpg,True,207,276,RGB,
unclean,taxi,unclean/taxi/218010664.jpg,.jpg,True,207,276,RGB,
unclean,taxi,unclean/taxi/218028690.jpg,.jpg,True,186,252,RGB,
unclean,taxi,unclean/taxi/218042131.jpg,.jpg,True,354,626,RGB,
unclean,taxi,unclean/taxi/218069773.jpg,.jpg,True,372,590,RGB,
unclean,taxi,unclean/taxi/218076751.jpg,.jpg,True,231,245,RGB,
unclean,taxi,unclean/taxi/218081372.jpg,.jpg,True,198,252,RGB,
unclean,taxi,unclean/taxi/218106502.jpg,.jpg,True,210,259,RGB,
unclean,taxi,unclean/taxi/218118406.jpg,.jpg,True,156,216,RGB,
unclean,taxi,unclean/taxi/218120131.jpg,.jpg,True,180,240,RGB,
unclean,taxi,unclean/taxi/218124538.jpg,.jpg,True,189,252,RGB,
unclean,taxi,unclean/taxi/218140851.jpg,.jpg,True,177,240,RGB,
unclean,taxi,unclean/taxi/218160438.jpg,.jpg,True,177,240,RGB,
unclean,taxi,unclean/taxi/218182821.jpg,.jpg,True,180,240,RGB,
unclean,taxi,unclean/taxi/218187498.jpg,.jpg,True,207,276,RGB,
unclean,taxi,unclean/taxi/218189366.jpg,.jpg,True,186,233,RGB,
unclean,taxi,unclean/taxi/218189795.jpg,.jpg,True,207,271,RGB,
unclean,taxi,unclean/taxi/218212988.jpg,.jpg,True,220,264,RGB,
unclean,taxi,unclean/taxi/218236851.jpg,.jpg,True,198,264,RGB,
unclean,taxi,unclean/taxi/218243226.jpg,.jpg,True,253,243,RGB,
unclean,taxi,unclean/taxi/218256574.jpg,.jpg,True,171,228,RGB,
unclean,taxi,unclean/taxi/218257216.jpg,.jpg,True,348,508,RGB,
unclean,taxi,unclean/taxi/218260137.jpg,.jpg,True,207,276,RGB,
unclean,taxi,unclean/taxi/218266883.jpg,.jpg,True,255,277,RGB,
unclean,taxi,unclean/taxi/218278120.jpg,.jpg,True,210,256,RGB,
unclean,taxi,unclean/taxi/218305132.jpg,.jpg,True,477,806,RGB,
unclean,taxi,unclean/taxi/218306921.jpg,.jpg,True,207,276,RGB,
unclean,taxi,unclean/taxi/218311093.jpg,.jpg,True,144,192,RGB,
unclean,taxi,unclean/taxi/218319555.jpg,.jpg,True,210,259,RGB,
unclean,taxi,unclean/taxi/218332011.jpg,.jpg,True,121,204,RGB,
unclean,taxi,unclean/taxi/218367265.jpg,.jpg,True,177,228,RGB,
unclean,taxi,unclean/taxi/218399607.jpg,.jpg,True,207,257,RGB,
unclean,taxi,unclean/taxi/218434268.jpg,.jpg,True,207,232,RGB,
unclean,taxi,unclean/taxi/218443077.jpg,.jpg,True,207,262,RGB,
unclean,taxi,unclean/taxi/218449051.jpg,.jpg,True,368,653,RGB,
unclean,taxi,unclean/taxi/218481509.jpg,.jpg,True,189,252,RGB,
unclean,taxi,unclean/taxi/218563090.jpg,.jpg,True,189,252,RGB,
unclean,taxi,unclean/taxi/218566564.jpg,.jpg,True,365,591,RGB,
unclean,taxi,unclean/taxi/218595145.jpg,.jpg,True,180,240,RGB,
unclean,taxi,unclean/taxi/218598758.jpg,.jpg,True,189,252,RGB,
unclean,taxi,unclean/taxi/218609374.jpg,.jpg,True,186,252,RGB,
unclean,taxi,unclean/taxi/218622649.jpg,.jpg,True,171,228,RGB,
unclean,taxi,unclean/taxi/218623451.jpg,.jpg,True,195,246,RGB,
unclean,taxi,unclean/taxi/218627347.jpg,.jpg,True,251,255,RGB,
unclean,taxi,unclean/taxi/218687795.jpg,.jpg,True,189,252,RGB,
unclean,taxi,unclean/taxi/218698320.jpg,.jpg,True,189,252,RGB,
unclean,taxi,unclean/taxi/218714018.jpg,.jpg,True,179,235,RGB,
unclean,taxi,unclean/taxi/218757953.jpg,.jpg,True,156,204,RGB,
unclean,taxi,unclean/taxi/218769647.jpg,.jpg,True,177,240,RGB,
unclean,taxi,unclean/taxi/218776391.jpg,.jpg,True,177,240,RGB,
unclean,taxi,unclean/taxi/218778376.jpg,.jpg,True,189,252,RGB,
unclean,taxi,unclean/taxi/218791849.jpg,.jpg,True,198,245,RGB,
unclean,taxi,unclean/taxi/218892466.jpg,.jpg,True,366,627,RGB,
unclean,taxi,unclean/taxi/218935254.jpg,.jpg,True,195,264,RGB,
unclean,taxi,unclean/taxi/218941349.jpg,.jpg,True,198,264,RGB,
unclean,taxi,unclean/taxi/218967295.jpg,.jpg,True,137,252,RGB,
unclean,taxi,unclean/taxi/218988377.jpg,.jpg,True,173,252,RGB,
unclean,taxi,unclean/taxi/219001613.jpg,.jpg,True,189,252,RGB,
unclean,taxi,unclean/taxi/219055109.jpg,.jpg,True,189,252,RGB,
unclean,taxi,unclean/taxi/219091412.jpg,.jpg,True,177,228,RGB,
unclean,vanet,unclean/vanet/193796538.jpg,.jpg,True,279,307,RGB,
unclean,vanet,unclean/vanet/194260851.jpg,.jpg,True,271,305,RGB,
unclean,vanet,unclean/vanet/194872019.jpg,.jpg,True,253,255,RGB,
unclean,vanet,unclean/vanet/195311741.jpg,.jpg,True,317,298,RGB,
unclean,vanet,unclean/vanet/197011245.jpg,.jpg,True,273,237,RGB,
unclean,vanet,unclean/vanet/197073034.jpg,.jpg,True,284,292,RGB,
unclean,vanet,unclean/vanet/197137291.jpg,.jpg,True,253,247,RGB,
unclean,vanet,unclean/vanet/197277257.jpg,.jpg,True,336,272,RGB,
unclean,vanet,unclean/vanet/197394524.jpg,.jpg,True,283,308,RGB,
unclean,vanet,unclean/vanet/197551635.jpg,.jpg,True,268,215,RGB,
unclean,vanet,unclean/vanet/197560959.jpg,.jpg,True,270,231,RGB,
unclean,vanet,unclean/vanet/197678284.jpg,.jpg,True,239,328,RGB,
unclean,vanet,unclean/vanet/197729524.jpg,.jpg,True,377,366,RGB,
unclean,vanet,unclean/vanet/197826422.jpg,.jpg,True,247,294,RGB,
unclean,vanet,unclean/vanet/197919941.jpg,.jpg,True,292,299,RGB,
unclean,vanet,unclean/vanet/198165650.jpg,.jpg,True,282,298,RGB,
unclean,vanet,unclean/vanet/198363928.jpg,.jpg,True,314,303,RGB,
unclean,vanet,unclean/vanet/198403132.jpg,.jpg,True,311,307,RGB,
unclean,vanet,unclean/vanet/198555767.jpg,.jpg,True,247,232,RGB,
unclean,vanet,unclean/vanet/198723141.jpg,.jpg,True,223,217,RGB,
unclean,vanet,unclean/vanet/198973233.jpg,.jpg,True,267,273,RGB,
unclean,vanet,unclean/vanet/198988033.jpg,.jpg,True,223,279,RGB,
unclean,vanet,unclean/vanet/200495754.jpg,.jpg,True,271,318,RGB,
unclean,vanet,unclean/vanet/201652374.jpg,.jpg,True,252,328,RGB,
unclean,vanet,unclean/vanet/202758553.jpg,.jpg,True,239,224,RGB,
unclean,vanet,unclean/vanet/203511630.jpg,.jpg,True,314,334,RGB,
unclean,vanet,unclean/vanet/204195442.jpg,.jpg,True,274,287,RGB,
unclean,vanet,unclean/vanet/204488081.jpg,.jpg,True,227,224,RGB,
unclean,vanet,unclean/vanet/204556090.jpg,.jpg,True,336,338,RGB,
unclean,vanet,unclean/vanet/204908253.jpg,.jpg,True,280,293,RGB,
unclean,vanet,unclean/vanet/205492654.jpg,.jpg,True,229,213,RGB,
unclean,vanet,unclean/vanet/205760741.jpg,.jpg,True,300,260,RGB,
unclean,vanet,unclean/vanet/205863988.jpg,.jpg,True,236,287,RGB,
unclean,vanet,unclean/vanet/205896670.jpg,.jpg,True,252,303,RGB,
unclean,vanet,unclean/vanet/206287271.jpg,.jpg,True,261,298,RGB,
unclean,vanet,unclean/vanet/206341310.jpg,.jpg,True,286,287,RGB,
unclean,vanet,unclean/vanet/206651635.jpg,.jpg,True,260,292,RGB,
unclean,vanet,unclean/vanet/207074343.jpg,.jpg,True,213,247,RGB,
unclean,vanet,unclean/vanet/207517475.jpg,.jpg,True,258,330,RGB,
unclean,vanet,unclean/vanet/207534276.jpg,.jpg,True,260,278,RGB,
unclean,vanet,unclean/vanet/207573757.jpg,.jpg,True,253,295,RGB,
unclean,vanet,unclean/vanet/207758538.jpg,.jpg,True,248,300,RGB,
unclean,vanet,unclean/vanet/207848730.jpg,.jpg,True,245,284,RGB,
unclean,vanet,unclean/vanet/207849483.jpg,.jpg,True,229,285,RGB,
unclean,vanet,unclean/vanet/208034728.jpg,.jpg,True,234,273,RGB,
unclean,vanet,unclean/vanet/208115002.jpg,.jpg,True,251,229,RGB,
unclean,vanet,unclean/vanet/208472560.jpg,.jpg,True,263,242,RGB,
unclean,vanet,unclean/vanet/208473051.jpg,.jpg,True,232,327,RGB,
unclean,vanet,unclean/vanet/208570612.jpg,.jpg,True,241,301,RGB,
unclean,vanet,unclean/vanet/208675127.jpg,.jpg,True,225,268,RGB,
unclean,vanet,unclean/vanet/208789361.jpg,.jpg,True,268,293,RGB,
unclean,vanet,unclean/vanet/208840760.jpg,.jpg,True,247,337,RGB,
unclean,vanet,unclean/vanet/209060648.jpg,.jpg,True,186,252,RGB,
unclean,vanet,unclean/vanet/209233623.jpg,.jpg,True,257,315,RGB,
unclean,vanet,unclean/vanet/209282422.jpg,.jpg,True,229,320,RGB,
unclean,vanet,unclean/vanet/209813193.jpg,.jpg,True,186,221,RGB,
unclean,vanet,unclean/vanet/209913836.jpg,.jpg,True,198,264,RGB,
unclean,vanet,unclean/vanet/209939482.jpg,.jpg,True,165,216,RGB,
unclean,vanet,unclean/vanet/210819242.jpg,.jpg,True,245,328,RGB,
unclean,vanet,unclean/vanet/212397930.jpg,.jpg,True,198,254,RGB,
unclean,vanet,unclean/vanet/212462069.jpg,.jpg,True,198,264,RGB,
unclean,vanet,unclean/vanet/212662044.jpg,.jpg,True,198,264,RGB,
unclean,vanet,unclean/vanet/212764267.jpg,.jpg,True,189,252,RGB,
unclean,vanet,unclean/vanet/212794066.jpg,.jpg,True,249,297,RGB,
unclean,vanet,unclean/vanet/213022159.jpg,.jpg,True,186,252,RGB,
unclean,vanet,unclean/vanet/213323692.jpg,.jpg,True,135,168,RGB,
unclean,vanet,unclean/vanet/213358509.jpg,.jpg,True,186,252,RGB,
unclean,vanet,unclean/vanet/213899758.jpg,.jpg,True,195,264,RGB,
unclean,vanet,unclean/vanet/214020375.jpg,.jpg,True,186,252,RGB,
unclean,vanet,unclean/vanet/214785158.jpg,.jpg,True,177,228,RGB,
unclean,vanet,unclean/vanet/214844872.jpg,.jpg,True,186,240,RGB,
unclean,vanet,unclean/vanet/215695188.jpg,.jpg,True,198,264,RGB,
unclean,vanet,unclean/vanet/215996114.jpg,.jpg,True,186,252,RGB,
unclean,vanet,unclean/vanet/216384546.jpg,.jpg,True,207,259,RGB,
unclean,vanet,unclean/vanet/216463352.jpg,.jpg,True,210,288,RGB,
unclean,vanet,unclean/vanet/216572155.jpg,.jpg,True,198,264,RGB,
unclean,vanet,unclean/vanet/216758585.jpg,.jpg,True,189,252,RGB,
unclean,vanet,unclean/vanet/216766888.jpg,.jpg,True,240,328,RGB,
unclean,vanet,unclean/vanet/216896507.jpg,.jpg,True,332,768,RGB,
unclean,vanet,unclean/vanet/216985846.jpg,.jpg,True,245,291,RGB,
unclean,vanet,unclean/vanet/217207555.jpg,.jpg,True,180,240,RGB,
unclean,vanet,unclean/vanet/217212790.jpg,.jpg,True,207,276,RGB,
unclean,vanet,unclean/vanet/217322801.jpg,.jpg,True,180,229,RGB,
unclean,vanet,unclean/vanet/217401649.jpg,.jpg,True,186,252,RGB,
unclean,vanet,unclean/vanet/217412296.jpg,.jpg,True,195,264,RGB,
unclean,vanet,unclean/vanet/217426680.jpg,.jpg,True,356,831,RGB,
unclean,vanet,unclean/vanet/217493909.jpg,.jpg,True,180,240,RGB,
unclean,vanet,unclean/vanet/217624535.jpg,.jpg,True,198,243,RGB,
unclean,vanet,unclean/vanet/217670439.jpg,.jpg,True,207,265,RGB,
unclean,vanet,unclean/vanet/217750010.jpg,.jpg,True,177,222,RGB,
unclean,vanet,unclean/vanet/217953654.jpg,.jpg,True,180,240,RGB,
unclean,vanet,unclean/vanet/218022599.jpg,.jpg,True,198,252,RGB,
unclean,vanet,unclean/vanet/218083641.jpg,.jpg,True,198,252,RGB,
unclean,vanet,unclean/vanet/218153586.jpg,.jpg,True,198,264,RGB,
unclean,vanet,unclean/vanet/218216229.jpg,.jpg,True,259,329,RGB,
unclean,vanet,unclean/vanet/218258133.jpg,.jpg,True,189,235,RGB,
unclean,vanet,unclean/vanet/218288833.jpg,.jpg,True,207,261,RGB,
unclean,vanet,unclean/vanet/218383178.jpg,.jpg,True,180,240,RGB,
unclean,vanet,unclean/vanet/218530330.jpg,.jpg,True,265,313,RGB,
unclean,vanet,unclean/vanet/218629561.jpg,.jpg,True,198,244,RGB,
unclean,vanet,unclean/vanet/218635722.jpg,.jpg,True,156,204,RGB,
unclean,vanet,unclean/vanet/218700051.jpg,.jpg,True,186,240,RGB,
unclean,vanet,unclean/vanet/218790292.jpg,.jpg,True,244,248,RGB,
unclean,vanet,unclean/vanet/218794461.jpg,.jpg,True,165,216,RGB,
unclean,vanet,unclean/vanet/218807198.jpg,.jpg,True,210,255,RGB,
unclean,vanet,unclean/vanet/218984817.jpg,.jpg,True,198,254,RGB,
unclean,vanet,unclean/vanet/219083209.jpg,.jpg,True,162,216,RGB,
unclean,vanet,unclean/vanet/219088134.jpg,.jpg,True,129,180,RGB,
