path_a,path_b,split_a,split_b,class_a,class_b,distance,same_md5,same_class
train/ambulance/199984667.jpg,unclean/ambulance/199984667.jpg,train,unclean,ambulance,ambulance,0,True,True
train/ambulance/204215951.jpg,unclean/minibus/215872386.jpg,train,unclean,ambulance,minibus,8,False,False
train/ambulance/206808986.jpg,unclean/ambulance/206808986.jpg,train,unclean,ambulance,ambulance,0,True,True
train/ambulance/208738861.jpg,train/ambulance/212750815.jpg,train,train,ambulance,ambulance,6,False,True
train/ambulance/208738861.jpg,train/minibus/210270715.jpg,train,train,ambulance,minibus,8,False,False
train/ambulance/208738861.jpg,unclean/ambulance/208738861.jpg,train,unclean,ambulance,ambulance,0,True,True
train/ambulance/212750815.jpg,unclean/ambulance/208738861.jpg,train,unclean,ambulance,ambulance,6,False,True
train/ambulance/213342200.jpg,unclean/ambulance/213342200.jpg,train,unclean,ambulance,ambulance,0,True,True
train/ambulance/213801906.jpg,unclean/ambulance/213801906.jpg,train,unclean,ambulance,ambulance,0,True,True
train/ambulance/216005219.jpg,train/ambulance/217584509.jpg,train,train,ambulance,ambulance,6,False,True
train/ambulance/216143298.jpg,test/ambulance/215093049.jpg,train,test,ambulance,ambulance,6,False,True
train/ambulance/216143298.jpg,unclean/ambulance/211531125.jpg,train,unclean,ambulance,ambulance,8,False,True
train/ambulance/216216403.jpg,unclean/ambulance/216216403.jpg,train,unclean,ambulance,ambulance,0,True,True
train/ambulance/216612929.jpg,unclean/ambulance/216625195.jpg,train,unclean,ambulance,ambulance,8,False,True
train/ambulance/216673206.jpg,train/ambulance/219046578.jpg,train,train,ambulance,ambulance,6,False,True
train/ambulance/216673206.jpg,unclean/ambulance/219020835.jpg,train,unclean,ambulance,ambulance,8,False,True
train/ambulance/217402945.jpg,unclean/ambulance/217282219.jpg,train,unclean,ambulance,ambulance,8,False,True
train/ambulance/217477279.jpg,unclean/ambulance/211874554.jpg,train,unclean,ambulance,ambulance,8,False,True
train/ambulance/218289961.jpg,unclean/ambulance/216086363.jpg,train,unclean,ambulance,ambulance,8,False,True
train/ambulance/218591595.jpg,unclean/ambulance/218591595.jpg,train,unclean,ambulance,ambulance,0,True,True
train/ambulance/218966979.jpg,unclean/ambulance/218966979.jpg,train,unclean,ambulance,ambulance,0,True,True
train/autobus/211087357.jpg,unclean/autobus/210452880.jpg,train,unclean,autobus,autobus,6,False,True
train/autobus/211087357.jpg,unclean/kamyun/216144484.jpg,train,unclean,autobus,kamyun,8,False,False
train/autobus/213748478.jpg,train/autobus/214187028.jpg,train,train,autobus,autobus,6,False,True
train/autobus/213748478.jpg,train/autobus/216079914.jpg,train,train,autobus,autobus,6,False,True
train/autobus/213748478.jpg,train/autobus/217431762.jpg,train,train,autobus,autobus,8,False,True
train/autobus/213748478.jpg,train/autobus/217780130.jpg,train,train,autobus,autobus,8,False,True
train/autobus/213748478.jpg,train/autobus/218959354.jpg,train,train,autobus,autobus,8,False,True
train/autobus/213748478.jpg,test/autobus/214795472.jpg,train,test,autobus,autobus,4,False,True
train/autobus/213748478.jpg,unclean/autobus/213441216.jpg,train,unclean,autobus,autobus,6,False,True
train/autobus/213748478.jpg,unclean/autobus/216269810.jpg,train,unclean,autobus,autobus,4,False,True
train/autobus/213748478.jpg,unclean/autobus/216639197.jpg,train,unclean,autobus,autobus,8,False,True
train/autobus/213748478.jpg,unclean/autobus/217011802.jpg,train,unclean,autobus,autobus,6,False,True
train/autobus/213748478.jpg,unclean/autobus/217923117.jpg,train,unclean,autobus,autobus,6,False,True
train/autobus/213748478.jpg,unclean/autobus/217979622.jpg,train,unclean,autobus,autobus,8,False,True
train/autobus/213844436.jpg,train/autobus/216357327.jpg,train,train,autobus,autobus,8,False,True
train/autobus/213844436.jpg,train/autobus/217431762.jpg,train,train,autobus,autobus,8,False,True
train/autobus/213844436.jpg,unclean/autobus/216269810.jpg,train,unclean,autobus,autobus,6,False,True
train/autobus/213844436.jpg,unclean/autobus/216410090.jpg,train,unclean,autobus,autobus,8,False,True
train/autobus/214187028.jpg,train/autobus/216176130.jpg,train,train,autobus,autobus,8,False,True
train/autobus/214187028.jpg,train/autobus/217780130.jpg,train,train,autobus,autobus,8,False,True
train/autobus/214187028.jpg,unclean/autobus/216269810.jpg,train,unclean,autobus,autobus,8,False,True
train/autobus/214187028.jpg,unclean/autobus/217011802.jpg,train,unclean,autobus,autobus,6,False,True
train/autobus/214187028.jpg,unclean/autobus/217131284.jpg,train,unclean,autobus,autobus,6,False,True
train/autobus/214187028.jpg,unclean/autobus/217923117.jpg,train,unclean,autobus,autobus,6,False,True
train/autobus/215321465.jpg,unclean/autobus/218691159.jpg,train,unclean,autobus,autobus,8,False,True
train/autobus/215647197.jpg,train/autobus/216357327.jpg,train,train,autobus,autobus,8,False,True
train/autobus/215647197.jpg,unclean/autobus/216410090.jpg,train,unclean,autobus,autobus,8,False,True
train/autobus/215647197.jpg,unclean/autobus/216797922.jpg,train,unclean,autobus,autobus,8,False,True
train/autobus/215679623.jpg,unclean/autobus/213441216.jpg,train,unclean,autobus,autobus,8,False,True
train/autobus/215770203.jpg,train/autobus/216664450.jpg,train,train,autobus,autobus,8,False,True
train/autobus/215821118.jpg,unclean/autobus/216865540.jpg,train,unclean,autobus,autobus,8,False,True
train/autobus/215821118.jpg,unclean/autobus/217131284.jpg,train,unclean,autobus,autobus,8,False,True
train/autobus/215825621.jpg,train/autobus/216079914.jpg,train,train,autobus,autobus,8,False,True
train/autobus/215825621.jpg,train/autobus/216551896.jpg,train,train,autobus,autobus,8,False,True
train/autobus/215825621.jpg,train/autobus/217431762.jpg,train,train,autobus,autobus,8,False,True
train/autobus/215825621.jpg,train/autobus/217780130.jpg,train,train,autobus,autobus,8,False,True
train/autobus/215825621.jpg,train/autobus/218060093.jpg,train,train,autobus,autobus,8,False,True
train/autobus/215825621.jpg,train/autobus/218959354.jpg,train,train,autobus,autobus,6,False,True
train/autobus/215825621.jpg,test/autobus/214795472.jpg,train,test,autobus,autobus,8,False,True
train/autobus/215825621.jpg,unclean/autobus/216269810.jpg,train,unclean,autobus,autobus,8,False,True
train/autobus/215825621.jpg,unclean/autobus/217768428.jpg,train,unclean,autobus,autobus,8,False,True
train/autobus/215825621.jpg,unclean/autobus/217923117.jpg,train,unclean,autobus,autobus,6,False,True
train/autobus/215825621.jpg,unclean/autobus/218214929.jpg,train,unclean,autobus,autobus,8,False,True
train/autobus/215825639.jpg,train/autobus/216850693.jpg,train,train,autobus,autobus,8,False,True
train/autobus/215825639.jpg,train/autobus/217091265.jpg,train,train,autobus,autobus,8,False,True
train/autobus/215825639.jpg,train/autobus/217893775.jpg,train,train,autobus,autobus,8,False,True
train/autobus/215825639.jpg,train/autobus/218625583.jpg,train,train,autobus,autobus,8,False,True
train/autobus/215825639.jpg,train/autobus/218903278.jpg,train,train,autobus,autobus,8,False,True
train/autobus/215825639.jpg,test/autobus/215678079.jpg,train,test,autobus,autobus,8,False,True
train/autobus/215825639.jpg,test/autobus/216169926.jpg,train,test,autobus,autobus,8,False,True
train/autobus/215825639.jpg,unclean/autobus/216036079.jpg,train,unclean,autobus,autobus,6,False,True
train/autobus/215825639.jpg,unclean/autobus/218088953.jpg,train,unclean,autobus,autobus,8,False,True
train/autobus/215825639.jpg,unclean/autobus/218426058.jpg,train,unclean,autobus,autobus,8,False,True
train/autobus/215989839.jpg,train/autobus/216729767.jpg,train,train,autobus,autobus,8,False,True
train/autobus/215989839.jpg,train/autobus/218959354.jpg,train,train,autobus,autobus,8,False,True
train/autobus/215989839.jpg,unclean/autobus/216261915.jpg,train,unclean,autobus,autobus,8,False,True
train/autobus/215989839.jpg,unclean/autobus/217923117.jpg,train,unclean,autobus,autobus,8,False,True
train/autobus/215992943.jpg,train/autobus/216850693.jpg,train,train,autobus,autobus,8,False,True
train/autobus/215992943.jpg,train/autobus/217091265.jpg,train,train,autobus,autobus,6,False,True
train/autobus/215992943.jpg,test/autobus/215678079.jpg,train,test,autobus,autobus,8,False,True
train/autobus/216010502.jpg,train/autobus/216412255.jpg,train,train,autobus,autobus,6,False,True
train/autobus/216013650.jpg,unclean/autobus/217924220.jpg,train,unclean,autobus,autobus,8,False,True
train/autobus/216066402.jpg,train/autobus/217091265.jpg,train,train,autobus,autobus,6,False,True
train/autobus/216066402.jpg,train/autobus/217893775.jpg,train,train,autobus,autobus,8,False,True
train/autobus/216066402.jpg,train/autobus/218625583.jpg,train,train,autobus,autobus,6,False,True
train/autobus/216066402.jpg,train/autobus/218903278.jpg,train,train,autobus,autobus,8,False,True
train/autobus/216066402.jpg,test/autobus/215678079.jpg,train,test,autobus,autobus,8,False,True
train/autobus/216066402.jpg,test/autobus/216169926.jpg,train,test,autobus,autobus,8,False,True
train/autobus/216066402.jpg,unclean/autobus/216036079.jpg,train,unclean,autobus,autobus,8,False,True
train/autobus/216066402.jpg,unclean/autobus/218426058.jpg,train,unclean,autobus,autobus,6,False,True
train/autobus/216066402.jpg,unclean/autobus/219027510.jpg,train,unclean,autobus,autobus,2,False,True
train/autobus/216079914.jpg,train/autobus/216357327.jpg,train,train,autobus,autobus,8,False,True
train/autobus/216079914.jpg,train/autobus/216551896.jpg,train,train,autobus,autobus,8,False,True
train/autobus/216079914.jpg,train/autobus/217431762.jpg,train,train,autobus,autobus,2,False,True
train/autobus/216079914.jpg,train/autobus/217780130.jpg,train,train,autobus,autobus,8,False,True
train/autobus/216079914.jpg,train/autobus/218959354.jpg,train,train,autobus,autobus,6,False,True
train/autobus/216079914.jpg,test/autobus/214795472.jpg,train,test,autobus,autobus,2,False,True
train/autobus/216079914.jpg,unclean/autobus/213441216.jpg,train,unclean,autobus,autobus,6,False,True
train/autobus/216079914.jpg,unclean/autobus/216265509.jpg,train,unclean,autobus,autobus,8,False,True
train/autobus/216079914.jpg,unclean/autobus/216269810.jpg,train,unclean,autobus,autobus,6,False,True
train/autobus/216079914.jpg,unclean/autobus/217979622.jpg,train,unclean,autobus,autobus,8,False,True
train/autobus/216079914.jpg,unclean/autobus/218214929.jpg,train,unclean,autobus,autobus,8,False,True
train/autobus/216079914.jpg,unclean/autobus/218712334.jpg,train,unclean,autobus,autobus,8,False,True
train/autobus/216176130.jpg,unclean/autobus/216865540.jpg,train,unclean,autobus,autobus,6,False,True
train/autobus/216176130.jpg,unclean/autobus/217131284.jpg,train,unclean,autobus,autobus,6,False,True
train/autobus/216240222.jpg,train/autobus/218903278.jpg,train,train,autobus,autobus,6,False,True
train/autobus/216240222.jpg,test/autobus/215678079.jpg,train,test,autobus,autobus,6,False,True
train/autobus/216240222.jpg,unclean/autobus/215893121.jpg,train,unclean,autobus,autobus,8,False,True
train/autobus/216240222.jpg,unclean/autobus/216732326.jpg,train,unclean,autobus,autobus,8,False,True
train/autobus/216262792.jpg,train/autobus/218959354.jpg,train,train,autobus,autobus,8,False,True
train/autobus/216262792.jpg,test/autobus/214795472.jpg,train,test,autobus,autobus,8,False,True
train/autobus/216277099.jpg,train/autobus/218028985.jpg,train,train,autobus,autobus,6,False,True
train/autobus/216277099.jpg,test/autobus/216919635.jpg,train,test,autobus,autobus,6,False,True
train/autobus/216277099.jpg,test/autobus/217008397.jpg,train,test,autobus,autobus,8,False,True
train/autobus/216277099.jpg,test/autobus/217020493.jpg,train,test,autobus,autobus,6,False,True
train/autobus/216277099.jpg,unclean/autobus/215129619.jpg,train,unclean,autobus,autobus,8,False,True
train/autobus/216277099.jpg,unclean/autobus/216086020.jpg,train,unclean,autobus,autobus,8,False,True
train/autobus/216277099.jpg,unclean/autobus/216279911.jpg,train,unclean,autobus,autobus,8,False,True
train/autobus/216277099.jpg,unclean/autobus/217005583.jpg,train,unclean,autobus,autobus,8,False,True
train/autobus/216357327.jpg,train/autobus/217431762.jpg,train,train,autobus,autobus,8,False,True
train/autobus/216357327.jpg,test/autobus/214795472.jpg,train,test,autobus,autobus,8,False,True
train/autobus/216357327.jpg,unclean/autobus/218712334.jpg,train,unclean,autobus,autobus,6,False,True
train/autobus/216421304.jpg,train/autobus/218028985.jpg,train,train,autobus,autobus,8,False,True
train/autobus/216421304.jpg,train/autobus/218932432.jpg,train,train,autobus,autobus,8,False,True
train/autobus/216421304.jpg,test/autobus/217008397.jpg,train,test,autobus,autobus,8,False,True
train/autobus/216421304.jpg,test/autobus/217020493.jpg,train,test,autobus,autobus,6,False,True
train/autobus/216421304.jpg,unclean/autobus/215129619.jpg,train,unclean,autobus,autobus,8,False,True
train/autobus/216421304.jpg,unclean/autobus/216086020.jpg,train,unclean,autobus,autobus,8,False,True
train/autobus/216421304.jpg,unclean/autobus/216273878.jpg,train,unclean,autobus,autobus,8,False,True
train/autobus/216551484.jpg,unclean/autobus/218737467.jpg,train,unclean,autobus,autobus,8,False,True
train/autobus/216551896.jpg,train/autobus/217431762.jpg,train,train,autobus,autobus,8,False,True
train/autobus/216551896.jpg,train/autobus/217780130.jpg,train,train,autobus,autobus,4,False,True
train/autobus/216551896.jpg,test/autobus/214795472.jpg,train,test,autobus,autobus,8,False,True
train/autobus/216551896.jpg,unclean/autobus/216269810.jpg,train,unclean,autobus,autobus,8,False,True
train/autobus/216551896.jpg,unclean/autobus/217979622.jpg,train,unclean,autobus,autobus,8,False,True
train/autobus/216551896.jpg,unclean/autobus/217999361.jpg,train,unclean,autobus,autobus,8,False,True
train/autobus/216714407.jpg,unclean/autobus/216867892.jpg,train,unclean,autobus,autobus,8,False,True
train/autobus/216729767.jpg,unclean/autobus/216261915.jpg,train,unclean,autobus,autobus,4,False,True
train/autobus/216729767.jpg,unclean/autobus/216946438.jpg,train,unclean,autobus,autobus,8,False,True
train/autobus/216797527.jpg,train/autobus/216946113.jpg,train,train,autobus,autobus,8,False,True
train/autobus/216797527.jpg,test/autobus/217020493.jpg,train,test,autobus,autobus,8,False,True
train/autobus/216797653.jpg,unclean/autobus/216086020.jpg,train,unclean,autobus,autobus,4,False,True
train/autobus/216850693.jpg,train/autobus/217091265.jpg,train,train,autobus,autobus,8,False,True
train/autobus/216850693.jpg,unclean/autobus/216036079.jpg,train,unclean,autobus,autobus,8,False,True
train/autobus/216859234.jpg,train/autobus/216946113.jpg,train,train,autobus,autobus,8,False,True
train/autobus/216859234.jpg,train/autobus/218028985.jpg,train,train,autobus,autobus,4,False,True
train/autobus/216859234.jpg,train/autobus/218060991.jpg,train,train,autobus,autobus,8,False,True
train/autobus/216859234.jpg,train/autobus/218767971.jpg,train,train,autobus,autobus,8,False,True
train/autobus/216859234.jpg,train/autobus/218932432.jpg,train,train,autobus,autobus,6,False,True
train/autobus/216859234.jpg,test/autobus/216919635.jpg,train,test,autobus,autobus,6,False,True
train/autobus/216859234.jpg,test/autobus/217008397.jpg,train,test,autobus,autobus,8,False,True
train/autobus/216859234.jpg,test/autobus/217020493.jpg,train,test,autobus,autobus,6,False,True
train/autobus/216859234.jpg,unclean/autobus/216917990.jpg,train,unclean,autobus,autobus,8,False,True
train/autobus/216859234.jpg,unclean/autobus/217005583.jpg,train,unclean,autobus,autobus,8,False,True
train/autobus/216946113.jpg,train/autobus/218932432.jpg,train,train,autobus,autobus,6,False,True
train/autobus/216946113.jpg,test/autobus/217020493.jpg,train,test,autobus,autobus,8,False,True
train/autobus/216946113.jpg,unclean/autobus/216917990.jpg,train,unclean,autobus,autobus,6,False,True
train/autobus/216946113.jpg,unclean/autobus/217005583.jpg,train,unclean,autobus,autobus,8,False,True
train/autobus/216947005.jpg,test/autobus/210733650.jpg,train,test,autobus,autobus,8,False,True
train/autobus/216947005.jpg,unclean/autobus/218737467.jpg,train,unclean,autobus,autobus,6,False,True
train/autobus/217007978.jpg,train/autobus/217431762.jpg,train,train,autobus,autobus,8,False,True
train/autobus/217007978.jpg,unclean/autobus/216265509.jpg,train,unclean,autobus,autobus,8,False,True
train/autobus/217091265.jpg,train/autobus/217893775.jpg,train,train,autobus,autobus,6,False,True
train/autobus/217091265.jpg,train/autobus/218625583.jpg,train,train,autobus,autobus,4,False,True
train/autobus/217091265.jpg,train/autobus/218903278.jpg,train,train,autobus,autobus,8,False,True
train/autobus/217091265.jpg,test/autobus/215678079.jpg,train,test,autobus,autobus,6,False,True
train/autobus/217091265.jpg,test/autobus/216169926.jpg,train,test,autobus,autobus,6,False,True
train/autobus/217091265.jpg,test/autobus/217948652.jpg,train,test,autobus,autobus,8,False,True
train/autobus/217091265.jpg,unclean/autobus/216036079.jpg,train,unclean,autobus,autobus,6,False,True
train/autobus/217091265.jpg,unclean/autobus/218088953.jpg,train,unclean,autobus,autobus,6,False,True
train/autobus/217091265.jpg,unclean/autobus/218426058.jpg,train,unclean,autobus,autobus,8,False,True
train/autobus/217091265.jpg,unclean/autobus/218434288.jpg,train,unclean,autobus,autobus,8,False,True
train/autobus/217091265.jpg,unclean/autobus/219027510.jpg,train,unclean,autobus,autobus,6,False,True
train/autobus/217413615.jpg,unclean/autobus/216967854.jpg,train,unclean,autobus,autobus,8,False,True
train/autobus/217431762.jpg,train/autobus/217780130.jpg,train,train,autobus,autobus,8,False,True
train/autobus/217431762.jpg,train/autobus/218959354.jpg,train,train,autobus,autobus,6,False,True
train/autobus/217431762.jpg,test/autobus/214795472.jpg,train,test,autobus,autobus,4,False,True
train/autobus/217431762.jpg,unclean/autobus/213441216.jpg,train,unclean,autobus,autobus,8,False,True
train/autobus/217431762.jpg,unclean/autobus/216265509.jpg,train,unclean,autobus,autobus,8,False,True
train/autobus/217431762.jpg,unclean/autobus/216269810.jpg,train,unclean,autobus,autobus,6,False,True
train/autobus/217431762.jpg,unclean/autobus/216946438.jpg,train,unclean,autobus,autobus,8,False,True
train/autobus/217431762.jpg,unclean/autobus/217979622.jpg,train,unclean,autobus,autobus,6,False,True
train/autobus/217431762.jpg,unclean/autobus/217999361.jpg,train,unclean,autobus,autobus,8,False,True
train/autobus/217431762.jpg,unclean/autobus/218214929.jpg,train,unclean,autobus,autobus,6,False,True
train/autobus/217431762.jpg,unclean/autobus/218712334.jpg,train,unclean,autobus,autobus,8,False,True
train/autobus/217780130.jpg,train/autobus/218060093.jpg,train,train,autobus,autobus,8,False,True
train/autobus/217780130.jpg,train/autobus/218959354.jpg,train,train,autobus,autobus,8,False,True
train/autobus/217780130.jpg,test/autobus/214795472.jpg,train,test,autobus,autobus,8,False,True
train/autobus/217780130.jpg,unclean/autobus/213441216.jpg,train,unclean,autobus,autobus,8,False,True
train/autobus/217780130.jpg,unclean/autobus/216269810.jpg,train,unclean,autobus,autobus,8,False,True
train/autobus/217780130.jpg,unclean/autobus/216639197.jpg,train,unclean,autobus,autobus,6,False,True
train/autobus/217780130.jpg,unclean/autobus/217923117.jpg,train,unclean,autobus,autobus,8,False,True
train/autobus/217780130.jpg,unclean/autobus/217979622.jpg,train,unclean,autobus,autobus,6,False,True
train/autobus/217780130.jpg,unclean/autobus/217999361.jpg,train,unclean,autobus,autobus,8,False,True
train/autobus/217893775.jpg,train/autobus/218625583.jpg,train,train,autobus,autobus,6,False,True
train/autobus/217893775.jpg,test/autobus/216169926.jpg,train,test,autobus,autobus,6,False,True
train/autobus/217893775.jpg,test/autobus/217948652.jpg,train,test,autobus,autobus,8,False,True
train/autobus/217893775.jpg,unclean/autobus/216036079.jpg,train,unclean,autobus,autobus,4,False,True
train/autobus/217893775.jpg,unclean/autobus/218088953.jpg,train,unclean,autobus,autobus,8,False,True
train/autobus/217893775.jpg,unclean/autobus/218426058.jpg,train,unclean,autobus,autobus,6,False,True
train/autobus/217893775.jpg,unclean/autobus/218710860.jpg,train,unclean,autobus,autobus,8,False,True
train/autobus/217893775.jpg,unclean/autobus/219027510.jpg,train,unclean,autobus,autobus,8,False,True
train/autobus/217930382.jpg,train/autobus/218417318.jpg,train,train,autobus,autobus,6,False,True
train/autobus/217930382.jpg,unclean/autobus/216732326.jpg,train,unclean,autobus,autobus,8,False,True
train/autobus/217999167.jpg,unclean/autobus/215504509.jpg,train,unclean,autobus,autobus,8,False,True
train/autobus/217999167.jpg,unclean/autobus/216072125.jpg,train,unclean,autobus,autobus,6,False,True
train/autobus/218020051.jpg,train/autobus/218932432.jpg,train,train,autobus,autobus,8,False,True
train/autobus/218028985.jpg,train/autobus/218060991.jpg,train,train,autobus,autobus,4,False,True
train/autobus/218028985.jpg,train/autobus/218767971.jpg,train,train,autobus,autobus,6,False,True
train/autobus/218028985.jpg,train/autobus/218932432.jpg,train,train,autobus,autobus,8,False,True
train/autobus/218028985.jpg,test/autobus/216919635.jpg,train,test,autobus,autobus,6,False,True
train/autobus/218028985.jpg,test/autobus/217008397.jpg,train,test,autobus,autobus,4,False,True
train/autobus/218028985.jpg,test/autobus/217020493.jpg,train,test,autobus,autobus,2,False,True
train/autobus/218028985.jpg,unclean/autobus/200600907.jpg,train,unclean,autobus,autobus,6,False,True
train/autobus/218028985.jpg,unclean/autobus/215129619.jpg,train,unclean,autobus,autobus,6,False,True
train/autobus/218028985.jpg,unclean/autobus/216086020.jpg,train,unclean,autobus,autobus,8,False,True
train/autobus/218028985.jpg,unclean/autobus/216273878.jpg,train,unclean,autobus,autobus,8,False,True
train/autobus/218028985.jpg,unclean/autobus/216279911.jpg,train,unclean,autobus,autobus,8,False,True
train/autobus/218028985.jpg,unclean/autobus/216870701.jpg,train,unclean,autobus,autobus,8,False,True
train/autobus/218028985.jpg,unclean/autobus/216917990.jpg,train,unclean,autobus,autobus,8,False,True
train/autobus/218028985.jpg,unclean/autobus/217005583.jpg,train,unclean,autobus,autobus,8,False,True
train/autobus/218028985.jpg,unclean/autobus/218405806.jpg,train,unclean,autobus,autobus,6,False,True
train/autobus/218060093.jpg,unclean/autobus/217011802.jpg,train,unclean,autobus,autobus,8,False,True
train/autobus/218060093.jpg,unclean/autobus/217768428.jpg,train,unclean,autobus,autobus,8,False,True
train/autobus/218060093.jpg,unclean/autobus/217923117.jpg,train,unclean,autobus,autobus,6,False,True
train/autobus/218060991.jpg,train/autobus/218767971.jpg,train,train,autobus,autobus,6,False,True
train/autobus/218060991.jpg,train/autobus/218932432.jpg,train,train,autobus,autobus,8,False,True
train/autobus/218060991.jpg,test/autobus/217008397.jpg,train,test,autobus,autobus,6,False,True
train/autobus/218060991.jpg,test/autobus/217020493.jpg,train,test,autobus,autobus,4,False,True
train/autobus/218060991.jpg,unclean/autobus/200600907.jpg,train,unclean,autobus,autobus,6,False,True
train/autobus/218060991.jpg,unclean/autobus/215129619.jpg,train,unclean,autobus,autobus,8,False,True
train/autobus/218060991.jpg,unclean/autobus/218405806.jpg,train,unclean,autobus,autobus,6,False,True
train/autobus/218092463.jpg,train/autobus/218952897.jpg,train,train,autobus,autobus,4,False,True
train/autobus/218092463.jpg,unclean/autobus/218374242.jpg,train,unclean,autobus,autobus,8,False,True
train/autobus/218092463.jpg,unclean/autobus/218595025.jpg,train,unclean,autobus,autobus,8,False,True
train/autobus/218220108.jpg,unclean/autobus/213441216.jpg,train,unclean,autobus,autobus,6,False,True
train/autobus/218337345.jpg,unclean/autobus/218337345.jpg,train,unclean,autobus,autobus,0,True,True
train/autobus/218417318.jpg,test/autobus/216169926.jpg,train,test,autobus,autobus,6,False,True
train/autobus/218625583.jpg,test/autobus/216169926.jpg,train,test,autobus,autobus,8,False,True
train/autobus/218625583.jpg,unclean/autobus/216036079.jpg,train,unclean,autobus,autobus,8,False,True
train/autobus/218625583.jpg,unclean/autobus/218088953.jpg,train,unclean,autobus,autobus,8,False,True
train/autobus/218625583.jpg,unclean/autobus/218426058.jpg,train,unclean,autobus,autobus,6,False,True
train/autobus/218625583.jpg,unclean/autobus/219027510.jpg,train,unclean,autobus,autobus,4,False,True
train/autobus/218757064.jpg,unclean/autobus/218737467.jpg,train,unclean,autobus,autobus,8,False,True
train/autobus/218767971.jpg,train/autobus/218932432.jpg,train,train,autobus,autobus,8,False,True
train/autobus/218767971.jpg,test/autobus/217008397.jpg,train,test,autobus,autobus,8,False,True
train/autobus/218767971.jpg,test/autobus/217020493.jpg,train,test,autobus,autobus,6,False,True
train/autobus/218767971.jpg,unclean/autobus/217005583.jpg,train,unclean,autobus,autobus,8,False,True
train/autobus/218903278.jpg,test/autobus/215678079.jpg,train,test,autobus,autobus,2,False,True
train/autobus/218903278.jpg,test/autobus/216169926.jpg,train,test,autobus,autobus,6,False,True
train/autobus/218903278.jpg,unclean/autobus/216036079.jpg,train,unclean,autobus,autobus,8,False,True
train/autobus/218903278.jpg,unclean/autobus/216732326.jpg,train,unclean,autobus,autobus,6,False,True
train/autobus/218903278.jpg,unclean/autobus/218426058.jpg,train,unclean,autobus,autobus,8,False,True
train/autobus/218903278.jpg,unclean/autobus/219027510.jpg,train,unclean,autobus,autobus,8,False,True
train/autobus/218932432.jpg,test/autobus/217020493.jpg,train,test,autobus,autobus,8,False,True
train/autobus/218932432.jpg,unclean/autobus/216917990.jpg,train,unclean,autobus,autobus,8,False,True
train/autobus/218936050.jpg,unclean/autobus/216022475.jpg,train,unclean,autobus,autobus,8,False,True
train/autobus/218952897.jpg,unclean/autobus/217002020.jpg,train,unclean,autobus,autobus,8,False,True
train/autobus/218952897.jpg,unclean/autobus/217784847.jpg,train,unclean,autobus,autobus,8,False,True
train/autobus/218952897.jpg,unclean/autobus/218374242.jpg,train,unclean,autobus,autobus,8,False,True
train/autobus/218952897.jpg,unclean/autobus/218595025.jpg,train,unclean,autobus,autobus,8,False,True
train/autobus/218959354.jpg,test/autobus/214795472.jpg,train,test,autobus,autobus,6,False,True
train/autobus/218959354.jpg,unclean/autobus/213441216.jpg,train,unclean,autobus,autobus,8,False,True
train/autobus/218959354.jpg,unclean/autobus/216269810.jpg,train,unclean,autobus,autobus,8,False,True
train/autobus/218959354.jpg,unclean/autobus/217923117.jpg,train,unclean,autobus,autobus,8,False,True
train/autobus/218959354.jpg,unclean/autobus/218214929.jpg,train,unclean,autobus,autobus,8,False,True
train/kamyun/204655887.jpg,train/kamyunet/217185484.jpg,train,train,kamyun,kamyunet,8,False,False
train/kamyun/215121872.jpg,train/kamyun/216945616.jpg,train,train,kamyun,kamyun,8,False,True
train/kamyun/216040476.jpg,unclean/kamyunet/214105935.jpg,train,unclean,kamyun,kamyunet,4,False,False
train/kamyun/216822835.jpg,test/kamyunet/218090961.jpg,train,test,kamyun,kamyunet,8,False,False
train/kamyun/217798410.jpg,unclean/kamyun/218916372.jpg,train,unclean,kamyun,kamyun,8,False,True
train/kamyunet/193903806.jpg,unclean/kamyunet/193903806.jpg,train,unclean,kamyunet,kamyunet,0,True,True
train/kamyunet/194270924.jpg,unclean/kamyunet/194270924.jpg,train,unclean,kamyunet,kamyunet,0,True,True
train/kamyunet/195578789.jpg,unclean/kamyunet/195578789.jpg,train,unclean,kamyunet,kamyunet,0,True,True
train/kamyunet/214285219.jpg,train/kamyunet/217795203.jpg,train,train,kamyunet,kamyunet,6,False,True
train/kamyunet/215671765.jpg,train/kamyunet/217156552.jpg,train,train,kamyunet,kamyunet,6,False,True
train/kamyunet/215671765.jpg,train/kamyunet/217958045.jpg,train,train,kamyunet,kamyunet,6,False,True
train/kamyunet/215671765.jpg,unclean/kamyunet/217156552.jpg,train,unclean,kamyunet,kamyunet,6,False,True
train/kamyunet/215757279.jpg,unclean/kamyunet/215318772.jpg,train,unclean,kamyunet,kamyunet,8,False,True
train/kamyunet/215789530.jpg,test/kamyunet/218090961.jpg,train,test,kamyunet,kamyunet,8,False,True
train/kamyunet/215795207.jpg,train/vanet/212665899.jpg,train,train,kamyunet,vanet,8,False,False
train/kamyunet/215906129.jpg,unclean/kamyunet/215579018.jpg,train,unclean,kamyunet,kamyunet,8,False,True
train/kamyunet/216026504.jpg,train/kamyunet/217958045.jpg,train,train,kamyunet,kamyunet,6,False,True
train/kamyunet/216026504.jpg,unclean/kamyunet/216763745.jpg,train,unclean,kamyunet,kamyunet,8,False,True
train/kamyunet/216026504.jpg,unclean/kamyunet/218322871.jpg,train,unclean,kamyunet,kamyunet,8,False,True
train/kamyunet/216088991.jpg,test/kamyunet/218090961.jpg,train,test,kamyunet,kamyunet,8,False,True
train/kamyunet/216088991.jpg,unclean/kamyunet/216070131.jpg,train,unclean,kamyunet,kamyunet,6,False,True
train/kamyunet/216581893.jpg,train/kamyunet/218178501.jpg,train,train,kamyunet,kamyunet,8,False,True
train/kamyunet/216581893.jpg,unclean/kamyunet/214490121.jpg,train,unclean,kamyunet,kamyunet,4,False,True
train/kamyunet/216581893.jpg,unclean/kamyunet/215318772.jpg,train,unclean,kamyunet,kamyunet,4,False,True
train/kamyunet/216581893.jpg,unclean/kamyunet/218307800.jpg,train,unclean,kamyunet,kamyunet,8,False,True
train/kamyunet/216581893.jpg,unclean/minibus/216335562.jpg,train,unclean,kamyunet,minibus,8,False,False
train/kamyunet/216646196.jpg,unclean/kamyunet/213511840.jpg,train,unclean,kamyunet,kamyunet,6,False,True
train/kamyunet/216646196.jpg,unclean/kamyunet/216771096.jpg,train,unclean,kamyunet,kamyunet,8,False,True
train/kamyunet/216854381.jpg,train/kamyunet/218178501.jpg,train,train,kamyunet,kamyunet,6,False,True
train/kamyunet/216854381.jpg,unclean/kamyunet/215318772.jpg,train,unclean,kamyunet,kamyunet,8,False,True
train/kamyunet/216854381.jpg,unclean/kamyunet/216070131.jpg,train,unclean,kamyunet,kamyunet,8,False,True
train/kamyunet/217156552.jpg,train/minibus/216088632.jpg,train,train,kamyunet,minibus,8,False,False
train/kamyunet/217156552.jpg,train/minibus/217959075.jpg,train,train,kamyunet,minibus,8,False,False
train/kamyunet/217156552.jpg,unclean/kamyunet/217156552.jpg,train,unclean,kamyunet,kamyunet,0,True,True
train/kamyunet/217156552.jpg,unclean/minibus/218252019.jpg,train,unclean,kamyunet,minibus,8,False,False
train/kamyunet/217206646.jpg,test/kamyun/216034399.jpg,train,test,kamyunet,kamyun,8,False,False
train/kamyunet/217206646.jpg,unclean/kamyunet/216070131.jpg,train,unclean,kamyunet,kamyunet,8,False,True
train/kamyunet/217425322.jpg,test/taxi/216649147.jpg,train,test,kamyunet,taxi,6,False,False
train/kamyunet/217425322.jpg,unclean/savari/215184231.jpg,train,unclean,kamyunet,savari,8,False,False
train/kamyunet/217425322.jpg,unclean/savari/216079172.jpg,train,unclean,kamyunet,savari,8,False,False
train/kamyunet/217760085.jpg,unclean/kamyunet/216230183.jpg,train,unclean,kamyunet,kamyunet,8,False,True
train/kamyunet/217780037.jpg,unclean/kamyunet/216392196.jpg,train,unclean,kamyunet,kamyunet,6,False,True
train/kamyunet/217795203.jpg,train/kamyunet/217986709.jpg,train,train,kamyunet,kamyunet,8,False,True
train/kamyunet/217795203.jpg,unclean/minibus/214773879.jpg,train,unclean,kamyunet,minibus,8,False,False
train/kamyunet/217958045.jpg,unclean/kamyunet/216763745.jpg,train,unclean,kamyunet,kamyunet,8,False,True
train/kamyunet/217958045.jpg,unclean/kamyunet/218322871.jpg,train,unclean,kamyunet,kamyunet,8,False,True
train/kamyunet/218178501.jpg,unclean/kamyunet/214490121.jpg,train,unclean,kamyunet,kamyunet,8,False,True
train/kamyunet/218178501.jpg,unclean/kamyunet/215318772.jpg,train,unclean,kamyunet,kamyunet,8,False,True
train/kamyunet/218178501.jpg,unclean/kamyunet/216070131.jpg,train,unclean,kamyunet,kamyunet,8,False,True
train/kamyunet/218178501.jpg,unclean/kamyunet/218307800.jpg,train,unclean,kamyunet,kamyunet,8,False,True
train/kamyunet/218872188.jpg,unclean/kamyunet/213853081.jpg,train,unclean,kamyunet,kamyunet,8,False,True
train/minibus/198331521.jpg,unclean/minibus/198331521.jpg,train,unclean,minibus,minibus,0,True,True
train/minibus/198432863.jpg,train/minibus/198508755.jpg,train,train,minibus,minibus,8,False,True
train/minibus/202350769.jpg,train/minibus/205866523.jpg,train,train,minibus,minibus,8,False,True
train/minibus/202350769.jpg,train/minibus/215533576.jpg,train,train,minibus,minibus,8,False,True
train/minibus/202350769.jpg,train/minibus/215985546.jpg,train,train,minibus,minibus,8,False,True
train/minibus/202350769.jpg,train/minibus/216088632.jpg,train,train,minibus,minibus,6,False,True
train/minibus/202350769.jpg,train/minibus/218321697.jpg,train,train,minibus,minibus,8,False,True
train/minibus/202350769.jpg,test/minibus/216249951.jpg,train,test,minibus,minibus,8,False,True
train/minibus/202350769.jpg,unclean/minibus/216051293.jpg,train,unclean,minibus,minibus,8,False,True
train/minibus/202350769.jpg,unclean/minibus/216061853.jpg,train,unclean,minibus,minibus,8,False,True
train/minibus/202350769.jpg,unclean/minibus/216430711.jpg,train,unclean,minibus,minibus,8,False,True
train/minibus/205737488.jpg,train/minibus/205924423.jpg,train,train,minibus,minibus,8,False,True
train/minibus/205737488.jpg,train/minibus/205925887.jpg,train,train,minibus,minibus,8,False,True
train/minibus/205737488.jpg,train/minibus/218979253.jpg,train,train,minibus,minibus,8,False,True
train/minibus/205737488.jpg,test/minibus/215119023.jpg,train,test,minibus,minibus,8,False,True
train/minibus/205737488.jpg,unclean/minibus/205737488.jpg,train,unclean,minibus,minibus,0,True,True
train/minibus/205808255.jpg,train/minibus/205930284.jpg,train,train,minibus,minibus,6,False,True
train/minibus/205808255.jpg,train/minibus/205936989.jpg,train,train,minibus,minibus,4,False,True
train/minibus/205808255.jpg,train/minibus/205940443.jpg,train,train,minibus,minibus,8,False,True
train/minibus/205808255.jpg,train/minibus/205942776.jpg,train,train,minibus,minibus,6,False,True
train/minibus/205808255.jpg,train/minibus/206066058.jpg,train,train,minibus,minibus,8,False,True
train/minibus/205808255.jpg,test/minibus/205940059.jpg,train,test,minibus,minibus,8,False,True
train/minibus/205808255.jpg,unclean/minibus/205929474.jpg,train,unclean,minibus,minibus,6,False,True
train/minibus/205808255.jpg,unclean/minibus/206187093.jpg,train,unclean,minibus,minibus,4,False,True
train/minibus/205808255.jpg,unclean/minibus/206192409.jpg,train,unclean,minibus,minibus,4,False,True
train/minibus/205855305.jpg,train/minibus/214672749.jpg,train,train,minibus,minibus,8,False,True
train/minibus/205866523.jpg,train/minibus/205924423.jpg,train,train,minibus,minibus,6,False,True
train/minibus/205924423.jpg,test/minibus/205923148.jpg,train,test,minibus,minibus,8,False,True
train/minibus/205924423.jpg,unclean/minibus/205737488.jpg,train,unclean,minibus,minibus,8,False,True
train/minibus/205925887.jpg,train/minibus/205941237.jpg,train,train,minibus,minibus,8,False,True
train/minibus/205925887.jpg,test/minibus/215119023.jpg,train,test,minibus,minibus,8,False,True
train/minibus/205925887.jpg,unclean/minibus/205737488.jpg,train,unclean,minibus,minibus,8,False,True
train/minibus/205929260.jpg,train/minibus/205942181.jpg,train,train,minibus,minibus,8,False,True
train/minibus/205929260.jpg,test/minibus/205940059.jpg,train,test,minibus,minibus,6,False,True
train/minibus/205930284.jpg,train/minibus/205936989.jpg,train,train,minibus,minibus,4,False,True
train/minibus/205930284.jpg,train/minibus/205940443.jpg,train,train,minibus,minibus,8,False,True
train/minibus/205930284.jpg,train/minibus/205942181.jpg,train,train,minibus,minibus,8,False,True
train/minibus/205930284.jpg,train/minibus/205942776.jpg,train,train,minibus,minibus,8,False,True
train/minibus/205930284.jpg,train/minibus/206066058.jpg,train,train,minibus,minibus,8,False,True
train/minibus/205930284.jpg,test/minibus/205940059.jpg,train,test,minibus,minibus,8,False,True
train/minibus/205930284.jpg,unclean/minibus/205929474.jpg,train,unclean,minibus,minibus,6,False,True
train/minibus/205930284.jpg,unclean/minibus/206187093.jpg,train,unclean,minibus,minibus,6,False,True
train/minibus/205930284.jpg,unclean/minibus/206192409.jpg,train,unclean,minibus,minibus,6,False,True
train/minibus/205936989.jpg,train/minibus/205940443.jpg,train,train,minibus,minibus,8,False,True
train/minibus/205936989.jpg,train/minibus/205941237.jpg,train,train,minibus,minibus,8,False,True
train/minibus/205936989.jpg,train/minibus/205942181.jpg,train,train,minibus,minibus,8,False,True
train/minibus/205936989.jpg,train/minibus/205942776.jpg,train,train,minibus,minibus,8,False,True
train/minibus/205936989.jpg,train/minibus/206066058.jpg,train,train,minibus,minibus,6,False,True
train/minibus/205936989.jpg,unclean/minibus/205929411.jpg,train,unclean,minibus,minibus,6,False,True
train/minibus/205936989.jpg,unclean/minibus/205929474.jpg,train,unclean,minibus,minibus,4,False,True
train/minibus/205936989.jpg,unclean/minibus/206187093.jpg,train,unclean,minibus,minibus,6,False,True
train/minibus/205936989.jpg,unclean/minibus/206192409.jpg,train,unclean,minibus,minibus,6,False,True
train/minibus/205940443.jpg,train/minibus/205942181.jpg,train,train,minibus,minibus,8,False,True
train/minibus/205940443.jpg,train/minibus/206066058.jpg,train,train,minibus,minibus,8,False,True
train/minibus/205940443.jpg,unclean/minibus/205929474.jpg,train,unclean,minibus,minibus,4,False,True
train/minibus/205940443.jpg,unclean/minibus/206192409.jpg,train,unclean,minibus,minibus,8,False,True
train/minibus/205941203.jpg,train/minibus/205941237.jpg,train,train,minibus,minibus,8,False,True
train/minibus/205941237.jpg,train/minibus/205944778.jpg,train,train,minibus,minibus,8,False,True
train/minibus/205941237.jpg,train/minibus/206185314.jpg,train,train,minibus,minibus,6,False,True
train/minibus/205941237.jpg,test/minibus/215119023.jpg,train,test,minibus,minibus,8,False,True
train/minibus/205941237.jpg,unclean/minibus/205929411.jpg,train,unclean,minibus,minibus,4,False,True
train/minibus/205941237.jpg,unclean/minibus/206187052.jpg,train,unclean,minibus,minibus,6,False,True
train/minibus/205941237.jpg,unclean/minibus/206192409.jpg,train,unclean,minibus,minibus,8,False,True
train/minibus/205942181.jpg,train/minibus/206066058.jpg,train,train,minibus,minibus,8,False,True
train/minibus/205942181.jpg,unclean/minibus/205929474.jpg,train,unclean,minibus,minibus,8,False,True
train/minibus/205942776.jpg,train/minibus/206066058.jpg,train,train,minibus,minibus,6,False,True
train/minibus/205942776.jpg,train/minibus/206186624.jpg,train,train,minibus,minibus,8,False,True
train/minibus/205942776.jpg,test/minibus/205940059.jpg,train,test,minibus,minibus,6,False,True
train/minibus/205942776.jpg,unclean/minibus/206187093.jpg,train,unclean,minibus,minibus,6,False,True
train/minibus/205942776.jpg,unclean/minibus/206192409.jpg,train,unclean,minibus,minibus,4,False,True
train/minibus/205944778.jpg,unclean/minibus/205929411.jpg,train,unclean,minibus,minibus,8,False,True
train/minibus/206058953.jpg,test/minibus/205923148.jpg,train,test,minibus,minibus,6,False,True
train/minibus/206058953.jpg,unclean/minibus/206183245.jpg,train,unclean,minibus,minibus,8,False,True
train/minibus/206066058.jpg,test/minibus/205940059.jpg,train,test,minibus,minibus,8,False,True
train/minibus/206066058.jpg,unclean/minibus/205929474.jpg,train,unclean,minibus,minibus,6,False,True
train/minibus/206066058.jpg,unclean/minibus/206192409.jpg,train,unclean,minibus,minibus,6,False,True
train/minibus/206121407.jpg,unclean/minibus/206187052.jpg,train,unclean,minibus,minibus,8,False,True
train/minibus/206121407.jpg,unclean/minibus/215644672.jpg,train,unclean,minibus,minibus,8,False,True
train/minibus/206185314.jpg,test/minibus/215119023.jpg,train,test,minibus,minibus,8,False,True
train/minibus/206185314.jpg,unclean/minibus/206187052.jpg,train,unclean,minibus,minibus,4,False,True
train/minibus/206188796.jpg,unclean/minibus/206187093.jpg,train,unclean,minibus,minibus,8,False,True
train/minibus/210270715.jpg,unclean/ambulance/208738861.jpg,train,unclean,minibus,ambulance,8,False,False
train/minibus/213204770.jpg,unclean/minibus/194328969.jpg,train,unclean,minibus,minibus,8,False,True
train/minibus/215113899.jpg,train/minibus/215743713.jpg,train,train,minibus,minibus,8,False,True
train/minibus/215329984.jpg,train/minibus/216875575.jpg,train,train,minibus,minibus,8,False,True
train/minibus/215329984.jpg,train/minibus/216947159.jpg,train,train,minibus,minibus,8,False,True
train/minibus/215329984.jpg,train/minibus/218541081.jpg,train,train,minibus,minibus,6,False,True
train/minibus/215329984.jpg,test/minibus/215128581.jpg,train,test,minibus,minibus,8,False,True
train/minibus/215329984.jpg,unclean/minibus/216045431.jpg,train,unclean,minibus,minibus,6,False,True
train/minibus/215329984.jpg,unclean/minibus/218542930.jpg,train,unclean,minibus,minibus,8,False,True
train/minibus/215329984.jpg,unclean/minibus/218784689.jpg,train,unclean,minibus,minibus,8,False,True
train/minibus/215533576.jpg,train/minibus/215763336.jpg,train,train,minibus,minibus,6,False,True
train/minibus/215533576.jpg,test/minibus/215808924.jpg,train,test,minibus,minibus,6,False,True
train/minibus/215533576.jpg,unclean/minibus/216584796.jpg,train,unclean,minibus,minibus,8,False,True
train/minibus/215533576.jpg,unclean/minibus/218742321.jpg,train,unclean,minibus,minibus,8,False,True
train/minibus/215607636.jpg,train/minibus/215859419.jpg,train,train,minibus,minibus,4,False,True
train/minibus/215607636.jpg,train/minibus/215985546.jpg,train,train,minibus,minibus,8,False,True
train/minibus/215607636.jpg,train/minibus/216034562.jpg,train,train,minibus,minibus,8,False,True
train/minibus/215607636.jpg,train/minibus/216088632.jpg,train,train,minibus,minibus,6,False,True
train/minibus/215607636.jpg,train/minibus/217959075.jpg,train,train,minibus,minibus,6,False,True
train/minibus/215607636.jpg,train/minibus/218321697.jpg,train,train,minibus,minibus,8,False,True
train/minibus/215607636.jpg,train/minibus/218596879.jpg,train,train,minibus,minibus,2,False,True
train/minibus/215607636.jpg,train/minibus/218984737.jpg,train,train,minibus,minibus,8,False,True
train/minibus/215607636.jpg,test/minibus/216249951.jpg,train,test,minibus,minibus,6,False,True
train/minibus/215607636.jpg,test/minibus/216737437.jpg,train,test,minibus,minibus,8,False,True
train/minibus/215607636.jpg,test/minibus/216761671.jpg,train,test,minibus,minibus,6,False,True
train/minibus/215607636.jpg,test/minibus/218307381.jpg,train,test,minibus,minibus,2,False,True
train/minibus/215607636.jpg,test/minibus/218328619.jpg,train,test,minibus,minibus,4,False,True
train/minibus/215607636.jpg,unclean/minibus/215772392.jpg,train,unclean,minibus,minibus,8,False,True
train/minibus/215607636.jpg,unclean/minibus/215772703.jpg,train,unclean,minibus,minibus,0,False,True
train/minibus/215607636.jpg,unclean/minibus/215917000.jpg,train,unclean,minibus,minibus,4,False,True
train/minibus/215607636.jpg,unclean/minibus/216051293.jpg,train,unclean,minibus,minibus,8,False,True
train/minibus/215607636.jpg,unclean/minibus/216061853.jpg,train,unclean,minibus,minibus,8,False,True
train/minibus/215607636.jpg,unclean/minibus/216573266.jpg,train,unclean,minibus,minibus,0,False,True
train/minibus/215607636.jpg,unclean/minibus/216737470.jpg,train,unclean,minibus,minibus,8,False,True
train/minibus/215607636.jpg,unclean/minibus/218252019.jpg,train,unclean,minibus,minibus,2,False,True
train/minibus/215607636.jpg,unclean/minibus/218307381.jpg,train,unclean,minibus,minibus,2,False,True
train/minibus/215607636.jpg,unclean/minibus/218425722.jpg,train,unclean,minibus,minibus,8,False,True
train/minibus/215607636.jpg,unclean/minibus/218707170.jpg,train,unclean,minibus,minibus,8,False,True
train/minibus/215607636.jpg,unclean/minibus/218892957.jpg,train,unclean,minibus,minibus,6,False,True
train/minibus/215607636.jpg,unclean/minibus/218982546.jpg,train,unclean,minibus,minibus,4,False,True
train/minibus/215610138.jpg,train/minibus/216184596.jpg,train,train,minibus,minibus,6,False,True
train/minibus/215666828.jpg,train/minibus/215985546.jpg,train,train,minibus,minibus,8,False,True
train/minibus/215666828.jpg,train/minibus/216034562.jpg,train,train,minibus,minibus,6,False,True
train/minibus/215666828.jpg,train/minibus/218185076.jpg,train,train,minibus,minibus,8,False,True
train/minibus/215666828.jpg,unclean/minibus/207901769.jpg,train,unclean,minibus,minibus,8,False,True
train/minibus/215694184.jpg,unclean/autobus/215468137.jpg,train,unclean,minibus,autobus,8,False,False
train/minibus/215743713.jpg,test/minibus/215858014.jpg,train,test,minibus,minibus,8,False,True
train/minibus/215743713.jpg,unclean/minibus/215387945.jpg,train,unclean,minibus,minibus,8,False,True
train/minibus/215763336.jpg,train/minibus/216782805.jpg,train,train,minibus,minibus,8,False,True
train/minibus/215763336.jpg,train/minibus/216875575.jpg,train,train,minibus,minibus,4,False,True
train/minibus/215763336.jpg,train/minibus/216947159.jpg,train,train,minibus,minibus,8,False,True
train/minibus/215763336.jpg,train/minibus/218541081.jpg,train,train,minibus,minibus,6,False,True
train/minibus/215763336.jpg,test/minibus/215808924.jpg,train,test,minibus,minibus,8,False,True
train/minibus/215763336.jpg,unclean/minibus/218542930.jpg,train,unclean,minibus,minibus,8,False,True
train/minibus/215763336.jpg,unclean/minibus/218742321.jpg,train,unclean,minibus,minibus,6,False,True
train/minibus/215763336.jpg,unclean/minibus/218784689.jpg,train,unclean,minibus,minibus,6,False,True
train/minibus/215836229.jpg,train/minibus/215989638.jpg,train,train,minibus,minibus,6,False,True
train/minibus/215836229.jpg,unclean/minibus/216584796.jpg,train,unclean,minibus,minibus,4,False,True
train/minibus/215859419.jpg,train/minibus/215985546.jpg,train,train,minibus,minibus,8,False,True
train/minibus/215859419.jpg,train/minibus/216088632.jpg,train,train,minibus,minibus,4,False,True
train/minibus/215859419.jpg,train/minibus/216106217.jpg,train,train,minibus,minibus,8,False,True
train/minibus/215859419.jpg,train/minibus/216566437.jpg,train,train,minibus,minibus,8,False,True
train/minibus/215859419.jpg,train/minibus/216763364.jpg,train,train,minibus,minibus,8,False,True
train/minibus/215859419.jpg,train/minibus/217959075.jpg,train,train,minibus,minibus,4,False,True
train/minibus/215859419.jpg,train/minibus/218321697.jpg,train,train,minibus,minibus,4,False,True
train/minibus/215859419.jpg,train/minibus/218596879.jpg,train,train,minibus,minibus,2,False,True
train/minibus/215859419.jpg,train/minibus/218732172.jpg,train,train,minibus,minibus,8,False,True
train/minibus/215859419.jpg,train/minibus/218952212.jpg,train,train,minibus,minibus,8,False,True
train/minibus/215859419.jpg,train/minibus/218984737.jpg,train,train,minibus,minibus,6,False,True
train/minibus/215859419.jpg,train/minibus/219025847.jpg,train,train,minibus,minibus,8,False,True
train/minibus/215859419.jpg,test/minibus/216249951.jpg,train,test,minibus,minibus,6,False,True
train/minibus/215859419.jpg,test/minibus/216737437.jpg,train,test,minibus,minibus,8,False,True
train/minibus/215859419.jpg,test/minibus/216761671.jpg,train,test,minibus,minibus,8,False,True
train/minibus/215859419.jpg,test/minibus/218307381.jpg,train,test,minibus,minibus,4,False,True
train/minibus/215859419.jpg,test/minibus/218328619.jpg,train,test,minibus,minibus,8,False,True
train/minibus/215859419.jpg,test/minibus/218605367.jpg,train,test,minibus,minibus,6,False,True
train/minibus/215859419.jpg,unclean/minibus/215772392.jpg,train,unclean,minibus,minibus,6,False,True
train/minibus/215859419.jpg,unclean/minibus/215772703.jpg,train,unclean,minibus,minibus,4,False,True
train/minibus/215859419.jpg,unclean/minibus/215917000.jpg,train,unclean,minibus,minibus,6,False,True
train/minibus/215859419.jpg,unclean/minibus/216051293.jpg,train,unclean,minibus,minibus,4,False,True
train/minibus/215859419.jpg,unclean/minibus/216061853.jpg,train,unclean,minibus,minibus,4,False,True
train/minibus/215859419.jpg,unclean/minibus/216573266.jpg,train,unclean,minibus,minibus,4,False,True
train/minibus/215859419.jpg,unclean/minibus/217030998.jpg,train,unclean,minibus,minibus,6,False,True
train/minibus/215859419.jpg,unclean/minibus/217959451.jpg,train,unclean,minibus,minibus,8,False,True
train/minibus/215859419.jpg,unclean/minibus/218252019.jpg,train,unclean,minibus,minibus,2,False,True
train/minibus/215859419.jpg,unclean/minibus/218307381.jpg,train,unclean,minibus,minibus,4,False,True
train/minibus/215859419.jpg,unclean/minibus/218892957.jpg,train,unclean,minibus,minibus,8,False,True
train/minibus/215859419.jpg,unclean/minibus/218982546.jpg,train,unclean,minibus,minibus,4,False,True
train/minibus/215890147.jpg,test/minibus/216740055.jpg,train,test,minibus,minibus,8,False,True
train/minibus/215890147.jpg,unclean/minibus/216593660.jpg,train,unclean,minibus,minibus,8,False,True
train/minibus/215934908.jpg,unclean/minibus/216045431.jpg,train,unclean,minibus,minibus,8,False,True
train/minibus/215945358.jpg,test/minibus/218849745.jpg,train,test,minibus,minibus,8,False,True
train/minibus/215945358.jpg,unclean/minibus/215387945.jpg,train,unclean,minibus,minibus,4,False,True
train/minibus/215985546.jpg,train/minibus/216088632.jpg,train,train,minibus,minibus,4,False,True
train/minibus/215985546.jpg,train/minibus/216106217.jpg,train,train,minibus,minibus,8,False,True
train/minibus/215985546.jpg,train/minibus/217959075.jpg,train,train,minibus,minibus,8,False,True
train/minibus/215985546.jpg,train/minibus/218106671.jpg,train,train,minibus,minibus,6,False,True
train/minibus/215985546.jpg,train/minibus/218321697.jpg,train,train,minibus,minibus,6,False,True
train/minibus/215985546.jpg,train/minibus/218596879.jpg,train,train,minibus,minibus,8,False,True
train/minibus/215985546.jpg,test/minibus/218605367.jpg,train,test,minibus,minibus,6,False,True
train/minibus/215985546.jpg,unclean/minibus/215772703.jpg,train,unclean,minibus,minibus,8,False,True
train/minibus/215985546.jpg,unclean/minibus/216051293.jpg,train,unclean,minibus,minibus,6,False,True
train/minibus/215985546.jpg,unclean/minibus/216061853.jpg,train,unclean,minibus,minibus,6,False,True
train/minibus/215985546.jpg,unclean/minibus/216573266.jpg,train,unclean,minibus,minibus,8,False,True
train/minibus/215985546.jpg,unclean/minibus/217030998.jpg,train,unclean,minibus,minibus,6,False,True
train/minibus/215985546.jpg,unclean/minibus/218252019.jpg,train,unclean,minibus,minibus,6,False,True
train/minibus/215985546.jpg,unclean/minibus/218982546.jpg,train,unclean,minibus,minibus,8,False,True
train/minibus/215989638.jpg,unclean/minibus/216584796.jpg,train,unclean,minibus,minibus,6,False,True
train/minibus/215989811.jpg,train/minibus/218608623.jpg,train,train,minibus,minibus,4,False,True
train/minibus/215989811.jpg,unclean/minibus/212718337.jpg,train,unclean,minibus,minibus,6,False,True
train/minibus/216034562.jpg,train/minibus/218185076.jpg,train,train,minibus,minibus,6,False,True
train/minibus/216034562.jpg,unclean/minibus/215772703.jpg,train,unclean,minibus,minibus,8,False,True
train/minibus/216034562.jpg,unclean/minibus/216573266.jpg,train,unclean,minibus,minibus,8,False,True
train/minibus/216034562.jpg,unclean/minibus/218252019.jpg,train,unclean,minibus,minibus,8,False,True
train/minibus/216044266.jpg,test/minibus/216737437.jpg,train,test,minibus,minibus,8,False,True
train/minibus/216088632.jpg,train/minibus/216106217.jpg,train,train,minibus,minibus,8,False,True
train/minibus/216088632.jpg,train/minibus/216566437.jpg,train,train,minibus,minibus,6,False,True
train/minibus/216088632.jpg,train/minibus/216763364.jpg,train,train,minibus,minibus,8,False,True
train/minibus/216088632.jpg,train/minibus/216782805.jpg,train,train,minibus,minibus,8,False,True
train/minibus/216088632.jpg,train/minibus/217959075.jpg,train,train,minibus,minibus,6,False,True
train/minibus/216088632.jpg,train/minibus/218106671.jpg,train,train,minibus,minibus,6,False,True
train/minibus/216088632.jpg,train/minibus/218321697.jpg,train,train,minibus,minibus,2,False,True
train/minibus/216088632.jpg,train/minibus/218596879.jpg,train,train,minibus,minibus,6,False,True
train/minibus/216088632.jpg,train/minibus/218732172.jpg,train,train,minibus,minibus,8,False,True
train/minibus/216088632.jpg,train/minibus/218952212.jpg,train,train,minibus,minibus,6,False,True
train/minibus/216088632.jpg,train/minibus/219025847.jpg,train,train,minibus,minibus,8,False,True
train/minibus/216088632.jpg,test/minibus/216249951.jpg,train,test,minibus,minibus,6,False,True
train/minibus/216088632.jpg,test/minibus/216737437.jpg,train,test,minibus,minibus,6,False,True
train/minibus/216088632.jpg,test/minibus/218307381.jpg,train,test,minibus,minibus,8,False,True
train/minibus/216088632.jpg,test/minibus/218605367.jpg,train,test,minibus,minibus,6,False,True
train/minibus/216088632.jpg,unclean/kamyunet/217156552.jpg,train,unclean,minibus,kamyunet,8,False,False
train/minibus/216088632.jpg,unclean/minibus/215772392.jpg,train,unclean,minibus,minibus,8,False,True
train/minibus/216088632.jpg,unclean/minibus/215772703.jpg,train,unclean,minibus,minibus,6,False,True
train/minibus/216088632.jpg,unclean/minibus/216051293.jpg,train,unclean,minibus,minibus,2,False,True
train/minibus/216088632.jpg,unclean/minibus/216061853.jpg,train,unclean,minibus,minibus,4,False,True
train/minibus/216088632.jpg,unclean/minibus/216573266.jpg,train,unclean,minibus,minibus,6,False,True
train/minibus/216088632.jpg,unclean/minibus/217030998.jpg,train,unclean,minibus,minibus,4,False,True
train/minibus/216088632.jpg,unclean/minibus/217959451.jpg,train,unclean,minibus,minibus,6,False,True
train/minibus/216088632.jpg,unclean/minibus/218252019.jpg,train,unclean,minibus,minibus,4,False,True
train/minibus/216088632.jpg,unclean/minibus/218307381.jpg,train,unclean,minibus,minibus,8,False,True
train/minibus/216088632.jpg,unclean/minibus/218982546.jpg,train,unclean,minibus,minibus,6,False,True
train/minibus/216106217.jpg,train/minibus/216566437.jpg,train,train,minibus,minibus,6,False,True
train/minibus/216106217.jpg,train/minibus/216736603.jpg,train,train,minibus,minibus,8,False,True
train/minibus/216106217.jpg,train/minibus/217959075.jpg,train,train,minibus,minibus,8,False,True
train/minibus/216106217.jpg,train/minibus/218106671.jpg,train,train,minibus,minibus,8,False,True
train/minibus/216106217.jpg,train/minibus/218321697.jpg,train,train,minibus,minibus,6,False,True
train/minibus/216106217.jpg,train/minibus/219025847.jpg,train,train,minibus,minibus,6,False,True
train/minibus/216106217.jpg,test/minibus/218605367.jpg,train,test,minibus,minibus,6,False,True
train/minibus/216106217.jpg,unclean/minibus/207901769.jpg,train,unclean,minibus,minibus,8,False,True
train/minibus/216106217.jpg,unclean/minibus/216051293.jpg,train,unclean,minibus,minibus,6,False,True
train/minibus/216106217.jpg,unclean/minibus/216061853.jpg,train,unclean,minibus,minibus,4,False,True
train/minibus/216106217.jpg,unclean/minibus/217030998.jpg,train,unclean,minibus,minibus,4,False,True
train/minibus/216127555.jpg,unclean/minibus/215602362.jpg,train,unclean,minibus,minibus,8,False,True
train/minibus/216127555.jpg,unclean/minibus/217763204.jpg,train,unclean,minibus,minibus,6,False,True
train/minibus/216166252.jpg,train/minibus/218732172.jpg,train,train,minibus,minibus,8,False,True
train/minibus/216465953.jpg,train/minibus/218321697.jpg,train,train,minibus,minibus,8,False,True
train/minibus/216465953.jpg,unclean/minibus/216051293.jpg,train,unclean,minibus,minibus,8,False,True
train/minibus/216465953.jpg,unclean/minibus/216584796.jpg,train,unclean,minibus,minibus,8,False,True
train/minibus/216465953.jpg,unclean/minibus/218742321.jpg,train,unclean,minibus,minibus,8,False,True
train/minibus/216539402.jpg,test/minibus/217234709.jpg,train,test,minibus,minibus,4,False,True
train/minibus/216566437.jpg,train/minibus/216763364.jpg,train,train,minibus,minibus,8,False,True
train/minibus/216566437.jpg,train/minibus/216782744.jpg,train,train,minibus,minibus,8,False,True
train/minibus/216566437.jpg,train/minibus/217959075.jpg,train,train,minibus,minibus,8,False,True
train/minibus/216566437.jpg,train/minibus/218106671.jpg,train,train,minibus,minibus,8,False,True
train/minibus/216566437.jpg,train/minibus/218321697.jpg,train,train,minibus,minibus,4,False,True
train/minibus/216566437.jpg,train/minibus/218732172.jpg,train,train,minibus,minibus,6,False,True
train/minibus/216566437.jpg,train/minibus/218952212.jpg,train,train,minibus,minibus,6,False,True
train/minibus/216566437.jpg,train/minibus/219025847.jpg,train,train,minibus,minibus,4,False,True
train/minibus/216566437.jpg,test/minibus/215119023.jpg,train,test,minibus,minibus,8,False,True
train/minibus/216566437.jpg,test/minibus/216737437.jpg,train,test,minibus,minibus,6,False,True
train/minibus/216566437.jpg,test/minibus/218605367.jpg,train,test,minibus,minibus,8,False,True
train/minibus/216566437.jpg,unclean/minibus/216051293.jpg,train,unclean,minibus,minibus,4,False,True
train/minibus/216566437.jpg,unclean/minibus/216061853.jpg,train,unclean,minibus,minibus,6,False,True
train/minibus/216566437.jpg,unclean/minibus/217030998.jpg,train,unclean,minibus,minibus,4,False,True
train/minibus/216566437.jpg,unclean/minibus/218982546.jpg,train,unclean,minibus,minibus,8,False,True
train/minibus/216735501.jpg,train/minibus/217006575.jpg,train,train,minibus,minibus,8,False,True
train/minibus/216735501.jpg,test/minibus/215792583.jpg,train,test,minibus,minibus,8,False,True
train/minibus/216735501.jpg,unclean/minibus/216874507.jpg,train,unclean,minibus,minibus,8,False,True
train/minibus/216736603.jpg,test/minibus/218605367.jpg,train,test,minibus,minibus,8,False,True
train/minibus/216736603.jpg,unclean/minibus/216061853.jpg,train,unclean,minibus,minibus,8,False,True
train/minibus/216736913.jpg,test/minibus/218849745.jpg,train,test,minibus,minibus,8,False,True
train/minibus/216763364.jpg,train/minibus/216973888.jpg,train,train,minibus,minibus,8,False,True
train/minibus/216763364.jpg,train/minibus/217959075.jpg,train,train,minibus,minibus,8,False,True
train/minibus/216763364.jpg,train/minibus/218321697.jpg,train,train,minibus,minibus,8,False,True
train/minibus/216763364.jpg,train/minibus/218596879.jpg,train,train,minibus,minibus,8,False,True
train/minibus/216763364.jpg,train/minibus/218732172.jpg,train,train,minibus,minibus,6,False,True
train/minibus/216763364.jpg,train/minibus/218952212.jpg,train,train,minibus,minibus,8,False,True
train/minibus/216763364.jpg,train/minibus/218984737.jpg,train,train,minibus,minibus,8,False,True
train/minibus/216763364.jpg,unclean/minibus/215772392.jpg,train,unclean,minibus,minibus,6,False,True
train/minibus/216763364.jpg,unclean/minibus/216051293.jpg,train,unclean,minibus,minibus,8,False,True
train/minibus/216763364.jpg,unclean/minibus/218252019.jpg,train,unclean,minibus,minibus,8,False,True
train/minibus/216763364.jpg,unclean/minibus/218982546.jpg,train,unclean,minibus,minibus,6,False,True
train/minibus/216782744.jpg,train/minibus/218952212.jpg,train,train,minibus,minibus,6,False,True
train/minibus/216782744.jpg,test/minibus/215119023.jpg,train,test,minibus,minibus,6,False,True
train/minibus/216782744.jpg,unclean/kamyun/216231496.jpg,train,unclean,minibus,kamyun,8,False,False
train/minibus/216782744.jpg,unclean/minibus/216094190.jpg,train,unclean,minibus,minibus,8,False,True
train/minibus/216782744.jpg,unclean/minibus/218742321.jpg,train,unclean,minibus,minibus,8,False,True
train/minibus/216782805.jpg,train/minibus/216947159.jpg,train,train,minibus,minibus,8,False,True
train/minibus/216875575.jpg,train/minibus/216947159.jpg,train,train,minibus,minibus,8,False,True
train/minibus/216875575.jpg,train/minibus/218541081.jpg,train,train,minibus,minibus,4,False,True
train/minibus/216875575.jpg,unclean/minibus/216045431.jpg,train,unclean,minibus,minibus,8,False,True
train/minibus/216875575.jpg,unclean/minibus/218542930.jpg,train,unclean,minibus,minibus,8,False,True
train/minibus/216875575.jpg,unclean/minibus/218742321.jpg,train,unclean,minibus,minibus,8,False,True
train/minibus/216875575.jpg,unclean/minibus/218784689.jpg,train,unclean,minibus,minibus,8,False,True
train/minibus/216947159.jpg,train/minibus/218541081.jpg,train,train,minibus,minibus,8,False,True
train/minibus/216947159.jpg,test/minibus/215128581.jpg,train,test,minibus,minibus,8,False,True
train/minibus/216947159.jpg,unclean/minibus/216007874.jpg,train,unclean,minibus,minibus,8,False,True
train/minibus/216973888.jpg,train/minibus/218984737.jpg,train,train,minibus,minibus,6,False,True
train/minibus/216973888.jpg,unclean/minibus/215917000.jpg,train,unclean,minibus,minibus,8,False,True
train/minibus/216973888.jpg,unclean/minibus/218982546.jpg,train,unclean,minibus,minibus,8,False,True
train/minibus/217006575.jpg,test/minibus/215792583.jpg,train,test,minibus,minibus,8,False,True
train/minibus/217025806.jpg,test/minibus/216806221.jpg,train,test,minibus,minibus,8,False,True
train/minibus/217197302.jpg,train/minibus/218573670.jpg,train,train,minibus,minibus,8,False,True
train/minibus/217959075.jpg,train/minibus/218321697.jpg,train,train,minibus,minibus,4,False,True
train/minibus/217959075.jpg,train/minibus/218596879.jpg,train,train,minibus,minibus,4,False,True
train/minibus/217959075.jpg,train/minibus/218732172.jpg,train,train,minibus,minibus,6,False,True
train/minibus/217959075.jpg,train/minibus/218979253.jpg,train,train,minibus,minibus,6,False,True
train/minibus/217959075.jpg,train/minibus/218984737.jpg,train,train,minibus,minibus,8,False,True
train/minibus/217959075.jpg,train/minibus/219025847.jpg,train,train,minibus,minibus,8,False,True
train/minibus/217959075.jpg,test/minibus/218307381.jpg,train,test,minibus,minibus,6,False,True
train/minibus/217959075.jpg,test/minibus/218605367.jpg,train,test,minibus,minibus,6,False,True
train/minibus/217959075.jpg,unclean/kamyunet/217156552.jpg,train,unclean,minibus,kamyunet,8,False,False
train/minibus/217959075.jpg,unclean/minibus/206187052.jpg,train,unclean,minibus,minibus,8,False,True
train/minibus/217959075.jpg,unclean/minibus/215772392.jpg,train,unclean,minibus,minibus,4,False,True
train/minibus/217959075.jpg,unclean/minibus/215772703.jpg,train,unclean,minibus,minibus,6,False,True
train/minibus/217959075.jpg,unclean/minibus/215917000.jpg,train,unclean,minibus,minibus,8,False,True
train/minibus/217959075.jpg,unclean/minibus/216051293.jpg,train,unclean,minibus,minibus,4,False,True
train/minibus/217959075.jpg,unclean/minibus/216061853.jpg,train,unclean,minibus,minibus,4,False,True
train/minibus/217959075.jpg,unclean/minibus/216573266.jpg,train,unclean,minibus,minibus,6,False,True
train/minibus/217959075.jpg,unclean/minibus/217030998.jpg,train,unclean,minibus,minibus,6,False,True
train/minibus/217959075.jpg,unclean/minibus/218252019.jpg,train,unclean,minibus,minibus,4,False,True
train/minibus/217959075.jpg,unclean/minibus/218307381.jpg,train,unclean,minibus,minibus,6,False,True
train/minibus/217959075.jpg,unclean/minibus/218892957.jpg,train,unclean,minibus,minibus,6,False,True
train/minibus/217959075.jpg,unclean/minibus/218982546.jpg,train,unclean,minibus,minibus,6,False,True
train/minibus/218049788.jpg,unclean/minibus/218425722.jpg,train,unclean,minibus,minibus,8,False,True
train/minibus/218106671.jpg,train/minibus/218321697.jpg,train,train,minibus,minibus,8,False,True
train/minibus/218106671.jpg,train/minibus/218952212.jpg,train,train,minibus,minibus,6,False,True
train/minibus/218106671.jpg,train/minibus/219025847.jpg,train,train,minibus,minibus,6,False,True
train/minibus/218106671.jpg,unclean/minibus/216051293.jpg,train,unclean,minibus,minibus,8,False,True
train/minibus/218106671.jpg,unclean/minibus/216061853.jpg,train,unclean,minibus,minibus,8,False,True
train/minibus/218106671.jpg,unclean/minibus/217030998.jpg,train,unclean,minibus,minibus,6,False,True
train/minibus/218106671.jpg,unclean/minibus/218589609.jpg,train,unclean,minibus,minibus,6,False,True
train/minibus/218106671.jpg,unclean/minibus/218742321.jpg,train,unclean,minibus,minibus,8,False,True
train/minibus/218321697.jpg,train/minibus/218596879.jpg,train,train,minibus,minibus,6,False,True
train/minibus/218321697.jpg,train/minibus/218732172.jpg,train,train,minibus,minibus,6,False,True
train/minibus/218321697.jpg,train/minibus/218952212.jpg,train,train,minibus,minibus,8,False,True
train/minibus/218321697.jpg,train/minibus/219025847.jpg,train,train,minibus,minibus,6,False,True
train/minibus/218321697.jpg,test/minibus/216241825.jpg,train,test,minibus,minibus,8,False,True
train/minibus/218321697.jpg,test/minibus/216249951.jpg,train,test,minibus,minibus,8,False,True
train/minibus/218321697.jpg,test/minibus/216737437.jpg,train,test,minibus,minibus,8,False,True
train/minibus/218321697.jpg,test/minibus/218307381.jpg,train,test,minibus,minibus,8,False,True
train/minibus/218321697.jpg,test/minibus/218605367.jpg,train,test,minibus,minibus,4,False,True
train/minibus/218321697.jpg,unclean/minibus/215772392.jpg,train,unclean,minibus,minibus,6,False,True
train/minibus/218321697.jpg,unclean/minibus/215772703.jpg,train,unclean,minibus,minibus,8,False,True
train/minibus/218321697.jpg,unclean/minibus/216051293.jpg,train,unclean,minibus,minibus,0,False,True
train/minibus/218321697.jpg,unclean/minibus/216061853.jpg,train,unclean,minibus,minibus,2,False,True
train/minibus/218321697.jpg,unclean/minibus/216573266.jpg,train,unclean,minibus,minibus,8,False,True
train/minibus/218321697.jpg,unclean/minibus/217030998.jpg,train,unclean,minibus,minibus,2,False,True
train/minibus/218321697.jpg,unclean/minibus/217959451.jpg,train,unclean,minibus,minibus,8,False,True
train/minibus/218321697.jpg,unclean/minibus/218252019.jpg,train,unclean,minibus,minibus,6,False,True
train/minibus/218321697.jpg,unclean/minibus/218307381.jpg,train,unclean,minibus,minibus,8,False,True
train/minibus/218321697.jpg,unclean/minibus/218892957.jpg,train,unclean,minibus,minibus,8,False,True
train/minibus/218321697.jpg,unclean/minibus/218982546.jpg,train,unclean,minibus,minibus,8,False,True
train/minibus/218541081.jpg,test/minibus/215128581.jpg,train,test,minibus,minibus,8,False,True
train/minibus/218541081.jpg,test/minibus/215808924.jpg,train,test,minibus,minibus,8,False,True
train/minibus/218541081.jpg,unclean/minibus/216045431.jpg,train,unclean,minibus,minibus,8,False,True
train/minibus/218541081.jpg,unclean/minibus/218542930.jpg,train,unclean,minibus,minibus,6,False,True
train/minibus/218541081.jpg,unclean/minibus/218742321.jpg,train,unclean,minibus,minibus,8,False,True
train/minibus/218541081.jpg,unclean/minibus/218784689.jpg,train,unclean,minibus,minibus,8,False,True
train/minibus/218596879.jpg,train/minibus/218732172.jpg,train,train,minibus,minibus,8,False,True
train/minibus/218596879.jpg,train/minibus/218984737.jpg,train,train,minibus,minibus,6,False,True
train/minibus/218596879.jpg,test/minibus/216249951.jpg,train,test,minibus,minibus,6,False,True
train/minibus/218596879.jpg,test/minibus/216761671.jpg,train,test,minibus,minibus,8,False,True
train/minibus/218596879.jpg,test/minibus/218307381.jpg,train,test,minibus,minibus,2,False,True
train/minibus/218596879.jpg,test/minibus/218328619.jpg,train,test,minibus,minibus,6,False,True
train/minibus/218596879.jpg,test/minibus/218605367.jpg,train,test,minibus,minibus,8,False,True
train/minibus/218596879.jpg,unclean/minibus/215772392.jpg,train,unclean,minibus,minibus,6,False,True
train/minibus/218596879.jpg,unclean/minibus/215772703.jpg,train,unclean,minibus,minibus,2,False,True
train/minibus/218596879.jpg,unclean/minibus/215917000.jpg,train,unclean,minibus,minibus,4,False,True
train/minibus/218596879.jpg,unclean/minibus/216051293.jpg,train,unclean,minibus,minibus,6,False,True
train/minibus/218596879.jpg,unclean/minibus/216061853.jpg,train,unclean,minibus,minibus,6,False,True
train/minibus/218596879.jpg,unclean/minibus/216573266.jpg,train,unclean,minibus,minibus,2,False,True
train/minibus/218596879.jpg,unclean/minibus/217030998.jpg,train,unclean,minibus,minibus,8,False,True
train/minibus/218596879.jpg,unclean/minibus/218252019.jpg,train,unclean,minibus,minibus,2,False,True
train/minibus/218596879.jpg,unclean/minibus/218307381.jpg,train,unclean,minibus,minibus,2,False,True
train/minibus/218596879.jpg,unclean/minibus/218892957.jpg,train,unclean,minibus,minibus,6,False,True
train/minibus/218596879.jpg,unclean/minibus/218982546.jpg,train,unclean,minibus,minibus,4,False,True
train/minibus/218608623.jpg,unclean/minibus/212718337.jpg,train,unclean,minibus,minibus,8,False,True
train/minibus/218608623.jpg,unclean/minibus/215969336.jpg,train,unclean,minibus,minibus,8,False,True
train/minibus/218728399.jpg,unclean/kamyunet/216023451.jpg,train,unclean,minibus,kamyunet,8,False,False
train/minibus/218732172.jpg,train/minibus/218952212.jpg,train,train,minibus,minibus,8,False,True
train/minibus/218732172.jpg,train/minibus/218979253.jpg,train,train,minibus,minibus,8,False,True
train/minibus/218732172.jpg,train/minibus/218984737.jpg,train,train,minibus,minibus,8,False,True
train/minibus/218732172.jpg,train/minibus/219025847.jpg,train,train,minibus,minibus,8,False,True
train/minibus/218732172.jpg,test/minibus/215119023.jpg,train,test,minibus,minibus,8,False,True
train/minibus/218732172.jpg,unclean/minibus/215772392.jpg,train,unclean,minibus,minibus,8,False,True
train/minibus/218732172.jpg,unclean/minibus/216051293.jpg,train,unclean,minibus,minibus,6,False,True
train/minibus/218732172.jpg,unclean/minibus/216061853.jpg,train,unclean,minibus,minibus,8,False,True
train/minibus/218732172.jpg,unclean/minibus/217030998.jpg,train,unclean,minibus,minibus,8,False,True
train/minibus/218732172.jpg,unclean/minibus/218252019.jpg,train,unclean,minibus,minibus,8,False,True
train/minibus/218732172.jpg,unclean/minibus/218982546.jpg,train,unclean,minibus,minibus,6,False,True
train/minibus/218740708.jpg,unclean/minibus/216094190.jpg,train,unclean,minibus,minibus,8,False,True
train/minibus/218952212.jpg,train/minibus/219025847.jpg,train,train,minibus,minibus,8,False,True
train/minibus/218952212.jpg,test/minibus/215119023.jpg,train,test,minibus,minibus,8,False,True
train/minibus/218952212.jpg,test/minibus/216737437.jpg,train,test,minibus,minibus,6,False,True
train/minibus/218952212.jpg,test/minibus/218328619.jpg,train,test,minibus,minibus,8,False,True
train/minibus/218952212.jpg,unclean/minibus/216051293.jpg,train,unclean,minibus,minibus,8,False,True
train/minibus/218952212.jpg,unclean/minibus/216990378.jpg,train,unclean,minibus,minibus,8,False,True
train/minibus/218952212.jpg,unclean/minibus/217030998.jpg,train,unclean,minibus,minibus,8,False,True
train/minibus/218952212.jpg,unclean/minibus/217959451.jpg,train,unclean,minibus,minibus,6,False,True
train/minibus/218952212.jpg,unclean/minibus/218252019.jpg,train,unclean,minibus,minibus,8,False,True
train/minibus/218952212.jpg,unclean/minibus/218425722.jpg,train,unclean,minibus,minibus,8,False,True
train/minibus/218952212.jpg,unclean/minibus/218589609.jpg,train,unclean,minibus,minibus,6,False,True
train/minibus/218952212.jpg,unclean/minibus/218707170.jpg,train,unclean,minibus,minibus,8,False,True
train/minibus/218952212.jpg,unclean/minibus/218742321.jpg,train,unclean,minibus,minibus,8,False,True
train/minibus/218952212.jpg,unclean/minibus/218982546.jpg,train,unclean,minibus,minibus,6,False,True
train/minibus/218979253.jpg,test/minibus/215119023.jpg,train,test,minibus,minibus,8,False,True
train/minibus/218979253.jpg,unclean/minibus/205737488.jpg,train,unclean,minibus,minibus,8,False,True
train/minibus/218979253.jpg,unclean/minibus/206187052.jpg,train,unclean,minibus,minibus,8,False,True
train/minibus/218979253.jpg,unclean/minibus/215772392.jpg,train,unclean,minibus,minibus,8,False,True
train/minibus/218984737.jpg,test/minibus/218307381.jpg,train,test,minibus,minibus,8,False,True
train/minibus/218984737.jpg,test/minibus/218328619.jpg,train,test,minibus,minibus,8,False,True
train/minibus/218984737.jpg,unclean/minibus/215772703.jpg,train,unclean,minibus,minibus,8,False,True
train/minibus/218984737.jpg,unclean/minibus/215917000.jpg,train,unclean,minibus,minibus,6,False,True
train/minibus/218984737.jpg,unclean/minibus/216573266.jpg,train,unclean,minibus,minibus,8,False,True
train/minibus/218984737.jpg,unclean/minibus/218252019.jpg,train,unclean,minibus,minibus,6,False,True
train/minibus/218984737.jpg,unclean/minibus/218307381.jpg,train,unclean,minibus,minibus,8,False,True
train/minibus/218984737.jpg,unclean/minibus/218982546.jpg,train,unclean,minibus,minibus,4,False,True
train/minibus/219025847.jpg,unclean/minibus/216051293.jpg,train,unclean,minibus,minibus,6,False,True
train/minibus/219025847.jpg,unclean/minibus/216061853.jpg,train,unclean,minibus,minibus,8,False,True
train/minibus/219025847.jpg,unclean/minibus/217030998.jpg,train,unclean,minibus,minibus,4,False,True
train/minibus/219025847.jpg,unclean/minibus/218589609.jpg,train,unclean,minibus,minibus,8,False,True
train/minibus/219025847.jpg,unclean/minibus/218742321.jpg,train,unclean,minibus,minibus,8,False,True
train/savari/193865576.jpg,train/savari/207964148.jpg,train,train,savari,savari,8,False,True
train/savari/193865576.jpg,unclean/savari/210273275.jpg,train,unclean,savari,savari,8,False,True
train/savari/198748852.jpg,test/taxi/218033613.jpg,train,test,savari,taxi,8,False,False
train/savari/198929401.jpg,unclean/taxi/216875057.jpg,train,unclean,savari,taxi,8,False,False
train/savari/199827467.jpg,unclean/savari/207764744.jpg,train,unclean,savari,savari,8,False,True
train/savari/200850651.jpg,unclean/savari/209165603.jpg,train,unclean,savari,savari,8,False,True
train/savari/201797319.jpg,train/savari/205495938.jpg,train,train,savari,savari,8,False,True
train/savari/202041863.jpg,unclean/savari/218223019.jpg,train,unclean,savari,savari,8,False,True
train/savari/202316938.jpg,train/taxi/196903889.jpg,train,train,savari,taxi,8,False,False
train/savari/204792146.jpg,test/taxi/198048924.jpg,train,test,savari,taxi,8,False,False
train/savari/205009323.jpg,train/savari/207964148.jpg,train,train,savari,savari,8,False,True
train/savari/205009323.jpg,test/savari/218429844.jpg,train,test,savari,savari,6,False,True
train/savari/205009323.jpg,unclean/savari/215184231.jpg,train,unclean,savari,savari,6,False,True
train/savari/205009323.jpg,unclean/savari/217011281.jpg,train,unclean,savari,savari,6,False,True
train/savari/205495938.jpg,test/savari/200081418.jpg,train,test,savari,savari,8,False,True
train/savari/205495938.jpg,unclean/savari/216624665.jpg,train,unclean,savari,savari,8,False,True
train/savari/206290018.jpg,train/savari/207964148.jpg,train,train,savari,savari,8,False,True
train/savari/206290018.jpg,unclean/savari/198098595.jpg,train,unclean,savari,savari,8,False,True
train/savari/206290018.jpg,unclean/savari/208215002.jpg,train,unclean,savari,savari,8,False,True
train/savari/206375505.jpg,train/taxi/206803325.jpg,train,train,savari,taxi,8,False,False
train/savari/206830043.jpg,train/savari/206858481.jpg,train,train,savari,savari,4,False,True
train/savari/207703881.jpg,train/savari/211480297.jpg,train,train,savari,savari,8,False,True
train/savari/207703881.jpg,unclean/savari/215184231.jpg,train,unclean,savari,savari,8,False,True
train/savari/207759852.jpg,train/savari/207857225.jpg,train,train,savari,savari,6,False,True
train/savari/207759852.jpg,train/savari/208698681.jpg,train,train,savari,savari,8,False,True
train/savari/207759852.jpg,train/taxi/200326261.jpg,train,train,savari,taxi,8,False,False
train/savari/207759852.jpg,train/taxi/206803325.jpg,train,train,savari,taxi,8,False,False
train/savari/207857225.jpg,unclean/taxi/199704344.jpg,train,unclean,savari,taxi,8,False,False
train/savari/207964148.jpg,unclean/savari/198098595.jpg,train,unclean,savari,savari,8,False,True
train/savari/207964148.jpg,unclean/savari/203013904.jpg,train,unclean,savari,savari,8,False,True
train/savari/207964148.jpg,unclean/savari/210273275.jpg,train,unclean,savari,savari,6,False,True
train/savari/208355250.jpg,test/savari/206757757.jpg,train,test,savari,savari,8,False,True
train/savari/208355250.jpg,unclean/taxi/218627347.jpg,train,unclean,savari,taxi,6,False,False
train/savari/208698681.jpg,train/savari/209117376.jpg,train,train,savari,savari,8,False,True
train/savari/208698681.jpg,train/taxi/206803325.jpg,train,train,savari,taxi,6,False,False
train/savari/208698681.jpg,train/taxi/211554070.jpg,train,train,savari,taxi,6,False,False
train/savari/208698681.jpg,unclean/savari/198098595.jpg,train,unclean,savari,savari,8,False,True
train/savari/208698681.jpg,unclean/savari/203013904.jpg,train,unclean,savari,savari,8,False,True
train/savari/208698681.jpg,unclean/savari/208215002.jpg,train,unclean,savari,savari,8,False,True
train/savari/208698681.jpg,unclean/savari/210494128.jpg,train,unclean,savari,savari,8,False,True
train/savari/209117376.jpg,train/taxi/206803325.jpg,train,train,savari,taxi,8,False,False
train/savari/209285270.jpg,train/taxi/199808827.jpg,train,train,savari,taxi,6,False,False
train/savari/209371818.jpg,unclean/savari/216428705.jpg,train,unclean,savari,savari,8,False,True
train/savari/209403185.jpg,unclean/taxi/217551050.jpg,train,unclean,savari,taxi,8,False,False
train/savari/209847217.jpg,train/taxi/212737728.jpg,train,train,savari,taxi,8,False,False
train/savari/210970421.jpg,unclean/taxi/199704344.jpg,train,unclean,savari,taxi,8,False,False
train/savari/211295182.jpg,unclean/savari/217648709.jpg,train,unclean,savari,savari,6,False,True
train/savari/211951629.jpg,train/savari/216809812.jpg,train,train,savari,savari,8,False,True
train/savari/211951629.jpg,train/taxi/215261693.jpg,train,train,savari,taxi,6,False,False
train/savari/211951629.jpg,unclean/savari/211872752.jpg,train,unclean,savari,savari,4,False,True
train/savari/211951629.jpg,unclean/savari/214692016.jpg,train,unclean,savari,savari,4,False,True
train/savari/211951629.jpg,unclean/taxi/217215925.jpg,train,unclean,savari,taxi,8,False,False
train/savari/212311889.jpg,train/taxi/216532535.jpg,train,train,savari,taxi,8,False,False
train/savari/213228565.jpg,unclean/taxi/216029720.jpg,train,unclean,savari,taxi,6,False,False
train/savari/213298031.jpg,train/savari/216809812.jpg,train,train,savari,savari,8,False,True
train/savari/213298031.jpg,test/savari/217712581.jpg,train,test,savari,savari,8,False,True
train/savari/213298031.jpg,unclean/savari/214692016.jpg,train,unclean,savari,savari,8,False,True
train/savari/214361998.jpg,unclean/savari/218298842.jpg,train,unclean,savari,savari,8,False,True
train/savari/214690824.jpg,unclean/savari/217522146.jpg,train,unclean,savari,savari,8,False,True
train/savari/215062582.jpg,unclean/savari/207764744.jpg,train,unclean,savari,savari,8,False,True
train/savari/215841797.jpg,train/taxi/218219642.jpg,train,train,savari,taxi,8,False,False
train/savari/216019459.jpg,train/savari/216694598.jpg,train,train,savari,savari,8,False,True
train/savari/216019459.jpg,train/taxi/214678598.jpg,train,train,savari,taxi,8,False,False
train/savari/216019459.jpg,train/taxi/214833819.jpg,train,train,savari,taxi,4,False,False
train/savari/216019459.jpg,train/taxi/215773124.jpg,train,train,savari,taxi,8,False,False
train/savari/216019459.jpg,unclean/savari/211934537.jpg,train,unclean,savari,savari,8,False,True
train/savari/216019459.jpg,unclean/taxi/217953643.jpg,train,unclean,savari,taxi,8,False,False
train/savari/216019459.jpg,unclean/taxi/218481509.jpg,train,unclean,savari,taxi,6,False,False
train/savari/216020950.jpg,unclean/savari/216079866.jpg,train,unclean,savari,savari,8,False,True
train/savari/216121140.jpg,unclean/taxi/214429642.jpg,train,unclean,savari,taxi,8,False,False
train/savari/216533289.jpg,unclean/taxi/218124538.jpg,train,unclean,savari,taxi,8,False,False
train/savari/216539135.jpg,unclean/savari/216802984.jpg,train,unclean,savari,savari,6,False,True
train/savari/216561625.jpg,test/savari/216767398.jpg,train,test,savari,savari,8,False,True
train/savari/216587611.jpg,unclean/taxi/216047371.jpg,train,unclean,savari,taxi,8,False,False
train/savari/216662449.jpg,train/taxi/214698644.jpg,train,train,savari,taxi,6,False,False
train/savari/216662449.jpg,train/taxi/215131777.jpg,train,train,savari,taxi,8,False,False
train/savari/216662449.jpg,unclean/taxi/217567828.jpg,train,unclean,savari,taxi,8,False,False
train/savari/216809812.jpg,unclean/savari/214692016.jpg,train,unclean,savari,savari,6,False,True
train/savari/217014334.jpg,unclean/savari/216657566.jpg,train,unclean,savari,savari,8,False,True
train/savari/217253879.jpg,unclean/savari/217393464.jpg,train,unclean,savari,savari,8,False,True
train/savari/217259942.jpg,train/taxi/216893661.jpg,train,train,savari,taxi,8,False,False
train/savari/217259942.jpg,unclean/savari/209718955.jpg,train,unclean,savari,savari,8,False,True
train/savari/217259942.jpg,unclean/savari/217339387.jpg,train,unclean,savari,savari,6,False,True
train/savari/217280199.jpg,train/taxi/212714723.jpg,train,train,savari,taxi,6,False,False
train/savari/217301960.jpg,test/savari/213155633.jpg,train,test,savari,savari,8,False,True
train/savari/217301960.jpg,unclean/savari/217937778.jpg,train,unclean,savari,savari,8,False,True
train/savari/217318570.jpg,unclean/taxi/218106502.jpg,train,unclean,savari,taxi,8,False,False
train/savari/217403096.jpg,test/taxi/216190755.jpg,train,test,savari,taxi,6,False,False
train/savari/217403096.jpg,unclean/savari/217937778.jpg,train,unclean,savari,savari,8,False,True
train/savari/217985851.jpg,train/taxi/218377804.jpg,train,train,savari,taxi,8,False,False
train/savari/218147453.jpg,unclean/vanet/218022599.jpg,train,unclean,savari,vanet,8,False,False
train/savari/218493796.jpg,unclean/savari/216802984.jpg,train,unclean,savari,savari,8,False,True
train/savari/218522644.jpg,unclean/savari/217699390.jpg,train,unclean,savari,savari,8,False,True
train/savari/218569012.jpg,unclean/taxi/214429642.jpg,train,unclean,savari,taxi,8,False,False
train/savari/218641908.jpg,unclean/savari/218307784.jpg,train,unclean,savari,savari,8,False,True
train/savari/218711427.jpg,unclean/taxi/216207428.jpg,train,unclean,savari,taxi,8,False,False
train/savari/218899462.jpg,unclean/savari/215537143.jpg,train,unclean,savari,savari,8,False,True
train/savari/218943099.jpg,test/savari/217712581.jpg,train,test,savari,savari,8,False,True
train/savari/218943099.jpg,unclean/taxi/213723238.jpg,train,unclean,savari,taxi,8,False,False
train/taxi/195273350.jpg,test/savari/197814306.jpg,train,test,taxi,savari,8,False,False
train/taxi/195273350.jpg,unclean/savari/216624665.jpg,train,unclean,taxi,savari,8,False,False
train/taxi/195273350.jpg,unclean/taxi/198686634.jpg,train,unclean,taxi,taxi,6,False,True
train/taxi/198048598.jpg,test/savari/197814306.jpg,train,test,taxi,savari,6,False,False
train/taxi/198048598.jpg,unclean/savari/207298239.jpg,train,unclean,taxi,savari,8,False,False
train/taxi/198048598.jpg,unclean/savari/216370669.jpg,train,unclean,taxi,savari,6,False,False
train/taxi/198289203.jpg,unclean/savari/209019732.jpg,train,unclean,taxi,savari,8,False,False
train/taxi/198459778.jpg,train/vanet/210379308.jpg,train,train,taxi,vanet,8,False,False
train/taxi/198459778.jpg,test/savari/207140641.jpg,train,test,taxi,savari,8,False,False
train/taxi/198459778.jpg,test/savari/210317139.jpg,train,test,taxi,savari,8,False,False
train/taxi/198459778.jpg,unclean/savari/216624665.jpg,train,unclean,taxi,savari,8,False,False
train/taxi/198548695.jpg,test/savari/218484994.jpg,train,test,taxi,savari,8,False,False
train/taxi/198548695.jpg,unclean/savari/205576507.jpg,train,unclean,taxi,savari,8,False,False
train/taxi/198548695.jpg,unclean/savari/209434334.jpg,train,unclean,taxi,savari,8,False,False
train/taxi/198548695.jpg,unclean/savari/217522146.jpg,train,unclean,taxi,savari,8,False,False
train/taxi/198548695.jpg,unclean/taxi/216617210.jpg,train,unclean,taxi,taxi,8,False,True
train/taxi/198633794.jpg,test/savari/197814306.jpg,train,test,taxi,savari,8,False,False
train/taxi/199039305.jpg,unclean/savari/216370669.jpg,train,unclean,taxi,savari,8,False,False
train/taxi/199044255.jpg,train/taxi/200326261.jpg,train,train,taxi,taxi,6,False,True
train/taxi/199044255.jpg,test/taxi/196245220.jpg,train,test,taxi,taxi,6,False,True
train/taxi/200643840.jpg,test/savari/197666500.jpg,train,test,taxi,savari,8,False,False
train/taxi/200643840.jpg,unclean/savari/215933473.jpg,train,unclean,taxi,savari,8,False,False
train/taxi/203730891.jpg,train/taxi/206803325.jpg,train,train,taxi,taxi,8,False,True
train/taxi/206803325.jpg,unclean/ambulance/211184410.jpg,train,unclean,taxi,ambulance,8,False,False
train/taxi/206803325.jpg,unclean/savari/208215002.jpg,train,unclean,taxi,savari,8,False,False
train/taxi/211554070.jpg,unclean/savari/210494128.jpg,train,unclean,taxi,savari,8,False,False
train/taxi/211997826.jpg,unclean/taxi/214429642.jpg,train,unclean,taxi,taxi,8,False,True
train/taxi/211997826.jpg,unclean/taxi/216587626.jpg,train,unclean,taxi,taxi,6,False,True
train/taxi/211997826.jpg,unclean/taxi/217800553.jpg,train,unclean,taxi,taxi,6,False,True
train/taxi/212237527.jpg,train/taxi/216893661.jpg,train,train,taxi,taxi,8,False,True
train/taxi/212714723.jpg,unclean/savari/212357584.jpg,train,unclean,taxi,savari,8,False,False
train/taxi/212714723.jpg,unclean/savari/217368312.jpg,train,unclean,taxi,savari,8,False,False
train/taxi/212737728.jpg,train/taxi/216893661.jpg,train,train,taxi,taxi,8,False,True
train/taxi/214628757.jpg,unclean/taxi/218306921.jpg,train,unclean,taxi,taxi,8,False,True
train/taxi/214678598.jpg,unclean/taxi/218609374.jpg,train,unclean,taxi,taxi,8,False,True
train/taxi/214678598.jpg,unclean/vanet/212662044.jpg,train,unclean,taxi,vanet,6,False,False
train/taxi/214698644.jpg,train/taxi/217426237.jpg,train,train,taxi,taxi,8,False,True
train/taxi/214743143.jpg,unclean/taxi/215591038.jpg,train,unclean,taxi,taxi,8,False,True
train/taxi/214752341.jpg,unclean/savari/215933473.jpg,train,unclean,taxi,savari,8,False,False
train/taxi/214752341.jpg,unclean/taxi/217016702.jpg,train,unclean,taxi,taxi,8,False,True
train/taxi/214833819.jpg,train/taxi/215773124.jpg,train,train,taxi,taxi,8,False,True
train/taxi/214833819.jpg,unclean/taxi/218481509.jpg,train,unclean,taxi,taxi,6,False,True
train/taxi/215086606.jpg,unclean/taxi/217967703.jpg,train,unclean,taxi,taxi,2,False,True
train/taxi/215098353.jpg,unclean/taxi/216266678.jpg,train,unclean,taxi,taxi,8,False,True
train/taxi/215131777.jpg,unclean/taxi/217567828.jpg,train,unclean,taxi,taxi,8,False,True
train/taxi/215186511.jpg,unclean/taxi/214415281.jpg,train,unclean,taxi,taxi,6,False,True
train/taxi/215261693.jpg,unclean/savari/211872752.jpg,train,unclean,taxi,savari,6,False,False
train/taxi/215261693.jpg,unclean/savari/214692016.jpg,train,unclean,taxi,savari,8,False,False
train/taxi/215261693.jpg,unclean/taxi/214429642.jpg,train,unclean,taxi,taxi,8,False,True
train/taxi/215261693.jpg,unclean/taxi/217215925.jpg,train,unclean,taxi,taxi,6,False,True
train/taxi/215631129.jpg,unclean/savari/218223019.jpg,train,unclean,taxi,savari,6,False,False
train/taxi/215710435.jpg,test/taxi/215165181.jpg,train,test,taxi,taxi,8,False,True
train/taxi/215773124.jpg,train/taxi/217426237.jpg,train,train,taxi,taxi,8,False,True
train/taxi/215773124.jpg,train/taxi/218690372.jpg,train,train,taxi,taxi,8,False,True
train/taxi/215773124.jpg,unclean/savari/211934537.jpg,train,unclean,taxi,savari,8,False,False
train/taxi/215773124.jpg,unclean/taxi/217239782.jpg,train,unclean,taxi,taxi,8,False,True
train/taxi/215773124.jpg,unclean/taxi/217502539.jpg,train,unclean,taxi,taxi,8,False,True
train/taxi/215773124.jpg,unclean/taxi/217978353.jpg,train,unclean,taxi,taxi,8,False,True
train/taxi/215875418.jpg,unclean/savari/214697912.jpg,train,unclean,taxi,savari,8,False,False
train/taxi/215875418.jpg,unclean/taxi/217201191.jpg,train,unclean,taxi,taxi,6,False,True
train/taxi/215875418.jpg,unclean/taxi/218118406.jpg,train,unclean,taxi,taxi,6,False,True
train/taxi/215920981.jpg,train/taxi/216373693.jpg,train,train,taxi,taxi,8,False,True
train/taxi/216061960.jpg,unclean/taxi/215591038.jpg,train,unclean,taxi,taxi,6,False,True
train/taxi/216061960.jpg,unclean/taxi/217979957.jpg,train,unclean,taxi,taxi,8,False,True
train/taxi/216203466.jpg,test/savari/216216502.jpg,train,test,taxi,savari,6,False,False
train/taxi/216203466.jpg,unclean/taxi/217551050.jpg,train,unclean,taxi,taxi,8,False,True
train/taxi/216207089.jpg,unclean/taxi/216047371.jpg,train,unclean,taxi,taxi,8,False,True
train/taxi/216210740.jpg,train/taxi/217405463.jpg,train,train,taxi,taxi,8,False,True
train/taxi/216210740.jpg,unclean/savari/205576507.jpg,train,unclean,taxi,savari,6,False,False
train/taxi/216210740.jpg,unclean/savari/210380464.jpg,train,unclean,taxi,savari,8,False,False
train/taxi/216210740.jpg,unclean/taxi/216617210.jpg,train,unclean,taxi,taxi,8,False,True
train/taxi/216373693.jpg,unclean/taxi/217408003.jpg,train,unclean,taxi,taxi,8,False,True
train/taxi/216422192.jpg,unclean/neysan/213213974.jpg,train,unclean,taxi,neysan,8,False,False
train/taxi/216878759.jpg,test/savari/216216502.jpg,train,test,taxi,savari,8,False,False
train/taxi/216878759.jpg,unclean/taxi/217041267.jpg,train,unclean,taxi,taxi,6,False,True
train/taxi/216893661.jpg,unclean/taxi/213492354.jpg,train,unclean,taxi,taxi,8,False,True
train/taxi/216893661.jpg,unclean/taxi/216527052.jpg,train,unclean,taxi,taxi,8,False,True
train/taxi/216968614.jpg,train/taxi/218690372.jpg,train,train,taxi,taxi,8,False,True
train/taxi/216968614.jpg,unclean/taxi/216848358.jpg,train,unclean,taxi,taxi,8,False,True
train/taxi/217195564.jpg,unclean/savari/214692016.jpg,train,unclean,taxi,savari,8,False,False
train/taxi/217405463.jpg,test/savari/213046686.jpg,train,test,taxi,savari,8,False,False
train/taxi/217426237.jpg,unclean/taxi/218118406.jpg,train,unclean,taxi,taxi,6,False,True
train/taxi/217426237.jpg,unclean/taxi/218609374.jpg,train,unclean,taxi,taxi,8,False,True
train/taxi/217506735.jpg,test/savari/213155633.jpg,train,test,taxi,savari,6,False,False
train/taxi/217601310.jpg,train/taxi/218320753.jpg,train,train,taxi,taxi,8,False,True
train/taxi/217787108.jpg,unclean/taxi/214791515.jpg,train,unclean,taxi,taxi,8,False,True
train/taxi/218024619.jpg,unclean/savari/207938297.jpg,train,unclean,taxi,savari,8,False,False
train/taxi/218045822.jpg,train/taxi/218402981.jpg,train,train,taxi,taxi,8,False,True
train/taxi/218104747.jpg,train/taxi/218320753.jpg,train,train,taxi,taxi,8,False,True
train/taxi/218203719.jpg,unclean/savari/216634139.jpg,train,unclean,taxi,savari,8,False,False
train/taxi/218219642.jpg,unclean/savari/195800847.jpg,train,unclean,taxi,savari,6,False,False
train/taxi/218248245.jpg,unclean/savari/199825671.jpg,train,unclean,taxi,savari,8,False,False
train/taxi/218320753.jpg,test/savari/213046686.jpg,train,test,taxi,savari,8,False,False
train/taxi/218320753.jpg,test/taxi/218033613.jpg,train,test,taxi,taxi,6,False,True
train/taxi/218321884.jpg,train/taxi/218787302.jpg,train,train,taxi,taxi,8,False,True
train/taxi/218321884.jpg,test/taxi/218713530.jpg,train,test,taxi,taxi,8,False,True
train/taxi/218343681.jpg,test/taxi/218164022.jpg,train,test,taxi,taxi,4,False,True
train/taxi/218377804.jpg,train/taxi/218787302.jpg,train,train,taxi,taxi,4,False,True
train/taxi/218377804.jpg,test/taxi/218713530.jpg,train,test,taxi,taxi,6,False,True
train/taxi/218377804.jpg,unclean/savari/218644350.jpg,train,unclean,taxi,savari,6,False,False
train/taxi/218377804.jpg,unclean/taxi/214543438.jpg,train,unclean,taxi,taxi,8,False,True
train/taxi/218690372.jpg,unclean/taxi/216848358.jpg,train,unclean,taxi,taxi,8,False,True
train/taxi/218690372.jpg,unclean/taxi/218935254.jpg,train,unclean,taxi,taxi,8,False,True
train/taxi/218787302.jpg,test/taxi/218713530.jpg,train,test,taxi,taxi,2,False,True
train/taxi/218787302.jpg,unclean/savari/218644350.jpg,train,unclean,taxi,savari,8,False,False
train/taxi/218787302.jpg,unclean/taxi/214543438.jpg,train,unclean,taxi,taxi,6,False,True
train/taxi/218937266.jpg,unclean/taxi/217484586.jpg,train,unclean,taxi,taxi,8,False,True
train/vanet/208129801.jpg,unclean/vanet/206287271.jpg,train,unclean,vanet,vanet,8,False,True
train/vanet/210379308.jpg,test/savari/203382686.jpg,train,test,vanet,savari,6,False,False
train/vanet/210379308.jpg,unclean/taxi/199704344.jpg,train,unclean,vanet,taxi,8,False,False
train/vanet/212665899.jpg,unclean/vanet/217412296.jpg,train,unclean,vanet,vanet,8,False,True
test/ambulance/200396165.jpg,unclean/ambulance/200396165.jpg,test,unclean,ambulance,ambulance,0,True,True
test/ambulance/205374292.jpg,unclean/ambulance/201944291.jpg,test,unclean,ambulance,ambulance,8,False,True
test/ambulance/206980891.jpg,unclean/minibus/215593952.jpg,test,unclean,ambulance,minibus,8,False,False
test/ambulance/214830125.jpg,unclean/ambulance/214830125.jpg,test,unclean,ambulance,ambulance,0,True,True
test/ambulance/215713763.jpg,unclean/ambulance/215713763.jpg,test,unclean,ambulance,ambulance,0,True,True
test/ambulance/216095686.jpg,unclean/ambulance/216095686.jpg,test,unclean,ambulance,ambulance,0,True,True
test/ambulance/217040489.jpg,unclean/ambulance/217040489.jpg,test,unclean,ambulance,ambulance,0,True,True
test/ambulance/218089422.jpg,unclean/ambulance/218089422.jpg,test,unclean,ambulance,ambulance,0,True,True
test/ambulance/219052793.jpg,unclean/ambulance/218739355.jpg,test,unclean,ambulance,ambulance,8,False,True
test/autobus/198127139.jpg,unclean/autobus/198274798.jpg,test,unclean,autobus,autobus,8,False,True
test/autobus/210733650.jpg,unclean/autobus/218737467.jpg,test,unclean,autobus,autobus,8,False,True
test/autobus/211089191.jpg,unclean/autobus/210452880.jpg,test,unclean,autobus,autobus,8,False,True
test/autobus/214795472.jpg,unclean/autobus/213441216.jpg,test,unclean,autobus,autobus,6,False,True
test/autobus/214795472.jpg,unclean/autobus/216261915.jpg,test,unclean,autobus,autobus,8,False,True
test/autobus/214795472.jpg,unclean/autobus/216269810.jpg,test,unclean,autobus,autobus,4,False,True
test/autobus/214795472.jpg,unclean/autobus/216946438.jpg,test,unclean,autobus,autobus,8,False,True
test/autobus/214795472.jpg,unclean/autobus/217923117.jpg,test,unclean,autobus,autobus,8,False,True
test/autobus/214795472.jpg,unclean/autobus/217979622.jpg,test,unclean,autobus,autobus,8,False,True
test/autobus/214795472.jpg,unclean/autobus/218712334.jpg,test,unclean,autobus,autobus,6,False,True
test/autobus/215678079.jpg,test/autobus/216169926.jpg,test,test,autobus,autobus,6,False,True
test/autobus/215678079.jpg,unclean/autobus/216036079.jpg,test,unclean,autobus,autobus,8,False,True
test/autobus/215678079.jpg,unclean/autobus/216732326.jpg,test,unclean,autobus,autobus,8,False,True
test/autobus/215678079.jpg,unclean/autobus/218426058.jpg,test,unclean,autobus,autobus,8,False,True
test/autobus/215678079.jpg,unclean/autobus/219027510.jpg,test,unclean,autobus,autobus,8,False,True
test/autobus/216169926.jpg,test/autobus/217948652.jpg,test,test,autobus,autobus,6,False,True
test/autobus/216169926.jpg,unclean/autobus/215993552.jpg,test,unclean,autobus,autobus,8,False,True
test/autobus/216169926.jpg,unclean/autobus/216036079.jpg,test,unclean,autobus,autobus,4,False,True
test/autobus/216169926.jpg,unclean/autobus/218088953.jpg,test,unclean,autobus,autobus,6,False,True
test/autobus/216169926.jpg,unclean/autobus/218426058.jpg,test,unclean,autobus,autobus,6,False,True
test/autobus/216169926.jpg,unclean/autobus/218434288.jpg,test,unclean,autobus,autobus,8,False,True
test/autobus/216169926.jpg,unclean/autobus/219027510.jpg,test,unclean,autobus,autobus,8,False,True
test/autobus/216919635.jpg,test/autobus/217008397.jpg,test,test,autobus,autobus,8,False,True
test/autobus/216919635.jpg,test/autobus/217020493.jpg,test,test,autobus,autobus,6,False,True
test/autobus/216919635.jpg,unclean/autobus/215129619.jpg,test,unclean,autobus,autobus,8,False,True
test/autobus/216919635.jpg,unclean/autobus/216086020.jpg,test,unclean,autobus,autobus,8,False,True
test/autobus/216919635.jpg,unclean/autobus/216870701.jpg,test,unclean,autobus,autobus,8,False,True
test/autobus/217008397.jpg,test/autobus/217020493.jpg,test,test,autobus,autobus,2,False,True
test/autobus/217008397.jpg,unclean/autobus/215129619.jpg,test,unclean,autobus,autobus,8,False,True
test/autobus/217008397.jpg,unclean/autobus/216273878.jpg,test,unclean,autobus,autobus,8,False,True
test/autobus/217008397.jpg,unclean/autobus/216870701.jpg,test,unclean,autobus,autobus,8,False,True
test/autobus/217008397.jpg,unclean/autobus/218405806.jpg,test,unclean,autobus,autobus,6,False,True
test/autobus/217020493.jpg,unclean/autobus/200600907.jpg,test,unclean,autobus,autobus,8,False,True
test/autobus/217020493.jpg,unclean/autobus/215129619.jpg,test,unclean,autobus,autobus,6,False,True
test/autobus/217020493.jpg,unclean/autobus/216086020.jpg,test,unclean,autobus,autobus,8,False,True
test/autobus/217020493.jpg,unclean/autobus/216273878.jpg,test,unclean,autobus,autobus,6,False,True
test/autobus/217020493.jpg,unclean/autobus/216279911.jpg,test,unclean,autobus,autobus,8,False,True
test/autobus/217020493.jpg,unclean/autobus/216870701.jpg,test,unclean,autobus,autobus,8,False,True
test/autobus/217020493.jpg,unclean/autobus/217005583.jpg,test,unclean,autobus,autobus,8,False,True
test/autobus/217020493.jpg,unclean/autobus/218405806.jpg,test,unclean,autobus,autobus,6,False,True
test/autobus/217138019.jpg,unclean/autobus/216797922.jpg,test,unclean,autobus,autobus,6,False,True
test/autobus/217948652.jpg,unclean/autobus/215993552.jpg,test,unclean,autobus,autobus,6,False,True
test/autobus/217948652.jpg,unclean/autobus/216036079.jpg,test,unclean,autobus,autobus,8,False,True
test/autobus/217948652.jpg,unclean/autobus/218088953.jpg,test,unclean,autobus,autobus,8,False,True
test/autobus/217948652.jpg,unclean/autobus/218434288.jpg,test,unclean,autobus,autobus,4,False,True
test/kamyun/215785627.jpg,unclean/kamyun/217368931.jpg,test,unclean,kamyun,kamyun,8,False,True
test/minibus/205940059.jpg,unclean/minibus/206187093.jpg,test,unclean,minibus,minibus,8,False,True
test/minibus/205940059.jpg,unclean/minibus/206192409.jpg,test,unclean,minibus,minibus,6,False,True
test/minibus/215119023.jpg,unclean/kamyun/216231496.jpg,test,unclean,minibus,kamyun,8,False,False
test/minibus/215119023.jpg,unclean/minibus/205737488.jpg,test,unclean,minibus,minibus,8,False,True
test/minibus/215119023.jpg,unclean/minibus/206187052.jpg,test,unclean,minibus,minibus,8,False,True
test/minibus/215128581.jpg,unclean/minibus/216045431.jpg,test,unclean,minibus,minibus,8,False,True
test/minibus/215128581.jpg,unclean/minibus/216094190.jpg,test,unclean,minibus,minibus,8,False,True
test/minibus/215808924.jpg,unclean/minibus/218742321.jpg,test,unclean,minibus,minibus,6,False,True
test/minibus/215808924.jpg,unclean/minibus/218784689.jpg,test,unclean,minibus,minibus,8,False,True
test/minibus/216053678.jpg,unclean/minibus/217026643.jpg,test,unclean,minibus,minibus,6,False,True
test/minibus/216138469.jpg,unclean/minibus/216032016.jpg,test,unclean,minibus,minibus,8,False,True
test/minibus/216138469.jpg,unclean/minibus/216102576.jpg,test,unclean,minibus,minibus,6,False,True
test/minibus/216241825.jpg,unclean/minibus/216051293.jpg,test,unclean,minibus,minibus,8,False,True
test/minibus/216241825.jpg,unclean/minibus/216317074.jpg,test,unclean,minibus,minibus,4,False,True
test/minibus/216241825.jpg,unclean/minibus/217030998.jpg,test,unclean,minibus,minibus,8,False,True
test/minibus/216249951.jpg,test/minibus/216737437.jpg,test,test,minibus,minibus,8,False,True
test/minibus/216249951.jpg,test/minibus/216761671.jpg,test,test,minibus,minibus,4,False,True
test/minibus/216249951.jpg,test/minibus/218307381.jpg,test,test,minibus,minibus,6,False,True
test/minibus/216249951.jpg,test/minibus/218328619.jpg,test,test,minibus,minibus,8,False,True
test/minibus/216249951.jpg,unclean/minibus/215772703.jpg,test,unclean,minibus,minibus,6,False,True
test/minibus/216249951.jpg,unclean/minibus/215917000.jpg,test,unclean,minibus,minibus,8,False,True
test/minibus/216249951.jpg,unclean/minibus/216051293.jpg,test,unclean,minibus,minibus,8,False,True
test/minibus/216249951.jpg,unclean/minibus/216061853.jpg,test,unclean,minibus,minibus,8,False,True
test/minibus/216249951.jpg,unclean/minibus/216430711.jpg,test,unclean,minibus,minibus,4,False,True
test/minibus/216249951.jpg,unclean/minibus/216573266.jpg,test,unclean,minibus,minibus,6,False,True
test/minibus/216249951.jpg,unclean/minibus/216737470.jpg,test,unclean,minibus,minibus,8,False,True
test/minibus/216249951.jpg,unclean/minibus/217959451.jpg,test,unclean,minibus,minibus,8,False,True
test/minibus/216249951.jpg,unclean/minibus/218252019.jpg,test,unclean,minibus,minibus,6,False,True
test/minibus/216249951.jpg,unclean/minibus/218307381.jpg,test,unclean,minibus,minibus,6,False,True
test/minibus/216249951.jpg,unclean/minibus/218982546.jpg,test,unclean,minibus,minibus,8,False,True
test/minibus/216737437.jpg,test/minibus/218328619.jpg,test,test,minibus,minibus,8,False,True
test/minibus/216737437.jpg,unclean/minibus/215772703.jpg,test,unclean,minibus,minibus,8,False,True
test/minibus/216737437.jpg,unclean/minibus/216051293.jpg,test,unclean,minibus,minibus,8,False,True
test/minibus/216737437.jpg,unclean/minibus/216573266.jpg,test,unclean,minibus,minibus,8,False,True
test/minibus/216737437.jpg,unclean/minibus/217030998.jpg,test,unclean,minibus,minibus,8,False,True
test/minibus/216737437.jpg,unclean/minibus/217959451.jpg,test,unclean,minibus,minibus,8,False,True
test/minibus/216737437.jpg,unclean/minibus/218252019.jpg,test,unclean,minibus,minibus,8,False,True
test/minibus/216737437.jpg,unclean/minibus/218425722.jpg,test,unclean,minibus,minibus,8,False,True
test/minibus/216737437.jpg,unclean/minibus/218589609.jpg,test,unclean,minibus,minibus,8,False,True
test/minibus/216737437.jpg,unclean/minibus/218707170.jpg,test,unclean,minibus,minibus,4,False,True
test/minibus/216737437.jpg,unclean/minibus/218982546.jpg,test,unclean,minibus,minibus,8,False,True
test/minibus/216740055.jpg,test/minibus/218849745.jpg,test,test,minibus,minibus,8,False,True
test/minibus/216761671.jpg,test/minibus/218307381.jpg,test,test,minibus,minibus,6,False,True
test/minibus/216761671.jpg,test/minibus/218328619.jpg,test,test,minibus,minibus,8,False,True
test/minibus/216761671.jpg,unclean/minibus/215772703.jpg,test,unclean,minibus,minibus,6,False,True
test/minibus/216761671.jpg,unclean/minibus/215917000.jpg,test,unclean,minibus,minibus,8,False,True
test/minibus/216761671.jpg,unclean/minibus/216430711.jpg,test,unclean,minibus,minibus,8,False,True
test/minibus/216761671.jpg,unclean/minibus/216573266.jpg,test,unclean,minibus,minibus,6,False,True
test/minibus/216761671.jpg,unclean/minibus/218252019.jpg,test,unclean,minibus,minibus,8,False,True
test/minibus/216761671.jpg,unclean/minibus/218307381.jpg,test,unclean,minibus,minibus,6,False,True
test/minibus/218138154.jpg,unclean/minibus/218134277.jpg,test,unclean,minibus,minibus,8,False,True
test/minibus/218138154.jpg,unclean/minibus/218138154.jpg,test,unclean,minibus,minibus,0,True,True
test/minibus/218307381.jpg,test/minibus/218328619.jpg,test,test,minibus,minibus,6,False,True
test/minibus/218307381.jpg,unclean/minibus/215772392.jpg,test,unclean,minibus,minibus,8,False,True
test/minibus/218307381.jpg,unclean/minibus/215772703.jpg,test,unclean,minibus,minibus,2,False,True
test/minibus/218307381.jpg,unclean/minibus/215917000.jpg,test,unclean,minibus,minibus,2,False,True
test/minibus/218307381.jpg,unclean/minibus/216051293.jpg,test,unclean,minibus,minibus,8,False,True
test/minibus/218307381.jpg,unclean/minibus/216061853.jpg,test,unclean,minibus,minibus,8,False,True
test/minibus/218307381.jpg,unclean/minibus/216573266.jpg,test,unclean,minibus,minibus,2,False,True
test/minibus/218307381.jpg,unclean/minibus/216737470.jpg,test,unclean,minibus,minibus,8,False,True
test/minibus/218307381.jpg,unclean/minibus/218126946.jpg,test,unclean,minibus,minibus,8,False,True
test/minibus/218307381.jpg,unclean/minibus/218252019.jpg,test,unclean,minibus,minibus,4,False,True
test/minibus/218307381.jpg,unclean/minibus/218307381.jpg,test,unclean,minibus,minibus,0,True,True
test/minibus/218307381.jpg,unclean/minibus/218892957.jpg,test,unclean,minibus,minibus,4,False,True
test/minibus/218307381.jpg,unclean/minibus/218982546.jpg,test,unclean,minibus,minibus,6,False,True
test/minibus/218328619.jpg,unclean/minibus/215772703.jpg,test,unclean,minibus,minibus,4,False,True
test/minibus/218328619.jpg,unclean/minibus/215917000.jpg,test,unclean,minibus,minibus,8,False,True
test/minibus/218328619.jpg,unclean/minibus/216573266.jpg,test,unclean,minibus,minibus,4,False,True
test/minibus/218328619.jpg,unclean/minibus/218252019.jpg,test,unclean,minibus,minibus,6,False,True
test/minibus/218328619.jpg,unclean/minibus/218307381.jpg,test,unclean,minibus,minibus,6,False,True
test/minibus/218328619.jpg,unclean/minibus/218707170.jpg,test,unclean,minibus,minibus,8,False,True
test/minibus/218328619.jpg,unclean/minibus/218982546.jpg,test,unclean,minibus,minibus,4,False,True
test/minibus/218605367.jpg,unclean/minibus/215772392.jpg,test,unclean,minibus,minibus,8,False,True
test/minibus/218605367.jpg,unclean/minibus/216051293.jpg,test,unclean,minibus,minibus,4,False,True
test/minibus/218605367.jpg,unclean/minibus/216061853.jpg,test,unclean,minibus,minibus,2,False,True
test/minibus/218605367.jpg,unclean/minibus/217030998.jpg,test,unclean,minibus,minibus,6,False,True
test/minibus/218605367.jpg,unclean/minibus/218252019.jpg,test,unclean,minibus,minibus,8,False,True
test/minibus/218849745.jpg,unclean/minibus/215387945.jpg,test,unclean,minibus,minibus,6,False,True
test/savari/195766645.jpg,test/savari/218484994.jpg,test,test,savari,savari,8,False,True
test/savari/197814306.jpg,test/savari/203382686.jpg,test,test,savari,savari,8,False,True
test/savari/197814306.jpg,test/savari/207140641.jpg,test,test,savari,savari,6,False,True
test/savari/197814306.jpg,test/taxi/198096713.jpg,test,test,savari,taxi,8,False,False
test/savari/197814306.jpg,unclean/savari/207298239.jpg,test,unclean,savari,savari,8,False,True
test/savari/197814306.jpg,unclean/savari/207835536.jpg,test,unclean,savari,savari,8,False,True
test/savari/197814306.jpg,unclean/savari/210494128.jpg,test,unclean,savari,savari,8,False,True
test/savari/197814306.jpg,unclean/savari/216370669.jpg,test,unclean,savari,savari,6,False,True
test/savari/197814306.jpg,unclean/savari/216624665.jpg,test,unclean,savari,savari,8,False,True
test/savari/197814306.jpg,unclean/taxi/198686634.jpg,test,unclean,savari,taxi,8,False,False
test/savari/200989560.jpg,unclean/savari/198098595.jpg,test,unclean,savari,savari,8,False,True
test/savari/200989560.jpg,unclean/taxi/215558511.jpg,test,unclean,savari,taxi,8,False,False
test/savari/203382686.jpg,test/savari/207140641.jpg,test,test,savari,savari,6,False,True
test/savari/203382686.jpg,test/taxi/198096713.jpg,test,test,savari,taxi,8,False,False
test/savari/206134948.jpg,unclean/savari/199291703.jpg,test,unclean,savari,savari,6,False,True
test/savari/206134948.jpg,unclean/savari/201795933.jpg,test,unclean,savari,savari,8,False,True
test/savari/207140641.jpg,unclean/savari/207298239.jpg,test,unclean,savari,savari,8,False,True
test/savari/210317139.jpg,unclean/savari/205865817.jpg,test,unclean,savari,savari,8,False,True
test/savari/210317139.jpg,unclean/savari/206644295.jpg,test,unclean,savari,savari,8,False,True
test/savari/210317139.jpg,unclean/savari/216624665.jpg,test,unclean,savari,savari,6,False,True
test/savari/213046686.jpg,unclean/savari/217699390.jpg,test,unclean,savari,savari,8,False,True
test/savari/213046686.jpg,unclean/taxi/214350776.jpg,test,unclean,savari,taxi,8,False,False
test/savari/213155633.jpg,unclean/savari/212245343.jpg,test,unclean,savari,savari,8,False,True
test/savari/213155633.jpg,unclean/savari/213161227.jpg,test,unclean,savari,savari,8,False,True
test/savari/213155633.jpg,unclean/savari/217937778.jpg,test,unclean,savari,savari,8,False,True
test/savari/216216502.jpg,unclean/taxi/213192920.jpg,test,unclean,savari,taxi,8,False,False
test/savari/216216502.jpg,unclean/taxi/215096099.jpg,test,unclean,savari,taxi,8,False,False
test/savari/216216502.jpg,unclean/taxi/217041267.jpg,test,unclean,savari,taxi,8,False,False
test/savari/216216502.jpg,unclean/taxi/217551050.jpg,test,unclean,savari,taxi,6,False,False
test/savari/217712581.jpg,unclean/savari/217368312.jpg,test,unclean,savari,savari,8,False,True
test/savari/218429844.jpg,unclean/savari/210205517.jpg,test,unclean,savari,savari,6,False,True
test/savari/218429844.jpg,unclean/savari/215184231.jpg,test,unclean,savari,savari,4,False,True
test/savari/218429844.jpg,unclean/savari/217011281.jpg,test,unclean,savari,savari,6,False,True
test/savari/218484994.jpg,unclean/savari/209434334.jpg,test,unclean,savari,savari,8,False,True
test/taxi/199826528.jpg,unclean/vanet/207534276.jpg,test,unclean,taxi,vanet,8,False,False
test/taxi/214712572.jpg,unclean/taxi/218698320.jpg,test,unclean,taxi,taxi,6,False,True
test/taxi/215165181.jpg,unclean/taxi/216608752.jpg,test,unclean,taxi,taxi,4,False,True
test/taxi/215828804.jpg,unclean/savari/217174516.jpg,test,unclean,taxi,savari,8,False,False
test/taxi/216190755.jpg,unclean/taxi/218434268.jpg,test,unclean,taxi,taxi,8,False,True
test/taxi/216190755.jpg,unclean/taxi/218791849.jpg,test,unclean,taxi,taxi,6,False,True
test/taxi/217932617.jpg,unclean/taxi/213492354.jpg,test,unclean,taxi,taxi,8,False,True
test/taxi/217932617.jpg,unclean/taxi/216527052.jpg,test,unclean,taxi,taxi,6,False,True
test/taxi/217932617.jpg,unclean/taxi/218443077.jpg,test,unclean,taxi,taxi,8,False,True
test/taxi/218150166.jpg,unclean/taxi/217902707.jpg,test,unclean,taxi,taxi,8,False,True
test/taxi/218318751.jpg,unclean/taxi/216047371.jpg,test,unclean,taxi,taxi,8,False,True
test/taxi/218713530.jpg,unclean/taxi/214543438.jpg,test,unclean,taxi,taxi,4,False,True
test/taxi/219092271.jpg,unclean/savari/210043852.jpg,test,unclean,taxi,savari,8,False,False
test/vanet/198062095.jpg,unclean/neysan/197495997.jpg,test,unclean,vanet,neysan,8,False,False
test/vanet/207595119.jpg,unclean/vanet/208789361.jpg,test,unclean,vanet,vanet,8,False,True
unclean/ambulance/211184410.jpg,unclean/neysan/200609458.jpg,unclean,unclean,ambulance,neysan,8,False,False
unclean/ambulance/215980770.jpg,unclean/ambulance/217896022.jpg,unclean,unclean,ambulance,ambulance,8,False,True
unclean/autobus/200600907.jpg,unclean/autobus/215504509.jpg,unclean,unclean,autobus,autobus,6,False,True
unclean/autobus/200600907.jpg,unclean/autobus/216870701.jpg,unclean,unclean,autobus,autobus,8,False,True
unclean/autobus/200603886.jpg,unclean/autobus/213441216.jpg,unclean,unclean,autobus,autobus,8,False,True
unclean/autobus/213441216.jpg,unclean/autobus/216269810.jpg,unclean,unclean,autobus,autobus,8,False,True
unclean/autobus/213441216.jpg,unclean/autobus/217735260.jpg,unclean,unclean,autobus,autobus,8,False,True
unclean/autobus/213441216.jpg,unclean/autobus/217923117.jpg,unclean,unclean,autobus,autobus,8,False,True
unclean/autobus/213441216.jpg,unclean/autobus/218564482.jpg,unclean,unclean,autobus,autobus,8,False,True
unclean/autobus/213441216.jpg,unclean/autobus/218800911.jpg,unclean,unclean,autobus,autobus,8,False,True
unclean/autobus/213538203.jpg,unclean/autobus/215999914.jpg,unclean,unclean,autobus,autobus,8,False,True
unclean/autobus/213538203.jpg,unclean/minibus/218835136.jpg,unclean,unclean,autobus,minibus,8,False,False
unclean/autobus/215129619.jpg,unclean/autobus/216086020.jpg,unclean,unclean,autobus,autobus,8,False,True
unclean/autobus/215468137.jpg,unclean/autobus/218725809.jpg,unclean,unclean,autobus,autobus,8,False,True
unclean/autobus/215504509.jpg,unclean/autobus/216870701.jpg,unclean,unclean,autobus,autobus,8,False,True
unclean/autobus/215646286.jpg,unclean/autobus/216171296.jpg,unclean,unclean,autobus,autobus,6,False,True
unclean/autobus/215831614.jpg,unclean/autobus/217994375.jpg,unclean,unclean,autobus,autobus,8,False,True
unclean/autobus/215993552.jpg,unclean/autobus/218088953.jpg,unclean,unclean,autobus,autobus,8,False,True
unclean/autobus/215993552.jpg,unclean/autobus/218434288.jpg,unclean,unclean,autobus,autobus,8,False,True
unclean/autobus/216036079.jpg,unclean/autobus/218088953.jpg,unclean,unclean,autobus,autobus,8,False,True
unclean/autobus/216036079.jpg,unclean/autobus/218426058.jpg,unclean,unclean,autobus,autobus,6,False,True
unclean/autobus/216036079.jpg,unclean/autobus/219027510.jpg,unclean,unclean,autobus,autobus,8,False,True
unclean/autobus/216086020.jpg,unclean/autobus/216273878.jpg,unclean,unclean,autobus,autobus,8,False,True
unclean/autobus/216265509.jpg,unclean/autobus/217999361.jpg,unclean,unclean,autobus,autobus,8,False,True
unclean/autobus/216269810.jpg,unclean/autobus/217923117.jpg,unclean,unclean,autobus,autobus,6,False,True
unclean/autobus/216269810.jpg,unclean/autobus/217979622.jpg,unclean,unclean,autobus,autobus,8,False,True
unclean/autobus/216269810.jpg,unclean/autobus/218712334.jpg,unclean,unclean,autobus,autobus,8,False,True
unclean/autobus/216273878.jpg,unclean/autobus/216870701.jpg,unclean,unclean,autobus,autobus,8,False,True
unclean/autobus/216360643.jpg,unclean/autobus/218405806.jpg,unclean,unclean,autobus,autobus,8,False,True
unclean/autobus/216410090.jpg,unclean/autobus/216797922.jpg,unclean,unclean,autobus,autobus,8,False,True
unclean/autobus/216639197.jpg,unclean/autobus/217011802.jpg,unclean,unclean,autobus,autobus,8,False,True
unclean/autobus/216797922.jpg,unclean/autobus/218712334.jpg,unclean,unclean,autobus,autobus,8,False,True
unclean/autobus/216867892.jpg,unclean/autobus/218048879.jpg,unclean,unclean,autobus,autobus,6,False,True
unclean/autobus/216917990.jpg,unclean/autobus/217005583.jpg,unclean,unclean,autobus,autobus,8,False,True
unclean/autobus/216946438.jpg,unclean/autobus/217923117.jpg,unclean,unclean,autobus,autobus,8,False,True
unclean/autobus/216946438.jpg,unclean/autobus/218712334.jpg,unclean,unclean,autobus,autobus,8,False,True
unclean/autobus/217011802.jpg,unclean/autobus/217131284.jpg,unclean,unclean,autobus,autobus,8,False,True
unclean/autobus/217011802.jpg,unclean/autobus/217923117.jpg,unclean,unclean,autobus,autobus,8,False,True
unclean/autobus/217414585.jpg,unclean/autobus/218214929.jpg,unclean,unclean,autobus,autobus,8,False,True
unclean/autobus/217923117.jpg,unclean/autobus/217979622.jpg,unclean,unclean,autobus,autobus,8,False,True
unclean/autobus/218088953.jpg,unclean/autobus/218434288.jpg,unclean,unclean,autobus,autobus,8,False,True
unclean/autobus/218426058.jpg,unclean/autobus/219027510.jpg,unclean,unclean,autobus,autobus,6,False,True
unclean/kamyun/215686425.jpg,unclean/kamyun/218716781.jpg,unclean,unclean,kamyun,kamyun,8,False,True
unclean/kamyunet/214490121.jpg,unclean/kamyunet/215318772.jpg,unclean,unclean,kamyunet,kamyunet,2,False,True
unclean/kamyunet/214490121.jpg,unclean/kamyunet/218307800.jpg,unclean,unclean,kamyunet,kamyunet,6,False,True
unclean/kamyunet/215318772.jpg,unclean/kamyunet/216070131.jpg,unclean,unclean,kamyunet,kamyunet,8,False,True
unclean/kamyunet/215318772.jpg,unclean/kamyunet/218307800.jpg,unclean,unclean,kamyunet,kamyunet,8,False,True
unclean/kamyunet/215318772.jpg,unclean/minibus/216335562.jpg,unclean,unclean,kamyunet,minibus,8,False,False
unclean/kamyunet/216035343.jpg,unclean/kamyunet/216230183.jpg,unclean,unclean,kamyunet,kamyunet,6,False,True
unclean/kamyunet/216779130.jpg,unclean/kamyunet/217957904.jpg,unclean,unclean,kamyunet,kamyunet,6,False,True
unclean/kamyunet/217156552.jpg,unclean/minibus/218252019.jpg,unclean,unclean,kamyunet,minibus,8,False,False
unclean/kamyunet/217957904.jpg,unclean/kamyunet/218968655.jpg,unclean,unclean,kamyunet,kamyunet,8,False,True
unclean/minibus/205929411.jpg,unclean/minibus/206187052.jpg,unclean,unclean,minibus,minibus,8,False,True
unclean/minibus/205929474.jpg,unclean/minibus/206187093.jpg,unclean,unclean,minibus,minibus,8,False,True
unclean/minibus/205929474.jpg,unclean/minibus/206192409.jpg,unclean,unclean,minibus,minibus,8,False,True
unclean/minibus/206183245.jpg,unclean/minibus/206190675.jpg,unclean,unclean,minibus,minibus,8,False,True
unclean/minibus/206187052.jpg,unclean/minibus/215772392.jpg,unclean,unclean,minibus,minibus,8,False,True
unclean/minibus/206187093.jpg,unclean/minibus/206192409.jpg,unclean,unclean,minibus,minibus,6,False,True
unclean/minibus/212718337.jpg,unclean/minibus/213777965.jpg,unclean,unclean,minibus,minibus,8,False,True
unclean/minibus/215602362.jpg,unclean/minibus/217763204.jpg,unclean,unclean,minibus,minibus,8,False,True
unclean/minibus/215644672.jpg,unclean/minibus/216990378.jpg,unclean,unclean,minibus,minibus,8,False,True
unclean/minibus/215772392.jpg,unclean/minibus/215772703.jpg,unclean,unclean,minibus,minibus,8,False,True
unclean/minibus/215772392.jpg,unclean/minibus/216051293.jpg,unclean,unclean,minibus,minibus,6,False,True
unclean/minibus/215772392.jpg,unclean/minibus/216061853.jpg,unclean,unclean,minibus,minibus,6,False,True
unclean/minibus/215772392.jpg,unclean/minibus/216317074.jpg,unclean,unclean,minibus,minibus,8,False,True
unclean/minibus/215772392.jpg,unclean/minibus/216573266.jpg,unclean,unclean,minibus,minibus,8,False,True
unclean/minibus/215772392.jpg,unclean/minibus/217030998.jpg,unclean,unclean,minibus,minibus,8,False,True
unclean/minibus/215772392.jpg,unclean/minibus/218252019.jpg,unclean,unclean,minibus,minibus,6,False,True
unclean/minibus/215772392.jpg,unclean/minibus/218307381.jpg,unclean,unclean,minibus,minibus,8,False,True
unclean/minibus/215772392.jpg,unclean/minibus/218892957.jpg,unclean,unclean,minibus,minibus,8,False,True
unclean/minibus/215772392.jpg,unclean/minibus/218982546.jpg,unclean,unclean,minibus,minibus,8,False,True
unclean/minibus/215772703.jpg,unclean/minibus/215917000.jpg,unclean,unclean,minibus,minibus,4,False,True
unclean/minibus/215772703.jpg,unclean/minibus/216051293.jpg,unclean,unclean,minibus,minibus,8,False,True
unclean/minibus/215772703.jpg,unclean/minibus/216061853.jpg,unclean,unclean,minibus,minibus,8,False,True
unclean/minibus/215772703.jpg,unclean/minibus/216573266.jpg,unclean,unclean,minibus,minibus,0,False,True
unclean/minibus/215772703.jpg,unclean/minibus/216737470.jpg,unclean,unclean,minibus,minibus,8,False,True
unclean/minibus/215772703.jpg,unclean/minibus/218252019.jpg,unclean,unclean,minibus,minibus,2,False,True
unclean/minibus/215772703.jpg,unclean/minibus/218307381.jpg,unclean,unclean,minibus,minibus,2,False,True
unclean/minibus/215772703.jpg,unclean/minibus/218425722.jpg,unclean,unclean,minibus,minibus,8,False,True
unclean/minibus/215772703.jpg,unclean/minibus/218707170.jpg,unclean,unclean,minibus,minibus,8,False,True
unclean/minibus/215772703.jpg,unclean/minibus/218892957.jpg,unclean,unclean,minibus,minibus,6,False,True
unclean/minibus/215772703.jpg,unclean/minibus/218982546.jpg,unclean,unclean,minibus,minibus,4,False,True
unclean/minibus/215844340.jpg,unclean/minibus/216930102.jpg,unclean,unclean,minibus,minibus,6,False,True
unclean/minibus/215917000.jpg,unclean/minibus/216573266.jpg,unclean,unclean,minibus,minibus,4,False,True
unclean/minibus/215917000.jpg,unclean/minibus/218126946.jpg,unclean,unclean,minibus,minibus,6,False,True
unclean/minibus/215917000.jpg,unclean/minibus/218252019.jpg,unclean,unclean,minibus,minibus,6,False,True
unclean/minibus/215917000.jpg,unclean/minibus/218307381.jpg,unclean,unclean,minibus,minibus,2,False,True
unclean/minibus/215917000.jpg,unclean/minibus/218892957.jpg,unclean,unclean,minibus,minibus,6,False,True
unclean/minibus/215917000.jpg,unclean/minibus/218982546.jpg,unclean,unclean,minibus,minibus,8,False,True
unclean/minibus/216051293.jpg,unclean/minibus/216061853.jpg,unclean,unclean,minibus,minibus,2,False,True
unclean/minibus/216051293.jpg,unclean/minibus/216573266.jpg,unclean,unclean,minibus,minibus,8,False,True
unclean/minibus/216051293.jpg,unclean/minibus/217030998.jpg,unclean,unclean,minibus,minibus,2,False,True
unclean/minibus/216051293.jpg,unclean/minibus/217959451.jpg,unclean,unclean,minibus,minibus,8,False,True
unclean/minibus/216051293.jpg,unclean/minibus/218252019.jpg,unclean,unclean,minibus,minibus,6,False,True
unclean/minibus/216051293.jpg,unclean/minibus/218307381.jpg,unclean,unclean,minibus,minibus,8,False,True
unclean/minibus/216051293.jpg,unclean/minibus/218892957.jpg,unclean,unclean,minibus,minibus,8,False,True
unclean/minibus/216051293.jpg,unclean/minibus/218982546.jpg,unclean,unclean,minibus,minibus,8,False,True
unclean/minibus/216061853.jpg,unclean/minibus/216573266.jpg,unclean,unclean,minibus,minibus,8,False,True
unclean/minibus/216061853.jpg,unclean/minibus/217030998.jpg,unclean,unclean,minibus,minibus,4,False,True
unclean/minibus/216061853.jpg,unclean/minibus/218252019.jpg,unclean,unclean,minibus,minibus,6,False,True
unclean/minibus/216061853.jpg,unclean/minibus/218307381.jpg,unclean,unclean,minibus,minibus,8,False,True
unclean/minibus/216061853.jpg,unclean/minibus/218892957.jpg,unclean,unclean,minibus,minibus,8,False,True
unclean/minibus/216061853.jpg,unclean/minibus/218982546.jpg,unclean,unclean,minibus,minibus,8,False,True
unclean/minibus/216094190.jpg,unclean/minibus/218542930.jpg,unclean,unclean,minibus,minibus,8,False,True
unclean/minibus/216094190.jpg,unclean/minibus/218742321.jpg,unclean,unclean,minibus,minibus,6,False,True
unclean/minibus/216094190.jpg,unclean/minibus/218784689.jpg,unclean,unclean,minibus,minibus,8,False,True
unclean/minibus/216573266.jpg,unclean/minibus/216737470.jpg,unclean,unclean,minibus,minibus,8,False,True
unclean/minibus/216573266.jpg,unclean/minibus/218252019.jpg,unclean,unclean,minibus,minibus,2,False,True
unclean/minibus/216573266.jpg,unclean/minibus/218307381.jpg,unclean,unclean,minibus,minibus,2,False,True
unclean/minibus/216573266.jpg,unclean/minibus/218425722.jpg,unclean,unclean,minibus,minibus,8,False,True
unclean/minibus/216573266.jpg,unclean/minibus/218707170.jpg,unclean,unclean,minibus,minibus,8,False,True
unclean/minibus/216573266.jpg,unclean/minibus/218892957.jpg,unclean,unclean,minibus,minibus,6,False,True
unclean/minibus/216573266.jpg,unclean/minibus/218982546.jpg,unclean,unclean,minibus,minibus,4,False,True
unclean/minibus/216584796.jpg,unclean/minibus/218742321.jpg,unclean,unclean,minibus,minibus,8,False,True
unclean/minibus/216737470.jpg,unclean/minibus/218252019.jpg,unclean,unclean,minibus,minibus,8,False,True
unclean/minibus/216737470.jpg,unclean/minibus/218307381.jpg,unclean,unclean,minibus,minibus,8,False,True
unclean/minibus/216737470.jpg,unclean/minibus/218425722.jpg,unclean,unclean,minibus,minibus,8,False,True
unclean/minibus/217030998.jpg,unclean/minibus/217959451.jpg,unclean,unclean,minibus,minibus,8,False,True
unclean/minibus/217030998.jpg,unclean/minibus/218252019.jpg,unclean,unclean,minibus,minibus,8,False,True
unclean/minibus/217959451.jpg,unclean/minibus/218252019.jpg,unclean,unclean,minibus,minibus,8,False,True
unclean/minibus/217959451.jpg,unclean/minibus/218589609.jpg,unclean,unclean,minibus,minibus,8,False,True
unclean/minibus/218126946.jpg,unclean/minibus/218307381.jpg,unclean,unclean,minibus,minibus,8,False,True
unclean/minibus/218126946.jpg,unclean/minibus/218892957.jpg,unclean,unclean,minibus,minibus,8,False,True
unclean/minibus/218134277.jpg,unclean/minibus/218138154.jpg,unclean,unclean,minibus,minibus,8,False,True
unclean/minibus/218252019.jpg,unclean/minibus/218307381.jpg,unclean,unclean,minibus,minibus,4,False,True
unclean/minibus/218252019.jpg,unclean/minibus/218425722.jpg,unclean,unclean,minibus,minibus,8,False,True
unclean/minibus/218252019.jpg,unclean/minibus/218707170.jpg,unclean,unclean,minibus,minibus,8,False,True
unclean/minibus/218252019.jpg,unclean/minibus/218892957.jpg,unclean,unclean,minibus,minibus,8,False,True
unclean/minibus/218252019.jpg,unclean/minibus/218982546.jpg,unclean,unclean,minibus,minibus,2,False,True
unclean/minibus/218307381.jpg,unclean/minibus/218892957.jpg,unclean,unclean,minibus,minibus,4,False,True
unclean/minibus/218307381.jpg,unclean/minibus/218982546.jpg,unclean,unclean,minibus,minibus,6,False,True
unclean/minibus/218335519.jpg,unclean/minibus/218832361.jpg,unclean,unclean,minibus,minibus,8,False,True
unclean/minibus/218425722.jpg,unclean/minibus/218589609.jpg,unclean,unclean,minibus,minibus,6,False,True
unclean/minibus/218425722.jpg,unclean/minibus/218707170.jpg,unclean,unclean,minibus,minibus,6,False,True
unclean/minibus/218542930.jpg,unclean/minibus/218742321.jpg,unclean,unclean,minibus,minibus,8,False,True
unclean/minibus/218542930.jpg,unclean/minibus/218784689.jpg,unclean,unclean,minibus,minibus,4,False,True
unclean/minibus/218589609.jpg,unclean/minibus/218707170.jpg,unclean,unclean,minibus,minibus,8,False,True
unclean/minibus/218707170.jpg,unclean/minibus/218982546.jpg,unclean,unclean,minibus,minibus,8,False,True
unclean/minibus/218742321.jpg,unclean/minibus/218784689.jpg,unclean,unclean,minibus,minibus,6,False,True
unclean/neysan/195478008.jpg,unclean/neysan/197986381.jpg,unclean,unclean,neysan,neysan,8,False,True
unclean/neysan/195720789.jpg,unclean/neysan/201982839.jpg,unclean,unclean,neysan,neysan,8,False,True
unclean/neysan/195720789.jpg,unclean/neysan/203138968.jpg,unclean,unclean,neysan,neysan,6,False,True
unclean/neysan/197599935.jpg,unclean/vanet/210819242.jpg,unclean,unclean,neysan,vanet,8,False,False
unclean/neysan/199339196.jpg,unclean/neysan/199401055.jpg,unclean,unclean,neysan,neysan,8,False,True
unclean/neysan/199401055.jpg,unclean/neysan/199831447.jpg,unclean,unclean,neysan,neysan,6,False,True
unclean/neysan/200792774.jpg,unclean/neysan/204859983.jpg,unclean,unclean,neysan,neysan,8,False,True
unclean/neysan/206728042.jpg,unclean/neysan/207752161.jpg,unclean,unclean,neysan,neysan,8,False,True
unclean/neysan/206728042.jpg,unclean/neysan/212037438.jpg,unclean,unclean,neysan,neysan,8,False,True
unclean/neysan/207767728.jpg,unclean/vanet/206287271.jpg,unclean,unclean,neysan,vanet,8,False,False
unclean/neysan/208586813.jpg,unclean/savari/199291703.jpg,unclean,unclean,neysan,savari,8,False,False
unclean/neysan/209271297.jpg,unclean/savari/217174516.jpg,unclean,unclean,neysan,savari,8,False,False
unclean/neysan/211979013.jpg,unclean/neysan/218939947.jpg,unclean,unclean,neysan,neysan,8,False,True
unclean/neysan/212131849.jpg,unclean/neysan/213693780.jpg,unclean,unclean,neysan,neysan,8,False,True
unclean/neysan/212670484.jpg,unclean/neysan/218879297.jpg,unclean,unclean,neysan,neysan,8,False,True
unclean/neysan/213393744.jpg,unclean/neysan/216425162.jpg,unclean,unclean,neysan,neysan,8,False,True
unclean/neysan/213510187.jpg,unclean/taxi/218791849.jpg,unclean,unclean,neysan,taxi,8,False,False
unclean/neysan/213693780.jpg,unclean/vanet/213899758.jpg,unclean,unclean,neysan,vanet,8,False,False
unclean/neysan/215649880.jpg,unclean/neysan/218080868.jpg,unclean,unclean,neysan,neysan,8,False,True
unclean/neysan/215880051.jpg,unclean/neysan/218753316.jpg,unclean,unclean,neysan,neysan,6,False,True
unclean/neysan/217192410.jpg,unclean/neysan/218080868.jpg,unclean,unclean,neysan,neysan,8,False,True
unclean/neysan/218044166.jpg,unclean/neysan/218516808.jpg,unclean,unclean,neysan,neysan,8,False,True
unclean/neysan/218080868.jpg,unclean/vanet/213899758.jpg,unclean,unclean,neysan,vanet,8,False,False
unclean/neysan/218879297.jpg,unclean/vanet/212397930.jpg,unclean,unclean,neysan,vanet,8,False,False
unclean/neysan/218912535.jpg,unclean/taxi/216848358.jpg,unclean,unclean,neysan,taxi,6,False,False
unclean/savari/194293170.jpg,unclean/savari/217699390.jpg,unclean,unclean,savari,savari,6,False,True
unclean/savari/195724812.jpg,unclean/taxi/196935725.jpg,unclean,unclean,savari,taxi,8,False,False
unclean/savari/195946835.jpg,unclean/savari/208215002.jpg,unclean,unclean,savari,savari,8,False,True
unclean/savari/198098595.jpg,unclean/taxi/215558511.jpg,unclean,unclean,savari,taxi,8,False,False
unclean/savari/199291703.jpg,unclean/savari/201795618.jpg,unclean,unclean,savari,savari,6,False,True
unclean/savari/199291703.jpg,unclean/savari/201795933.jpg,unclean,unclean,savari,savari,8,False,True
unclean/savari/199838206.jpg,unclean/savari/200499854.jpg,unclean,unclean,savari,savari,8,False,True
unclean/savari/199838206.jpg,unclean/savari/218223019.jpg,unclean,unclean,savari,savari,8,False,True
unclean/savari/200931514.jpg,unclean/savari/208507398.jpg,unclean,unclean,savari,savari,8,False,True
unclean/savari/203013904.jpg,unclean/savari/208215002.jpg,unclean,unclean,savari,savari,8,False,True
unclean/savari/203013904.jpg,unclean/savari/210273275.jpg,unclean,unclean,savari,savari,8,False,True
unclean/savari/203013904.jpg,unclean/savari/210494128.jpg,unclean,unclean,savari,savari,8,False,True
unclean/savari/203013904.jpg,unclean/taxi/218627347.jpg,unclean,unclean,savari,taxi,8,False,False
unclean/savari/205865817.jpg,unclean/taxi/200264885.jpg,unclean,unclean,savari,taxi,8,False,False
unclean/savari/206644295.jpg,unclean/savari/216370669.jpg,unclean,unclean,savari,savari,6,False,True
unclean/savari/206644295.jpg,unclean/savari/216624665.jpg,unclean,unclean,savari,savari,4,False,True
unclean/savari/207298239.jpg,unclean/savari/216370669.jpg,unclean,unclean,savari,savari,6,False,True
unclean/savari/207298239.jpg,unclean/savari/216704359.jpg,unclean,unclean,savari,savari,8,False,True
unclean/savari/207298239.jpg,unclean/taxi/198686634.jpg,unclean,unclean,savari,taxi,8,False,False
unclean/savari/208215002.jpg,unclean/savari/210494128.jpg,unclean,unclean,savari,savari,6,False,True
unclean/savari/208215002.jpg,unclean/taxi/199704344.jpg,unclean,unclean,savari,taxi,8,False,False
unclean/savari/209019732.jpg,unclean/savari/218989944.jpg,unclean,unclean,savari,savari,8,False,True
unclean/savari/210043852.jpg,unclean/savari/216079866.jpg,unclean,unclean,savari,savari,8,False,True
unclean/savari/210043852.jpg,unclean/taxi/216601542.jpg,unclean,unclean,savari,taxi,8,False,False
unclean/savari/210205517.jpg,unclean/savari/215184231.jpg,unclean,unclean,savari,savari,6,False,True
unclean/savari/210273275.jpg,unclean/savari/217011281.jpg,unclean,unclean,savari,savari,8,False,True
unclean/savari/210273275.jpg,unclean/taxi/218627347.jpg,unclean,unclean,savari,taxi,8,False,False
unclean/savari/210380464.jpg,unclean/taxi/215905052.jpg,unclean,unclean,savari,taxi,8,False,False
unclean/savari/210514855.jpg,unclean/taxi/217902707.jpg,unclean,unclean,savari,taxi,8,False,False
unclean/savari/211858432.jpg,unclean/taxi/216848358.jpg,unclean,unclean,savari,taxi,8,False,False
unclean/savari/211872752.jpg,unclean/savari/214692016.jpg,unclean,unclean,savari,savari,8,False,True
unclean/savari/211872752.jpg,unclean/savari/216657566.jpg,unclean,unclean,savari,savari,8,False,True
unclean/savari/211872752.jpg,unclean/taxi/217739057.jpg,unclean,unclean,savari,taxi,8,False,False
unclean/savari/211934537.jpg,unclean/savari/214832756.jpg,unclean,unclean,savari,savari,8,False,True
unclean/savari/214643894.jpg,unclean/taxi/218278120.jpg,unclean,unclean,savari,taxi,8,False,False
unclean/savari/214697912.jpg,unclean/taxi/218118406.jpg,unclean,unclean,savari,taxi,6,False,False
unclean/savari/215184231.jpg,unclean/savari/217011281.jpg,unclean,unclean,savari,savari,8,False,True
unclean/savari/215575196.jpg,unclean/savari/218166407.jpg,unclean,unclean,savari,savari,8,False,True
unclean/savari/215792985.jpg,unclean/savari/218989944.jpg,unclean,unclean,savari,savari,8,False,True
unclean/savari/215925240.jpg,unclean/savari/217368312.jpg,unclean,unclean,savari,savari,8,False,True
unclean/savari/215933473.jpg,unclean/taxi/214761981.jpg,unclean,unclean,savari,taxi,8,False,False
unclean/savari/215933473.jpg,unclean/taxi/217016702.jpg,unclean,unclean,savari,taxi,8,False,False
unclean/savari/216079866.jpg,unclean/vanet/212662044.jpg,unclean,unclean,savari,vanet,8,False,False
unclean/savari/216370669.jpg,unclean/savari/216624665.jpg,unclean,unclean,savari,savari,8,False,True
unclean/savari/216370669.jpg,unclean/savari/216704359.jpg,unclean,unclean,savari,savari,8,False,True
unclean/savari/216370669.jpg,unclean/taxi/198686634.jpg,unclean,unclean,savari,taxi,8,False,False
unclean/savari/216428705.jpg,unclean/taxi/217239782.jpg,unclean,unclean,savari,taxi,8,False,False
unclean/savari/216679332.jpg,unclean/taxi/217218520.jpg,unclean,unclean,savari,taxi,8,False,False
unclean/savari/217339387.jpg,unclean/taxi/215591038.jpg,unclean,unclean,savari,taxi,8,False,False
unclean/savari/217339387.jpg,unclean/taxi/217979957.jpg,unclean,unclean,savari,taxi,8,False,False
unclean/savari/217368312.jpg,unclean/taxi/218791849.jpg,unclean,unclean,savari,taxi,8,False,False
unclean/savari/217408734.jpg,unclean/taxi/217215925.jpg,unclean,unclean,savari,taxi,8,False,False
unclean/savari/217561081.jpg,unclean/taxi/217016702.jpg,unclean,unclean,savari,taxi,6,False,False
unclean/savari/217945404.jpg,unclean/savari/218315298.jpg,unclean,unclean,savari,savari,8,False,True
unclean/savari/217945404.jpg,unclean/taxi/218305132.jpg,unclean,unclean,savari,taxi,8,False,False
unclean/savari/218166407.jpg,unclean/taxi/216891850.jpg,unclean,unclean,savari,taxi,8,False,False
unclean/savari/218198627.jpg,unclean/taxi/217418779.jpg,unclean,unclean,savari,taxi,6,False,False
unclean/savari/218223019.jpg,unclean/taxi/217902707.jpg,unclean,unclean,savari,taxi,8,False,False
unclean/savari/218315298.jpg,unclean/taxi/218305132.jpg,unclean,unclean,savari,taxi,8,False,False
unclean/savari/218644350.jpg,unclean/taxi/218305132.jpg,unclean,unclean,savari,taxi,6,False,False
unclean/taxi/211928111.jpg,unclean/taxi/216554605.jpg,unclean,unclean,taxi,taxi,6,False,True
unclean/taxi/213492354.jpg,unclean/taxi/216527052.jpg,unclean,unclean,taxi,taxi,4,False,True
unclean/taxi/214415281.jpg,unclean/taxi/218106502.jpg,unclean,unclean,taxi,taxi,8,False,True
unclean/taxi/214429642.jpg,unclean/taxi/217800553.jpg,unclean,unclean,taxi,taxi,8,False,True
unclean/taxi/215184166.jpg,unclean/taxi/218434268.jpg,unclean,unclean,taxi,taxi,8,False,True
unclean/taxi/215591038.jpg,unclean/taxi/217979957.jpg,unclean,unclean,taxi,taxi,4,False,True
unclean/taxi/216029720.jpg,unclean/taxi/218791849.jpg,unclean,unclean,taxi,taxi,8,False,True
unclean/taxi/216047371.jpg,unclean/taxi/217253719.jpg,unclean,unclean,taxi,taxi,8,False,True
unclean/taxi/216070972.jpg,unclean/vanet/215695188.jpg,unclean,unclean,taxi,vanet,6,False,False
unclean/taxi/216207428.jpg,unclean/taxi/216848358.jpg,unclean,unclean,taxi,taxi,8,False,True
unclean/taxi/216848358.jpg,unclean/taxi/218935254.jpg,unclean,unclean,taxi,taxi,8,False,True
unclean/taxi/217201191.jpg,unclean/taxi/218118406.jpg,unclean,unclean,taxi,taxi,8,False,True
unclean/taxi/217239782.jpg,unclean/taxi/217360055.jpg,unclean,unclean,taxi,taxi,8,False,True
unclean/taxi/217239782.jpg,unclean/taxi/217978353.jpg,unclean,unclean,taxi,taxi,8,False,True
unclean/taxi/217239782.jpg,unclean/taxi/218609374.jpg,unclean,unclean,taxi,taxi,8,False,True
unclean/taxi/218118406.jpg,unclean/taxi/218609374.jpg,unclean,unclean,taxi,taxi,8,False,True
unclean/taxi/218434268.jpg,unclean/taxi/218791849.jpg,unclean,unclean,taxi,taxi,8,False,True
unclean/taxi/218434268.jpg,unclean/vanet/217322801.jpg,unclean,unclean,taxi,vanet,8,False,False
