split,class,path,md5,phash
train,ambulance,train/ambulance/195939523.jpg,729acf5fc1034ec77741e16b50fc95b0,96820d2f713dc778
train,ambulance,train/ambulance/198727855.jpg,5ba6cc623db387180f5fe1520e3ad38e,c3895c3e299574ea
train,ambulance,train/ambulance/199031396.jpg,5e066ebda81ef9f19d1d849befbbb0d2,c3957472309ace79
train,ambulance,train/ambulance/199587392.jpg,bcec609801e88317e8a6ae65125a99e4,bfda68077030c33d
train,ambulance,train/ambulance/199659807.jpg,56a4a2003e35cd2cc59048594222c45e,8fd67818759a9269
train,ambulance,train/ambulance/199984667.jpg,c8b7572f399aa7e3ad2cc8e864b40abf,ca8d3d6237319665
train,ambulance,train/ambulance/200011359.jpg,412b8d98abb98eba00be5f85c0f85db9,e79f56522115c639
train,ambulance,train/ambulance/200805520.jpg,adec8de0ff32591cccf1b902da333249,e19e587820719e6f
train,ambulance,train/ambulance/201107960.jpg,1c8e09b838ab8fe822eae04dc93c95af,dff878e220c3d330
train,ambulance,train/ambulance/203158523.jpg,73e81bfd4d526729f05a201fcf5fe923,dafc21612ec66cb4
train,ambulance,train/ambulance/203539792.jpg,bc2f60734ac5c4a49da585fe751bfd92,f8d7633161389c9c
train,ambulance,train/ambulance/203829862.jpg,ac9f667a3dd3dd448abd2b8125d8d92b,ecd6e134329c7744
train,ambulance,train/ambulance/204215951.jpg,d7fa9bf220d938061425e13916f2a358,8ea5757638926879
train,ambulance,train/ambulance/204227881.jpg,4821268f921d9e9a027bcab42ee4ca71,96fc6b6365c33424
train,ambulance,train/ambulance/205326290.jpg,38432794e323920b95c495e7cf5aa67e,8fc17692309b696d
train,ambulance,train/ambulance/206000918.jpg,71bfa79f73cfb5099fe5204e3e80304c,db940d732cc37e48
train,ambulance,train/ambulance/206174864.jpg,05130b7f5eca23c15abcbfd2891ba0f5,b6da489a6d699266
train,ambulance,train/ambulance/206808986.jpg,d936377e2b32b1f0993bccdba2ad953c,8b957832799e3368
train,ambulance,train/ambulance/208466531.jpg,bebb3ec7303daca31e667276ec76658e,b89c4e6e2633954e
train,ambulance,train/ambulance/208738861.jpg,a4402ba2db81f9ada97ff0792df2b0bf,8f8f793630389669
train,ambulance,train/ambulance/209441415.jpg,fd8acd4fd6b9e1153e5455022cad8735,927cad5a876d6161
train,ambulance,train/ambulance/209741797.jpg,5875215f0a343e2c7052a2c160fba2ec,ffa2a0dad23f2320
train,ambulance,train/ambulance/209817390.jpg,fb6f93866dcc7b952f704b2963f1c6e2,f5d29ad06b299896
train,ambulance,train/ambulance/209819480.jpg,3b26dfff914dbfff65b6d368248acca2,9216be56c66ce447
train,ambulance,train/ambulance/211623028.jpg,729bde62c953c41d5303ddce29e61156,a5db376a94858b2c
train,ambulance,train/ambulance/211676031.jpg,bc6f6b63dfcb534d85724073192611e5,aad69fc2840a7e69
train,ambulance,train/ambulance/211786744.jpg,473be710045e5ba238147e888308d121,85d6de0fc5296a25
train,ambulance,train/ambulance/211940909.jpg,48953bb2dc76ca6fb0335df5e1a2eefc,8743fa1bc16978d1
train,ambulance,train/ambulance/211966435.jpg,0f623b5c0ba413fc9d9f237ca9badefe,95d60bd0d0db3af0
train,ambulance,train/ambulance/211996658.jpg,c2e1c1eae69c8b47c6413de8fc86fc24,875af80fc33834f4
train,ambulance,train/ambulance/212007692.jpg,8d9165804108caedd176f70b0246bc43,f8618e7087719c75
train,ambulance,train/ambulance/212181645.jpg,8afdb6076ea913f076db7ede9767f67e,848f5f94965e64cc
train,ambulance,train/ambulance/212409258.jpg,f56a60dbe886f9213f00c1d26b0230a6,d0fb6dc0d229a38d
train,ambulance,train/ambulance/212750815.jpg,d656b5b957484697fcfee0d63c155c64,cfcf613632389661
train,ambulance,train/ambulance/212822076.jpg,22dd260019ec15bb4d1928b38feca156,95dafa01983de12d
train,ambulance,train/ambulance/213029149.jpg,baa26a0ea5567a8f292dca8a651e9411,90d2ff0bd22aca4d
train,ambulance,train/ambulance/213064777.jpg,0831ce93f8042a94871ea7d8f81bbb53,d0d26ac0d03ec7f3
train,ambulance,train/ambulance/213283576.jpg,7d42d167ec244efa274923a791695151,94175a82da2a6b5f
train,ambulance,train/ambulance/213342200.jpg,278746eb592f64791fe0f0b3668ce317,94d2dbcbc02d2fd0
train,ambulance,train/ambulance/213357768.jpg,ac0112193eff8cd78ac4af27529c8272,9514fe17c1495e96
train,ambulance,train/ambulance/213490536.jpg,057e2edd9ba5f8a97d9dcdf780ecbd43,82cf3fc07c3c30c7
train,ambulance,train/ambulance/213801906.jpg,f350bbe595668f370f6ae8bd204f068f,a9d6ebc26d2ec0c4
train,ambulance,train/ambulance/213805984.jpg,fc4edf14fb4aaa041e4911f93e3941de,d243abc58f3cb42c
train,ambulance,train/ambulance/214162077.jpg,1a88d2757a6d62cde20bdb7fd9867a6a,add6d782847d68a1
train,ambulance,train/ambulance/214354132.jpg,fcdc64e9726c96af772cdab7458f8ada,d0d22b42d46ec65f
train,ambulance,train/ambulance/214358069.jpg,6fc98debbf9e7d66b6dbd308757e6206,d7da2b813c3c858e
train,ambulance,train/ambulance/214425638.jpg,2c9a4e50eea0b88b9115e345a3db1070,a9d0d10bd03d7af4
train,ambulance,train/ambulance/214485304.jpg,9665522ee089300b169428201d069b93,859f7ed568782838
train,ambulance,train/ambulance/214491219.jpg,446552ad6e05e9ca10b1b904a0ade2fb,fc81e0d6d03e3a35
train,ambulance,train/ambulance/214493399.jpg,0051964613c504b6e48b0bbb3da1ff67,a1d0c5c0d46f69ed
train,ambulance,train/ambulance/214587510.jpg,a7da964e1d4fa4598fe5adfb4b46ecaf,d2838bcf847c37c2
train,ambulance,train/ambulance/214641358.jpg,20533f06c1b478d8e56233e5ec88c461,96da9a816969c337
train,ambulance,train/ambulance/214715793.jpg,da30c7515cb85171078ac3364b00c866,86d7df17d2286831
train,ambulance,train/ambulance/214725360.jpg,2196f366e96f4104faa95a5c489f83c1,d0c0bbcb816d6f91
train,ambulance,train/ambulance/214784967.jpg,103bd35be272c4d482fa16503a2fc031,80915f83c52f3ebc
train,ambulance,train/ambulance/214803565.jpg,ee16eceac4441072cb03e70a8a87f63d,d04bcb40cf2d2dc7
train,ambulance,train/ambulance/215086043.jpg,6cd2df2ba61d7b88bc430fe10d175c59,a5d596c0d02f6b3c
train,ambulance,train/ambulance/215101954.jpg,a7111e539f82b99f7b041b311b6d7257,b5d27bc2d039922e
train,ambulance,train/ambulance/215162191.jpg,f85f1c749679a539332762583a673c01,802abb41911b3fbf
train,ambulance,train/ambulance/215455492.jpg,8fcfbac1a3f2c092fc0411a51f4f4839,d4d56ec2c49c72d2
train,ambulance,train/ambulance/215691126.jpg,01b9dc185d8cc916b73955fd7d39de2b,f47cab42c642d2d6
train,ambulance,train/ambulance/215731258.jpg,f6f7bcbd993ed5202f92ecef4d4db625,d0ea6dc46e2cc4cb
train,ambulance,train/ambulance/215767078.jpg,8848f049bb7062c9a06dbd97c5166448,d0a12bc6c4cf2fc3
train,ambulance,train/ambulance/215775115.jpg,7d9d4b5a622f975fba1775d9a9946b3e,ecd12dc8d62de1d0
train,ambulance,train/ambulance/215799618.jpg,1a90622d9044b0afe441f5f8f91a4bf8,c0cb6bc03c3c3c7e
train,ambulance,train/ambulance/215890423.jpg,048419a9a06f21836970a88eca1f058b,a2c2921bd22d6f75
train,ambulance,train/ambulance/215895473.jpg,a727d3bc8ec8ab777a7cdb0f2ee0060f,8052ff0bc1293ddd
train,ambulance,train/ambulance/215922180.jpg,533e7197b0bd23c1c94aad049c21b34a,a8d0d1c8c96dcdcd
train,ambulance,train/ambulance/215998859.jpg,60e140dbe31478dfde824d376aaad9b5,95c07f92915c87e5
train,ambulance,train/ambulance/216005219.jpg,dc07578ff78e6c37e446374aaf21f44b,fdbf2b80d04a62d1
train,ambulance,train/ambulance/216013688.jpg,662843db0ae811a18deff6d0dc9e3bd2,f5ca257630932bc9
train,ambulance,train/ambulance/216018033.jpg,bd5159af3e62d87c063af2bbc41a9464,9452ab29d0dc6bf2
train,ambulance,train/ambulance/216019173.jpg,73272dfc6f434273c3c27c28bb272b69,878e3e95853c9ec8
train,ambulance,train/ambulance/216026223.jpg,295519191ddddac99ac7e2f6f8b3d0e9,f02e89d0dd38343f
train,ambulance,train/ambulance/216029056.jpg,a7048dcbe6e978a5319cd7ffde66987c,d052afd6846f83a9
train,ambulance,train/ambulance/216035809.jpg,6c985b0ef4cda2ced1982e0639acbbc9,d4352b6a80cdaf6a
train,ambulance,train/ambulance/216048174.jpg,da5485557c6144dbe24b44de86f0fff6,c1d07a9ad02f6b99
train,ambulance,train/ambulance/216059668.jpg,455d37887fd0f7481008cecaeba30362,d46e9bd0911bac4d
train,ambulance,train/ambulance/216066730.jpg,6a87d26d32affce250e5f14f6f0f6136,f54f0bf0d45a70e0
train,ambulance,train/ambulance/216077999.jpg,86843e181af84f85d22f8b2bb33574a1,ff74d06fd07a800a
train,ambulance,train/ambulance/216092441.jpg,bbedecfbfedb38d7a2a2f6754e05c36b,c1830bd33d6bc2d6
train,ambulance,train/ambulance/216105563.jpg,717ec9a68932786a265122f02e3232cc,d4f62bd0d4cb61c8
train,ambulance,train/ambulance/216113788.jpg,e353be5ad5a50427934a86c65ad0bfb0,add2d2c3c02d6d1d
train,ambulance,train/ambulance/216118298.jpg,305431fe77c681eaba355ef023b2b976,a4d7dec3802c3b3c
train,ambulance,train/ambulance/216128960.jpg,81ecba6ec0b6dd4dd9765d3bb8c9c323,f43c81d0da6834bf
train,ambulance,train/ambulance/216143298.jpg,9c281c7f2fb9e851c43cd51b3b390933,90d27fd0c02bf39c
train,ambulance,train/ambulance/216146573.jpg,4a9423487cde616ba3df1db3b8e3cd95,d537ab09f01e1ae4
train,ambulance,train/ambulance/216152703.jpg,a223bd27a398418951c4a327e8d0722e,80d73fda3d29d0c8
train,ambulance,train/ambulance/216157856.jpg,25aeb416d58d47152b28cde4b209b964,80c27f93c04deb73
train,ambulance,train/ambulance/216216403.jpg,9cff2a781603a43e2ac24eee0e219dcd,d0c02bc9c03d3fd7
train,ambulance,train/ambulance/216224583.jpg,0fdf63143d78caa439169c47ec9c093c,d4542f6bd0dccd60
train,ambulance,train/ambulance/216232960.jpg,70a6da7f0b672ad209cd40bc01bdb91a,ffd03e96c01d84aa
train,ambulance,train/ambulance/216242769.jpg,5848a97806e9bcde7140036d0e70cf8e,81d67f1bc289c317
train,ambulance,train/ambulance/216256793.jpg,d49be43949d67721dbc7c2212279770a,9283cbc3c36d613e
train,ambulance,train/ambulance/216287989.jpg,a5b1c55694e938b5cad6773810f6d281,fd82b09f6134936a
train,ambulance,train/ambulance/216379768.jpg,f6aff54948c5c97f66b5b5f06c3aac43,d4df2b12d0ce6626
train,ambulance,train/ambulance/216400367.jpg,b04ced2839568287c0f03bf466408595,c0d06ac3f02f7774
train,ambulance,train/ambulance/216447391.jpg,cd6b07f112d017dcfcffd6244b2700f0,81dadac9cb29692d
train,ambulance,train/ambulance/216449202.jpg,7dcc8e607ca3562a0e41d65424dde970,ffa591d2a829f01c
train,ambulance,train/ambulance/216527609.jpg,4c0e5f8d027681b08ba69831884e3918,b43ed603c23eb89c
train,ambulance,train/ambulance/216533019.jpg,b1e0cc8538aaf9fde4cea55d2329e211,fce8c0cce63f24d0
train,ambulance,train/ambulance/216561672.jpg,ffc5c64786a101c4e309851ac758f6c3,c79d187a38298775
train,ambulance,train/ambulance/216612929.jpg,ca04ed60627043795496277a34c4dd52,d4d72bd0d0dd42d2
train,ambulance,train/ambulance/216657686.jpg,a69f30b6902baa8d9ab49bde34edb9da,d0eb2fc0d21c64cf
train,ambulance,train/ambulance/216657889.jpg,f9d79bdb72e9c14de4caf136c036e67d,94273e959778e04e
train,ambulance,train/ambulance/216673206.jpg,3efa31f4e7fd9bbe6cd46ec563991ef3,add0bf2bd01cca62
train,ambulance,train/ambulance/216753875.jpg,d7e459ea3dc0014b9ceb0565b2ba0d79,9555da12d5076b3a
train,ambulance,train/ambulance/216765169.jpg,7fdf186b29f35d91f0658d51dcb78c0e,a0d26fc1d23bb80f
train,ambulance,train/ambulance/216773853.jpg,18b81189d9eec6a07f2db184f47477ee,fc60c054d0782ff7
train,ambulance,train/ambulance/216777388.jpg,92d2e91a50a1f43d723dc04bfed41b5b,8797ff9292382079
train,ambulance,train/ambulance/216780041.jpg,461b4dcc20a9c7d0c827ec4c6917104c,8586fe87e1789c91
train,ambulance,train/ambulance/216816417.jpg,bdd72b1204a2373bb97d7229d6e5ccf3,b0d6cbd06b6d95c0
train,ambulance,train/ambulance/216820535.jpg,105a03e25fd9067d84fdefa212df0e6b,81835b83d21f0bdf
train,ambulance,train/ambulance/216834352.jpg,c97f8d2dc46bbf8ac814b67e9826e2ee,fc3dab20c04cbf62
train,ambulance,train/ambulance/216840747.jpg,22390fd4ccdd9e37b7ea53bb7c443f0a,84dad3907e2c2d37
train,ambulance,train/ambulance/216843475.jpg,f50d6e1e4e0dc4737e41663dcee9211a,97d6f898d20b3925
train,ambulance,train/ambulance/216864213.jpg,c2a3ba7934b1b68ed621b9749cec4aa8,875ada9768688739
train,ambulance,train/ambulance/216903655.jpg,07d862fa1697b63de17219fcf902e0a7,f468a87e83d62d2a
train,ambulance,train/ambulance/216915388.jpg,84799c872233aa5754d2b31b76023c2a,fcc003963f90d679
train,ambulance,train/ambulance/216951685.jpg,a2caa966180542d841b0447d363f49b7,adf6f480923e389c
train,ambulance,train/ambulance/216952196.jpg,b6d42c797a62c9560464fd7c490566cb,d1833a94a16b6bf1
train,ambulance,train/ambulance/216959847.jpg,0dc2505e122410eaf284615e907a76d4,92cb5b83c1296d3d
train,ambulance,train/ambulance/216974433.jpg,2ea77a0f2ec2c8fa36a59a538cb1f101,f3853cd28a39c17c
train,ambulance,train/ambulance/216983143.jpg,141e22afdfd804a48a8b60c2601fa12d,80c8ecc47d3fd2c5
train,ambulance,train/ambulance/217037450.jpg,2f03ee278e81df49ff97d23da85aaca8,c0905dc6f75a581f
train,ambulance,train/ambulance/217043669.jpg,3b61282dafb379624cba62e2130a771b,e0c0df4fd41e2bc2
train,ambulance,train/ambulance/217088412.jpg,43af7e86cb38bddb1418aa88fb4b4bfb,94c46fc3d03f0a9b
train,ambulance,train/ambulance/217119220.jpg,f3724822bbd4615cf5164746d8bcaf36,d42fbb42c24dc333
train,ambulance,train/ambulance/217150612.jpg,b28dd6667bd36528de825ecdb2b19d41,a9da95c37a900d57
train,ambulance,train/ambulance/217155355.jpg,b5fcb61959b8f720679584dfc967ebe2,c2efa1920dd86ce6
train,ambulance,train/ambulance/217206154.jpg,612d466613d7bd09d5a30429c9fb4de0,fc50d252c22e2fdc
train,ambulance,train/ambulance/217208536.jpg,12e81f4fb6b204f77cb838f1b309973f,d0c06bc1f13d35f4
train,ambulance,train/ambulance/217209937.jpg,89c68f3f5ff97d318e792ba8d9564226,c0fcbcd2746f824a
train,ambulance,train/ambulance/217226406.jpg,96328638ffc370308ddb9a765e377dcd,87837e97207e9670
train,ambulance,train/ambulance/217250077.jpg,75ff3668c4e21a1029631e3b0ccf8146,85d67f93d04a3781
train,ambulance,train/ambulance/217302360.jpg,56f03d64cef30e95bda79e1ff2e48a7d,a034bf29d09c2ff4
train,ambulance,train/ambulance/217323781.jpg,fcad07cada95b5f1ca3e51c12d1337a6,e880c1c1d43fb5f5
train,ambulance,train/ambulance/217324168.jpg,d1492f1e0e1f266327a2c96c4f92d38a,f2b82dc0c23d3c3e
train,ambulance,train/ambulance/217381140.jpg,d4ec793e944c1dd61f8757607a14d8ca,d45a6bd2923ae31a
train,ambulance,train/ambulance/217402380.jpg,81b5fd62fcd997e57d6e2e6649b878c0,c5823e97816ee6b8
train,ambulance,train/ambulance/217402945.jpg,9c3c0b2592176dad60e6f599133a89ff,c0c07e4bc42d6fd5
train,ambulance,train/ambulance/217447963.jpg,42f2d862bc7d24489cbd37291c599f82,c0c06dc4c47dcfd6
train,ambulance,train/ambulance/217477279.jpg,45afb10e8f7f95d5b2b05234653a5c69,f0698bc0c07f3e2d
train,ambulance,train/ambulance/217477434.jpg,28d94a00bb03e2da9fe8a5172bc31775,843f1f94d20f7cd0
train,ambulance,train/ambulance/217480566.jpg,09f5ad5bc76053d0201ff28d5ec12fd3,add07eef908d4264
train,ambulance,train/ambulance/217496158.jpg,39e45928eeaab2b1b6260c6383d057c9,94d67e828a297597
train,ambulance,train/ambulance/217497126.jpg,f642f740bb667e4c9a772fc1ca62744b,d0d2ab0ad27dcb51
train,ambulance,train/ambulance/217499646.jpg,805e565ec85b9cff8b6032ef205f535b,d0d22b93c06fc3d9
train,ambulance,train/ambulance/217504681.jpg,b627d16a26f78aa68084d75571a9ec17,82d16dc07c2fd674
train,ambulance,train/ambulance/217506368.jpg,428f010a5319e69bcae95238622a1010,c2d26bc3c22d4dbc
train,ambulance,train/ambulance/217526919.jpg,2f141d83546b65197844c6fbf74650a5,9752fc41c23ee2c3
train,ambulance,train/ambulance/217541742.jpg,72a724af283c71cdba4ca39c8f4918f4,95971e94867c69d1
train,ambulance,train/ambulance/217551252.jpg,cf7e34e2efce341b9423147bdb7af0b4,97d35b82692dd921
train,ambulance,train/ambulance/217570069.jpg,60bc28da81d470b3681342a98f7c4071,803d3f0fc59824f7
train,ambulance,train/ambulance/217579095.jpg,d4db05d93d2f9f0ee989abd5cd11d90b,d59ab1a17aa19785
train,ambulance,train/ambulance/217584509.jpg,9e201edab6165cdadb8bdf59c8dbd0b5,fdbe2bc1d04863c1
train,ambulance,train/ambulance/217652202.jpg,704460c3e8f40aa6375ecfbcfe70982d,e0e06dc2f63d8791
train,ambulance,train/ambulance/217697159.jpg,674228568b99816d1d185e2354674e11,f1f32babc41c26c4
train,ambulance,train/ambulance/217727567.jpg,f82eb98660cd8ed20647e0ff17596b32,8082df91cb6e683f
train,ambulance,train/ambulance/217785400.jpg,4f0ff1246bcf7ccf1ee5de84478841b4,d0d96dc1f62d043d
train,ambulance,train/ambulance/217814338.jpg,ce6a71926b2803af5379b54d92d15e19,f575be0ad0d820f4
train,ambulance,train/ambulance/217825810.jpg,b03aa760973275f689daa8d59d3b32cf,d0da2bc03e3d34ce
train,ambulance,train/ambulance/217888265.jpg,9a17e4f32654048e04028b3a6e264f45,81da9f896885d7c3
train,ambulance,train/ambulance/217910074.jpg,e087abba682ec19dc8ca9d19e3c51818,87e27a9ec322ca1b
train,ambulance,train/ambulance/217940480.jpg,5a561f4e7c6392582e8141291bb4ccab,a5ca9e913e6bc8c2
train,ambulance,train/ambulance/217986910.jpg,74818c7cdf45e9e7397a6831a2896e10,c0c07dc6ae3f9233
train,ambulance,train/ambulance/218036224.jpg,de9c6e050a98e65d2e8da379fe00ef6e,d45f39d0c60f70d1
train,ambulance,train/ambulance/218078334.jpg,1e552e4b97bf1bccca4eff745f251478,94c3cb8fc02d69d3
train,ambulance,train/ambulance/218119796.jpg,bd8555ec68fd32a91555eb6361595988,8051ff52c26aea4f
train,ambulance,train/ambulance/218153518.jpg,ace4586ead53779c5b48693e07445e5a,a552de49d23dca29
train,ambulance,train/ambulance/218191394.jpg,ddda0018ad916d7e8d2e47632d64c08c,f8e0cbc381692fc5
train,ambulance,train/ambulance/218193739.jpg,d1a606afea8976e9fb70e19da9ee6045,c524aa7a95d11c9f
train,ambulance,train/ambulance/218204858.jpg,db803e4de03008c103fbacc09b30a78c,a0fe7fc482683c69
train,ambulance,train/ambulance/218244029.jpg,3be28995f7f7bf444a7fc5675a1033f8,da963c62256dc63c
train,ambulance,train/ambulance/218249834.jpg,c71527b7b6521f4aa0b299c95e72981c,ff7e807e80c07e82
train,ambulance,train/ambulance/218254848.jpg,7091001ac49ec94f7ad34671d4ee4027,a0217fcbd49c4ad3
train,ambulance,train/ambulance/218266352.jpg,acd6d3b4801e9339e471c89e94e8ead9,f881d0cbc16d4bcd
train,ambulance,train/ambulance/218289823.jpg,42c6c3b72b5c956727ab77040285f81d,f6d6b5e4c04d2961
train,ambulance,train/ambulance/218289961.jpg,cf4faf26e5ede3a53a80f15ee98a8fbc,80d27fc3c02d3d75
train,ambulance,train/ambulance/218308494.jpg,d39f23e6c7d2696afac5a6ebe10c9a1f,c0834bd73d1fc20f
train,ambulance,train/ambulance/218315928.jpg,e9da517f50f2d2c7342b42b019efd303,d2d1adc2942d3d3c
train,ambulance,train/ambulance/218316367.jpg,ec4d92dae1776979a1a0df06284a2b14,d587aa4a95787ac1
train,ambulance,train/ambulance/218332655.jpg,ed8475281225ac41880519611f47e2c5,c850fe2ff5810ae9
train,ambulance,train/ambulance/218339551.jpg,11bc9ab8052c5b3bae105b94db57be1d,a8deb7c385696a28
train,ambulance,train/ambulance/218343183.jpg,b7e67e2a3d1865d6690e9d9c438e999d,c3caaec539b894a6
train,ambulance,train/ambulance/218353709.jpg,f9e3b5e79a0133db01a55007d32c8b28,add7d6c1902c6ae4
train,ambulance,train/ambulance/218384303.jpg,a29e68c97cce867ff158723dc9b7f76a,f068aa7b81c93cae
train,ambulance,train/ambulance/218420550.jpg,5abe44d677c56891afaa042fa6f018e2,c050ef4bd02daf3c
train,ambulance,train/ambulance/218506566.jpg,a5682e3a838d1072b24eee549bc05eea,802fbf90d20fb43d
train,ambulance,train/ambulance/218591595.jpg,16ae5af2c0d39b286681718d45d04eeb,d5872a94877d6163
train,ambulance,train/ambulance/218621416.jpg,d4de8ccc5d7d52ec653a1cc3dcc046af,83c53a93e16a3bb1
train,ambulance,train/ambulance/218659907.jpg,9eff3e885c2f659e95d90a80323e86cd,d3d97c5628679630
train,ambulance,train/ambulance/218673872.jpg,f8e882aa20b0aad57b1433b1f0c665b9,ab77d448d22ad34a
train,ambulance,train/ambulance/218676611.jpg,e248e0c82e502d2524b62fd0e9e2bc58,cf83387c63619d62
train,ambulance,train/ambulance/218701191.jpg,e61de4b161e820b83101b092f53a2895,aaf46f2ab0b89c68
train,ambulance,train/ambulance/218702745.jpg,59a63f417caf103607e3af0450d36bc5,a4ded6802c6de9c3
train,ambulance,train/ambulance/218705819.jpg,8227b65a193681b62ba5388715623091,d0d27f97d07312c2
train,ambulance,train/ambulance/218729538.jpg,c051d67a16ea697a718db2deb8ea79e6,a1d51f90952be19d
train,ambulance,train/ambulance/218737689.jpg,a6446dae9a63527ff4fe97985491264d,f983c39f632983d0
train,ambulance,train/ambulance/218808822.jpg,2359577d6b2ea68c2095bde455422287,f5a1a313d5632b62
train,ambulance,train/ambulance/218811675.jpg,f910b0be1840565ed1647d7886db4f78,b574fa3ad01c6a92
train,ambulance,train/ambulance/218816506.jpg,fc02ef519c061d2aa306cb7213ad606e,95878e90cf6b7832
train,ambulance,train/ambulance/218819549.jpg,fc63553fe79bafeaa9a3c8c273112e47,a01fdf81d51fd40a
train,ambulance,train/ambulance/218819949.jpg,fe29b648dac89f14867595c475f3bacc,8352fa8ec66aab62
train,ambulance,train/ambulance/218820152.jpg,cade16339b50d48ee62b9b160e6e6546,f0a08b43d26ebfc2
train,ambulance,train/ambulance/218852971.jpg,fb056aedb4f3fd215aae844edfb5d72a,83d367c6783ca0e6
train,ambulance,train/ambulance/218916115.jpg,cf3048451746ab60e102b940e491ec71,81d3dbc16895956e
train,ambulance,train/ambulance/218966979.jpg,91f88bb6eb0957ce09cbe4f4c3fd4b86,ff2dc15fc07c02b0
train,ambulance,train/ambulance/218975756.jpg,27d14650fad89ae31a27269fe1a9de40,e7ce5c6a2c258cc5
train,ambulance,train/ambulance/219006693.jpg,7ee49e13c5eb7d3710ac778d82b5a457,fec3c9d8d80c29e4
train,ambulance,train/ambulance/219023494.jpg,02460c8b9980187ffe9c0c7517880471,a1d78ed43e92dc0a
train,ambulance,train/ambulance/219025430.jpg,a63951c2352be12f76c03077d316439b,80ca7ac13b6d6c3e
train,ambulance,train/ambulance/219046578.jpg,c7770b5f6e2637acabaef3b0649b339f,acd0bf0fd05cea22
train,ambulance,train/ambulance/219058364.jpg,6e378e7fd5a746be8cdce830b29638bc,c0c35b90d41f73cd
train,ambulance,train/ambulance/219078591.jpg,ed03cd059b927343eb11feceba1e3f71,b4a425d4db3e68c3
train,ambulance,train/ambulance/219090066.jpg,0059ab8473a3c37a242d8f6333effcb4,a5a9fa16860fcf12
train,ambulance,train/ambulance/219103658.jpg,95eb3a9b42e61c2e7b8fb499bc392f36,f2be2fc0c33d2486
train,ambulance,train/ambulance/219110239.jpg,f3dc371b767cb4c7501a58df48d4f034,ecd0eec4742fc2c8
train,ambulance,train/ambulance/219123929.jpg,9e2825bc8dd3aae70655492393153764,d050ba52c34b6eb7
train,autobus,train/autobus/193143598.jpg,d1abe0050d4f5b4ee64db8394b87abd7,df83833825f05ad6
train,autobus,train/autobus/193229239.jpg,60fb3f1fd16d84452bda272570fb8a85,c74b87ce69619561
train,autobus,train/autobus/193247490.jpg,a2056d9e56b2c25c748080540ef373ef,8dccce6d74161e92
train,autobus,train/autobus/193913981.jpg,1afcfecf19751601be8cec9d98622a0f,c768d261877e9299
train,autobus,train/autobus/193934570.jpg,2a2bfcc28cd917a04846780fc1e87842,c34d8bc37d34943c
train,autobus,train/autobus/193937509.jpg,a859f354491744b44d545a2b45dbf657,97d4db9274c50d0d
train,autobus,train/autobus/194264789.jpg,de6686e1b84c02c0f9786c91d76e7c1a,de8a95187ac67895
train,autobus,train/autobus/194279229.jpg,83ac145f12d2964fc9a43a2395cebdf1,da9cd6da3872c429
train,autobus,train/autobus/194356888.jpg,0030dd83e511baea26b05c81d7f9afd9,e9c8d4da2af62643
train,autobus,train/autobus/194603835.jpg,d3f3462553d6d8d6a46c838d00930962,8ec5d64b619671b2
train,autobus,train/autobus/194628481.jpg,81bc5f8c608de9105eb922188d73017d,d70986866c9db978
train,autobus,train/autobus/195327944.jpg,66779783b934771ceb97314cccecd981,dac88392382dd775
train,autobus,train/autobus/195353874.jpg,1ba990e541b411b683bb621b7b30a602,f88d839a799e6192
train,autobus,train/autobus/195459397.jpg,42de3c98aeb6e1416fcab7f7591663b1,afd896c32c61693c
train,autobus,train/autobus/195577230.jpg,f46ce962ea1655a113337bb6853aa8eb,f885d3c365378760
train,autobus,train/autobus/195928852.jpg,512304ca91f3745320142f1f39e8eee3,c3c3c46c2c96963f
train,autobus,train/autobus/195938542.jpg,c7512d6d2be6e8fdd345044d4f9e3d2f,ead897974a969168
train,autobus,train/autobus/196077431.jpg,72de7eb05d7240da0578bda73a31a0ff,9ecfe960309c6a39
train,autobus,train/autobus/196503008.jpg,88d0fe0840f006db38a9e46ae15831cc,bfdad2836828c16d
train,autobus,train/autobus/196513999.jpg,6a62f8a36306429dd69afd848c52722a,dfd8c2c36836c334
train,autobus,train/autobus/196745624.jpg,bf0e676cdeb03a2ccbef4ab996380070,9edad69668d06139
train,autobus,train/autobus/197162771.jpg,02b2364afe26d9771fb17f4c5a9c43ce,c34fc3c72dc22c96
train,autobus,train/autobus/198131550.jpg,3e01e4cc96c3d963b7daf44008af22e4,dfdac2837c3c803c
train,autobus,train/autobus/198261344.jpg,a4fa4f185fabd3b9b0b4a1d785955be7,8b85c7cb3893663a
train,autobus,train/autobus/198389317.jpg,1ef990c04a954dd680326f52d1755cb8,d6d886d27897615a
train,autobus,train/autobus/198462591.jpg,5af27a993bfd41703c0074d8e929e953,8fe5d661c29438c7
train,autobus,train/autobus/198480054.jpg,71aa085a3ba0aabe8800c1de02a51801,9e969129ea3d832b
train,autobus,train/autobus/198481791.jpg,7a9d6d7b9103e25c48c81486c7682ec9,a2c6df87ba385494
train,autobus,train/autobus/198539778.jpg,45b9a03dbc49b1da9898dfcedf5de9ed,d6dae6c738b48468
train,autobus,train/autobus/199033958.jpg,13fe40dbf78b735bfa6865d5df298985,82de2dd0612fdcc3
train,autobus,train/autobus/199176140.jpg,673cd1e3fc53c6eb270b9cd2643ee15a,c33cb2732cc62f32
train,autobus,train/autobus/199993161.jpg,29bd711f8b426e48c61ad86f450b1aa2,adcfc66069949a3c
train,autobus,train/autobus/200168649.jpg,035abe087d5b6a1aac52a54210065773,e88fd583509771ca
train,autobus,train/autobus/202162316.jpg,7e9487643afae93804c60ae9047e54df,f09e933461816f8f
train,autobus,train/autobus/203314263.jpg,da4fc741945864274adcf32e2ea558f4,c3cfe525d2923383
train,autobus,train/autobus/205052162.jpg,1acf2f2a389ac94d74f843462b6d5485,f8c5c7de2d2c6460
train,autobus,train/autobus/205169590.jpg,5bdacfd84d63cdeebe6a42495ac7ee5e,d2ea62383dc26b87
train,autobus,train/autobus/205343679.jpg,213ed97e5b1ae545f8f7490ed26bfc33,8fddd6646892349a
train,autobus,train/autobus/208843464.jpg,e8ced84b1676ae133d48e7b105ff4d1e,963c969678832d37
train,autobus,train/autobus/208876395.jpg,c7cda6fa44d0cef9eaaf18d37cab38f1,efc386a52131b696
train,autobus,train/autobus/209038128.jpg,b18cc8dbd703c93de2b6fb31eb272e98,cbcfa83cb412ba32
train,autobus,train/autobus/209214397.jpg,9cb4d0f4da424a4ceb165af20d6441b7,c148d153ef3f1994
train,autobus,train/autobus/209549928.jpg,0a7207ccf1d3b72df6babd4261eb86f9,d5553db7af694200
train,autobus,train/autobus/210036680.jpg,ff1f100f9e358a553aa3232819309565,da898b786cc22bc7
train,autobus,train/autobus/210098742.jpg,3a82f098a09f19f74ac1e707d49d329a,f73e1042cd6d69c8
train,autobus,train/autobus/210184901.jpg,b126948d2639e86c4ee1b66b4c6e931c,8bcde6276136389a
train,autobus,train/autobus/210328665.jpg,d254d63dc539f32216e6dadea32e1f35,cbc7693c26963338
train,autobus,train/autobus/210391171.jpg,175e79f0aa49852816459bdcffcaad3f,af92963828fd68c6
train,autobus,train/autobus/210456615.jpg,8abb5d2ad3429c76f0faa6f65737f85a,92d9649270c76b6b
train,autobus,train/autobus/210906540.jpg,26d0d99c4148e021c2d846c46b292329,96dad600699f6b8a
train,autobus,train/autobus/211087357.jpg,2ab9e249084df85009b04528702a89c7,cf0f877938b03833
train,autobus,train/autobus/211222927.jpg,d793b5df9dfb0dcd86360b9858862f3c,deda63d038e1216b
train,autobus,train/autobus/211576935.jpg,b10cf4cef10043dc45f4ac31c7c53290,834ddf652982671e
train,autobus,train/autobus/211692128.jpg,63549b2e416d4210e3a1fa9272fefca8,d5485bf5af258152
train,autobus,train/autobus/211794766.jpg,96b23dae66da23d75ef1e538f4f06d75,d51c9ad52b6ad528
train,autobus,train/autobus/212142265.jpg,9f783c9bf46e0db192d84b57ea0fbb5c,d5d22bd5330ad0cb
train,autobus,train/autobus/212480288.jpg,b0ccc2d33a513c878174b2ddb658843e,aa5ad528da2bca8b
train,autobus,train/autobus/212543172.jpg,746a742f8cdd3cde9f19b765d4a8b0db,af05953aa2854bfa
train,autobus,train/autobus/212950745.jpg,65d4fc09fdb3a2e24f99c33e9784c482,f98a929b2938a769
train,autobus,train/autobus/213633279.jpg,74a5e3ed723cdfe59fa7bef072fbc5fb,c3886c67639a9c79
train,autobus,train/autobus/213748478.jpg,aaabb780e77aa8c977db312749e50c34,c361ce61e5967896
train,autobus,train/autobus/213843804.jpg,f5b25825effb180fd92e491a7e94b3df,c261c99370c6767b
train,autobus,train/autobus/213844436.jpg,9d1f01d1e42b26a8e980cee31ec0f012,c3698a3167c678d6
train,autobus,train/autobus/214177928.jpg,9d2f9b0b3d51edb8233d61b65366b4d4,f20a6ad13d62d23d
train,autobus,train/autobus/214187028.jpg,519e47454e29877d7965fcff99304885,c3698661e79e7886
train,autobus,train/autobus/214398398.jpg,9147a652310e85b32303ed86b1e25ac2,a07f8224ca1fb4db
train,autobus,train/autobus/214524163.jpg,5cc567f7e5885a2f4aa13164f7fc160f,9a96216b63c66cce
train,autobus,train/autobus/214619456.jpg,232f08c5da7db80e2f32f2e075768da3,a15f59e01fa1628f
train,autobus,train/autobus/214640760.jpg,9d337a329701609abfffceabce29dbb6,f03e0fa1c71cf512
train,autobus,train/autobus/214742657.jpg,f6cb426c1eb68ce596d6273ac3c226c4,cfc9c6c661c6325a
train,autobus,train/autobus/214743978.jpg,44c70a95449a32d009da90c6f961837b,e1683ddf68d088b9
train,autobus,train/autobus/214839567.jpg,1e17b12ef2ad2c41840c23547cbb1e4f,8b85977a3c833699
train,autobus,train/autobus/215033304.jpg,fb01645a4c4930343bd984822f11bba8,8678db9369c4c33c
train,autobus,train/autobus/215062637.jpg,204b922339292ef6d8aa623aa93130cb,875ec669898f2cb1
train,autobus,train/autobus/215071661.jpg,e08a505b563594c8af53bc313c240b38,d44205c56a7bbc8f
train,autobus,train/autobus/215123839.jpg,d459379e4c2b69926d0f10f690700077,a5d096df7c623c18
train,autobus,train/autobus/215186162.jpg,22fa2fdb52ca030592d09f2e915f4639,951c88d5ea6adc9c
train,autobus,train/autobus/215321465.jpg,467c95ddf13a72f2d901321b12069546,afda94283dd57083
train,autobus,train/autobus/215604362.jpg,a2c6312cf335f73a7dee25b775fa873c,f528a0d78e2b1dc9
train,autobus,train/autobus/215647197.jpg,eeea02ec3be1332503ac6d24b5581609,c368c33065d67ec3
train,autobus,train/autobus/215655037.jpg,d43c5f91bcdbdde53809cfe758c99267,de9f9210219663db
train,autobus,train/autobus/215679623.jpg,a9ea6807e224207de6e3ff5e588b77f2,c7e1de616192389b
train,autobus,train/autobus/215686284.jpg,f24af5c8fa2cb19c75786c5f1dd0631f,961615c36e3a2bad
train,autobus,train/autobus/215687278.jpg,cabb4a402e488c04a7f716f286fb936d,8ea1b643cb8e698d
train,autobus,train/autobus/215710303.jpg,c4c21944979cd7846172fc16c9e52112,f5126afd0258bd4a
train,autobus,train/autobus/215752917.jpg,6cfdd320bf26d611353fddb1d2b23ee1,c26f3e3eb0933883
train,autobus,train/autobus/215770203.jpg,857f27e59537dfa57a7a77b2784c7835,bd5f9928cb0da898
train,autobus,train/autobus/215821118.jpg,b5d5a2434e80cbc89b70e17af7c161c3,c6618e61f39e1897
train,autobus,train/autobus/215825621.jpg,9697a4d3268b52a707059e638e879751,c0618e67619e78de
train,autobus,train/autobus/215825639.jpg,a30507af3d1716da6136656c4eb61e07,da1c127139d363c7
train,autobus,train/autobus/215865900.jpg,68b9890dea2c924b5313e838210e0936,949c953531d36b66
train,autobus,train/autobus/215918108.jpg,608a6dd0922c39615b02a27642607724,ce89dccf61963518
train,autobus,train/autobus/215950476.jpg,c39a4aca2d1fbe615a45d4251e226689,995fa620d7176896
train,autobus,train/autobus/215976846.jpg,ee60582bf82aa1ad9cadb76e2be745d9,c46fcfc0c84ce48f
train,autobus,train/autobus/215984332.jpg,d55b13edc2a1af59ac68d8c2277c4fad,827dcb8b2dc66332
train,autobus,train/autobus/215989839.jpg,bfc822c1c39a5ba2844de1b6e642e706,c369836465967a97
train,autobus,train/autobus/215992943.jpg,1e048d589314b73a37494a636c0fdd91,9a3c867831c36bc7
train,autobus,train/autobus/216010159.jpg,8787c1fe465403122707c77b964a5b4a,de98836065c70f9d
train,autobus,train/autobus/216010502.jpg,5afa6f1782365243ad113a1a4ef60147,c269c32678c778c7
train,autobus,train/autobus/216013650.jpg,711bc325af9a5731d684f63aeac79d5a,874cd6c728c36736
train,autobus,train/autobus/216021441.jpg,3c9f23325ec4cd27062b328f9e8eacef,cf8f87c271d23232
train,autobus,train/autobus/216041425.jpg,565010266527a22de252c52c9f1214d7,c76903936cc63733
train,autobus,train/autobus/216060637.jpg,0e748005f040481c943cd1befc83146d,836dc768873732e2
train,autobus,train/autobus/216066402.jpg,d66db061a51ffdd17ff0312301ce2519,9a0d9c3531c367c7
train,autobus,train/autobus/216079914.jpg,831e429acaa83e184e326e2495dc176e,c361cf61618678de
train,autobus,train/autobus/216086152.jpg,e1141bd4143233558a836cc1ecfc96c4,ed4787e5c644e807
train,autobus,train/autobus/216086604.jpg,97b49766cd7c04439534e02d5989dfeb,e45f87e0ee04e22e
train,autobus,train/autobus/216114758.jpg,0ac4b94df4e73671b7195fa636d3cc6d,aa95c27498969fd8
train,autobus,train/autobus/216141785.jpg,805ab44e5d98133c68504c306fe63b33,9d7f0ba0821fa0de
train,autobus,train/autobus/216143998.jpg,aaaadf2d9c1332a59fc652b4f0d9156b,a00a6ab5bd2ccad7
train,autobus,train/autobus/216176130.jpg,231ec92bd148dd50ddfb374be8b7461c,c6698661979a78a7
train,autobus,train/autobus/216237770.jpg,534ccfa02533383df1592880d8759761,8bcfc32c3cc23633
train,autobus,train/autobus/216240222.jpg,43fc95d8598c21db300f1e4d3495d83b,da0c923db06363e7
train,autobus,train/autobus/216240847.jpg,36193ceef99e89b884a1bd9c97d76ef9,d99c9ad23c70a56c
train,autobus,train/autobus/216262792.jpg,e2b901d5cb542071a9ae7125da0610a9,c2615d6763967896
train,autobus,train/autobus/216264423.jpg,8fb9ad5d83bd99205e26627f5a3ca139,c18c8f714ae3af89
train,autobus,train/autobus/216277099.jpg,ff2d78c46552ae7ec9ee22fcad36d748,8279d33929c73d92
train,autobus,train/autobus/216282397.jpg,58e3fbfebb126c7f12b2b9c0888f3ed0,8b1dd36c24c636d3
train,autobus,train/autobus/216283106.jpg,b2f6e7da347260913260882db4b46c61,fd0752f58618e187
train,autobus,train/autobus/216293919.jpg,1d2b96005c1a981622aefadddc278809,d57d3fd5fc308080
train,autobus,train/autobus/216318824.jpg,89bbab297e7e51cda5d6aacce9f654a8,e885879d34557273
train,autobus,train/autobus/216322942.jpg,7f8e2f79e93cf78cc5bd6f487f1190b4,d71860e68f3f1748
train,autobus,train/autobus/216328773.jpg,7c857e7cfde2408df5138fb94c1ff3ae,d7552ca0aa2efa4a
train,autobus,train/autobus/216357066.jpg,b221d7055a60ece545dcfb6d6a03858a,fd039dab15af8281
train,autobus,train/autobus/216357327.jpg,ad5168ebb841a9316f6d8c7be9cdea85,c369c73161c678c7
train,autobus,train/autobus/216412255.jpg,8b2ee2b7b5a75dc6ba6d3a0c3138c0ed,c369c3a778873887
train,autobus,train/autobus/216421304.jpg,c7f57fbf738c5f156ab4fcbb08d6758b,827cd3e92dc27992
train,autobus,train/autobus/216423047.jpg,20000df83465629667d09493984e1e72,c67cdf68e4c63092
train,autobus,train/autobus/216449385.jpg,7043a4a7f46bf1d4d956e242f83006a0,da9c82316fc38b87
train,autobus,train/autobus/216485879.jpg,f60d33b92eaa6f25de9baa5136d64f14,f50a6a92aa3acb78
train,autobus,train/autobus/216539622.jpg,42c63177fde0a5e954cc0ec47303c1f5,fd53822df3402d93
train,autobus,train/autobus/216551484.jpg,508bbd8da4d0f5934d9c46f44adfb288,c74f832c6cc63c93
train,autobus,train/autobus/216551896.jpg,0d6ab21153bbf985189d65dc6ac46b10,c7618621619e79de
train,autobus,train/autobus/216559230.jpg,dff8ecb0d2c58226a9a96eb02198b717,f5468a3dc20ebd32
train,autobus,train/autobus/216560648.jpg,3818241f83775bd2074609672f362e7b,d60a8ac7ef7a8151
train,autobus,train/autobus/216573141.jpg,da412d747bba04b985a2f62b3b6525f8,9ed8dd6b62053895
train,autobus,train/autobus/216575324.jpg,4a6c2d4814f421c018866616bcc1d36c,cba5c37c34923ec1
train,autobus,train/autobus/216588181.jpg,3114b9964c8c933a5b8f83aaeab1d9c8,f5318977b539f020
train,autobus,train/autobus/216623717.jpg,0f30b411931453200b9fe6c126311796,825cdb896cc6e53c
train,autobus,train/autobus/216664450.jpg,32b6810926aa05fb27d6eb5f1a29f22d,bd179928db19a8d1
train,autobus,train/autobus/216684204.jpg,d760235abca79ba4d6990f221ca489c8,da9a9ada2de2c039
train,autobus,train/autobus/216714407.jpg,57ecddf25b9427a7b05b80d6b02ee1ee,c36983c371cec678
train,autobus,train/autobus/216729767.jpg,241c2d116ac6b34d21edab2dd6d01bdb,c369876061de6e96
train,autobus,train/autobus/216733258.jpg,844aa1dddbc17a2c44005fbd6798e7ba,a076d721ea15877a
train,autobus,train/autobus/216760038.jpg,77bc0bf45ded6737e6a7a6aab7902a71,fd0b08f18b5fa948
train,autobus,train/autobus/216775502.jpg,605497360b6ca26f73e2b8893a0e865d,8a5b5c6d24c73e32
train,autobus,train/autobus/216797527.jpg,7da06c034def867e303abf0960cbbc91,8358d37969c32997
train,autobus,train/autobus/216797653.jpg,cc15c9cf7a05120a10d80f8fa42d1cdd,8378d30b2dc76d16
train,autobus,train/autobus/216799890.jpg,6689b40fbb804f3a335f9833159f066b,921d586b69c36d6c
train,autobus,train/autobus/216802875.jpg,30c6d6ef453078569d31732851e90679,951bd999d959a852
train,autobus,train/autobus/216815620.jpg,25422b95bbc8334e3633d7731f22be0e,8f8d9f7434923589
train,autobus,train/autobus/216847640.jpg,25ec61b8fc2e60187d70848aa345f027,b896e02167d7c768
train,autobus,train/autobus/216850693.jpg,2d18b18c8ee794e6c219e9b9df08f08f,9a9c927171c369c7
train,autobus,train/autobus/216859234.jpg,c5ce6f87f96af6e8baf010fc056f5b2e,8b3cd3692cc73592
train,autobus,train/autobus/216864238.jpg,68de553d9f75c1e45702ae43c1a3dcf9,c62b8e2cc5da98b5
train,autobus,train/autobus/216875964.jpg,930906348610cc9f9656513c75f9feda,8a0ed47539a363c7
train,autobus,train/autobus/216926734.jpg,3f683b6bb65adc98a92596cec65c1b65,c6618730ced67996
train,autobus,train/autobus/216946113.jpg,5ad153a12cc398af03397dc712242c35,8b5cd3396cc33992
train,autobus,train/autobus/216947005.jpg,0ed76dcf2ac8bea0aa5bd19644b8c21f,c34dc3703cd23e9a
train,autobus,train/autobus/216947535.jpg,416a71ef5283eb299b94bc6219db4b6f,da9cc17137c76486
train,autobus,train/autobus/216948140.jpg,803de79c75661dd895f538e2656def96,955f0f80e877870d
train,autobus,train/autobus/217007978.jpg,9b310b5a1e3d63bfdfcafe19234417ab,c36183716cc67a9e
train,autobus,train/autobus/217040529.jpg,2eb35690258e47549efc9ff0c0697aac,fa86853b9ed0618b
train,autobus,train/autobus/217091265.jpg,1ee45047dc6b9dc5ed02d09073b0c6a7,9a2c967131c367c7
train,autobus,train/autobus/217140059.jpg,332702e364770bd7fc39011821ad19d5,c72d87256dc66992
train,autobus,train/autobus/217145661.jpg,18e65d087d638cca9ebc83db8cdc35f2,8fc6e16061967bca
train,autobus,train/autobus/217252048.jpg,5dda401b619414104b9a3fb1aa2005fb,d2999e7270c2a3cb
train,autobus,train/autobus/217413615.jpg,a1fabf2431f4778e6197059f3a246200,c385837466da2ad7
train,autobus,train/autobus/217420553.jpg,a732d6ef33a86aff7d0715857fd31629,b552ca3d8a14bfc2
train,autobus,train/autobus/217427229.jpg,650e8bd25e770b550c92264c31ef4dd1,d44e0fd44a15f19b
train,autobus,train/autobus/217431762.jpg,893cd7670afbc13dca4543e99accd784,c3618f6161c678de
train,autobus,train/autobus/217619978.jpg,d640c6eea935cb03aa6f0cf10033f877,d64f87ce3c9cb028
train,autobus,train/autobus/217672139.jpg,de0436a17456dad9a9a227817d76d9ef,ff8f6084686b87d0
train,autobus,train/autobus/217734773.jpg,962a328b2d3f89a6def1d3b4307ee1e8,da9da33864c62e8d
train,autobus,train/autobus/217769175.jpg,d1811460ce75a391d3b925063c3d65d7,fd138065827eafc2
train,autobus,train/autobus/217780130.jpg,fc0a544f4df5502f32980340536dd023,c7618661699e789e
train,autobus,train/autobus/217791047.jpg,e33b18b3170b366cc03e2aba4eeac4f7,ca87657a3492bb38
train,autobus,train/autobus/217891763.jpg,8f717ae7b7d2e2b3bcfe81de6dba3d9c,8d0d52722bf36587
train,autobus,train/autobus/217891887.jpg,405049804b5e52f8365c9d8e44c6a4ff,83389ac369d1677c
train,autobus,train/autobus/217893775.jpg,3c9cfc5125db422f1b769f1096010952,d20c9e7031d367c7
train,autobus,train/autobus/217916961.jpg,57b9fda49141b8a29bb2cd4494658975,ffcf806c2cc47492
train,autobus,train/autobus/217930382.jpg,a765bc42ebf395d976becaa26e7d29c6,de0c1a7da0d331c7
train,autobus,train/autobus/217932299.jpg,fa527224852598721944e2faff28286a,c7618e476196f178
train,autobus,train/autobus/217947174.jpg,7b050ef60226116774e2ffd79700f6c9,fd2ba8f4e06881d3
train,autobus,train/autobus/217971815.jpg,9e0c1c35a9c0fa4dd1f7ddf5e4080ff0,fc3f9f04e0789503
train,autobus,train/autobus/217976090.jpg,5815ccdda46159676964354021cfcf27,867fd38229c24d3d
train,autobus,train/autobus/217999167.jpg,d2aebae0d8265726312900275f48fa44,827cd769c8c72d86
train,autobus,train/autobus/217999498.jpg,b4fcf3425d91c1a8b3e817610076bab2,a52bc2e5a352ed43
train,autobus,train/autobus/218000072.jpg,98be3ffdaa92c5fe9f6ae7799f8011b9,834ddd616987c53c
train,autobus,train/autobus/218020051.jpg,b992e80dbff4cad4a4477c25c8485f8c,8a1cd66369c33d93
train,autobus,train/autobus/218028529.jpg,4dcfb5458d8e3f73cab4c98e074b070c,854cd6cb29c9e539
train,autobus,train/autobus/218028985.jpg,9a70565a66490eecea0838a8868813ec,833cd36929c73d92
train,autobus,train/autobus/218060093.jpg,0c5aebdd1e555ba3bb07b8ff5ae001c3,c6698667659c389e
train,autobus,train/autobus/218060991.jpg,f1edf6142d3443513153d3542e39fa16,833cd36929833dd3
train,autobus,train/autobus/218080642.jpg,de2694c0fbf19ce09eb5f0dd1443b5d0,ffca8b6968858728
train,autobus,train/autobus/218092463.jpg,52815dc1c3687482ef85fe2e6b5ac604,d09883123c738fdf
train,autobus,train/autobus/218182608.jpg,99ed6c0d62aabe5c8bc5f3ce41dccc98,ca9eb2383dc36c92
train,autobus,train/autobus/218206926.jpg,627423bd3cc55a14455bb3b97578202b,ad5606ec46cc6e96
train,autobus,train/autobus/218220108.jpg,fa69aaff66a7bf2e68c5029b1fd924a9,c3c9ce7065963a9a
train,autobus,train/autobus/218265944.jpg,36f6382c89b9302939b6b35007ce1d2c,c3811c5763db28fc
train,autobus,train/autobus/218283778.jpg,e43a6a910f765255caf7dc922346cbae,add8d66163252796
train,autobus,train/autobus/218286526.jpg,09af9ce00194731dd7ec5a9facc44e6b,df0d833decd06892
train,autobus,train/autobus/218293611.jpg,bdd2181c0c22b74ea54e204223d2601a,8078d2d369c33b1f
train,autobus,train/autobus/218333729.jpg,50a22a2d6b9470fc9b8cd40f8116ce4b,d181ced26976696a
train,autobus,train/autobus/218337345.jpg,3f809fb85209457b3f93a6ffdef4abe8,cb8d2c7630d33d38
train,autobus,train/autobus/218375514.jpg,27f6a2538d679d2729bbb785f3d0e47e,831ed65a689339b6
train,autobus,train/autobus/218405590.jpg,cf82eb92a81ba8674ef2831aa7f1fa3d,831c9696789bc93d
train,autobus,train/autobus/218417318.jpg,04c6fe482cf74464d68f993d8f739342,de0c9a7921d37187
train,autobus,train/autobus/218429535.jpg,f2d195d7f78e14e6b02bd1efc4a8a723,8549d7de68cdc429
train,autobus,train/autobus/218485526.jpg,49f0d66a43b54e3477b227ff50134277,f70040d77847f13d
train,autobus,train/autobus/218505266.jpg,a92247412bcac42ee32c083241d3f80a,802fd54b68c32fb5
train,autobus,train/autobus/218540163.jpg,cb60cd211394af9a23c171816f05ea09,b5422995ab56a85f
train,autobus,train/autobus/218575882.jpg,aed0bea0278d16bc298746ee587e90a7,bf5f8321ea06843b
train,autobus,train/autobus/218619004.jpg,4f971ba4f39fe89092172f975aff8a0f,dfca892d6534c22e
train,autobus,train/autobus/218625583.jpg,3d1672899cb906eb1b10f12fa8d303e7,980d967131d367c7
train,autobus,train/autobus/218626877.jpg,82a3ecb3933985142c50f4d0b94e3bdf,b4564ab59342fd25
train,autobus,train/autobus/218637584.jpg,0ff6b944832be5e7542b460e69ffcf37,b2528222fb2ecad7
train,autobus,train/autobus/218643529.jpg,1180a2e86a25d8d3e46130b3b5402cf4,fd06c87d824a7f42
train,autobus,train/autobus/218658621.jpg,700683dac623241399ef6e6a1c60ca49,c7618763798479b2
train,autobus,train/autobus/218667916.jpg,52493686174afb0f41ce39174bb40edd,d2e1cb61cfce38c0
train,autobus,train/autobus/218688301.jpg,a13653129e06622b0a88a1ec5ffa3925,950d3d7262c64e76
train,autobus,train/autobus/218700576.jpg,99a27221911f5dd2a5ecf018b31f1de1,8179d3694b8f3d82
train,autobus,train/autobus/218707877.jpg,a83e65d8bd9ed7632c7d9dbb74f77b7e,f56213f15278ea07
train,autobus,train/autobus/218737303.jpg,2a11091ed6831c9d7abcd7b64fc32231,83348a3e74932ddb
train,autobus,train/autobus/218757064.jpg,8232cfaefce7cf1b844d083d8becff52,c72fd37934c23892
train,autobus,train/autobus/218767971.jpg,9ecf9f9a78897f2028cf40f69a04e952,831dd3492dc33d93
train,autobus,train/autobus/218778454.jpg,c03176e27f083cfad3dac9be8592b35f,fa4ea37ce317f000
train,autobus,train/autobus/218787299.jpg,7bd3f6887e450ea1603769c4720f15ce,dbaf25003cd37439
train,autobus,train/autobus/218833342.jpg,66c1d2d3e8b9a095e19e26a896d722b5,c997d93e36f024c1
train,autobus,train/autobus/218858569.jpg,29eb4034ccc0760ce520c29df50bca7b,b51d81ea7c11817f
train,autobus,train/autobus/218884742.jpg,3724f2a0c51e41a29bbddd3a8b551915,d47f9f00de05a81e
train,autobus,train/autobus/218903278.jpg,d14eb1cace571d5deb16d48640982fd8,da0c923d35c363c7
train,autobus,train/autobus/218906989.jpg,ce50a82265c3fa5601d851e937d2c3d3,de0c8e7439d069c7
train,autobus,train/autobus/218908275.jpg,530b0a5e6b714c3245f6ab7d0a2eb095,c7618bc761c59569
train,autobus,train/autobus/218908823.jpg,a401043b8c1e5d9cac13a60a88ebcfa1,9abcc5b039c76986
train,autobus,train/autobus/218915919.jpg,12ad7bc9bc78193ec7a808ace66a3a91,af6e01d5ae6ad501
train,autobus,train/autobus/218932432.jpg,3b0d7fac84f4049a8ef1de448bc3e0e6,8a3cd3696cc33993
train,autobus,train/autobus/218936050.jpg,1ca2995934632544a69b7fdb4b6c4b51,f51686f58258e547
train,autobus,train/autobus/218952897.jpg,eaa3c7fdc53c52e5e2f0d7b03a95c64d,d09883323cd38bdf
train,autobus,train/autobus/218959354.jpg,88bb746af6301a9d31b6416914e465a2,c3618f666196789e
train,autobus,train/autobus/218964750.jpg,8916e19bf6876542e1d5e3e070af2c7f,fd50813d8d4ec2da
train,autobus,train/autobus/218993616.jpg,5e0acb5c59490da80d3cbc8a399f8aa2,ad8a96d23c786935
train,autobus,train/autobus/218993999.jpg,2001271ceb3d344ab289961a1799e4d9,b0002fbc5f95d5c3
train,autobus,train/autobus/219073679.jpg,0768ab417286165b8e9bfb86e7c7b13c,d07ed07ad28a3197
train,autobus,train/autobus/219113041.jpg,c7b6b14b90603f0ef8eeece1bdfd4f1f,c9d2da36c5f924c1
train,kamyun,train/kamyun/193062599.jpg,b2fec726bba0ddc1abf4764462c22ba0,a7c7f761606d2185
train,kamyun,train/kamyun/193568157.jpg,93b4d17d3e64cf805160fc4a9b9a6575,c44f6bc5ce2c3433
train,kamyun,train/kamyun/194252891.jpg,17d9745b7cb20e9bcad909ca584b4482,d6d6e1c02c5dc36c
train,kamyun,train/kamyun/194260628.jpg,93b71bb4f025b9740bc3a9c86cbba428,d70a07f47865d887
train,kamyun,train/kamyun/194280536.jpg,607f07c15fc47a8080f23dc14def31b8,d3df6cc120383975
train,kamyun,train/kamyun/196384553.jpg,e1e8425f4add0c455091335f86f1b216,9287a5c33c3dc3e4
train,kamyun,train/kamyun/196530974.jpg,d9b6df1a05ecda7b860c2e19d7241407,8780f08bf0f6c9ce
train,kamyun,train/kamyun/196943134.jpg,ff400e8e4c65a2a5fcafb64e788c8293,ef9a61a0c5638e8d
train,kamyun,train/kamyun/197116035.jpg,6259f420b299db9ca363393624d6a62f,e88587c2af548a7e
train,kamyun,train/kamyun/197346827.jpg,57aa66fae5db9e0d3dcf5c51af21d313,f28f879c6c72c0d2
train,kamyun,train/kamyun/197654108.jpg,2d8fc9d0f71462adfe074da3313136ad,f9d485ca142ddec4
train,kamyun,train/kamyun/197919393.jpg,a5fbb207dbd0c564d7840d0fe0465134,ea87542c6bd2b83c
train,kamyun,train/kamyun/198081487.jpg,992fde3df6c34f73bbc17c75b2bea5d4,d6dafd3068c59a22
train,kamyun,train/kamyun/198086630.jpg,fd3b197c1f5c0ac8bbc768171aded559,ea8e87949e783c68
train,kamyun,train/kamyun/198119425.jpg,93e2797ee346d40dfe3e828b481ab7c1,e887d79f92281c5c
train,kamyun,train/kamyun/198229545.jpg,2df11e0622bb99526cd8c5b2ac637515,e096e6c7b66a2561
train,kamyun,train/kamyun/198591863.jpg,8ff6aa152091c64fdd3f74aaab783041,dbadc0d3306ac39c
train,kamyun,train/kamyun/198661910.jpg,5646923d34a909b5328ed87e90854808,8bcb65694cc6607e
train,kamyun,train/kamyun/198712812.jpg,6df23cb113e13afefe84e16b7bacf816,a6d865963d6896c9
train,kamyun,train/kamyun/198923439.jpg,f2e83116738d9116591fb4feacd77c39,ea878f5a3d6086c9
train,kamyun,train/kamyun/199172201.jpg,7ccffd75a5b645818bf81447838d14c7,832de9e36c92972c
train,kamyun,train/kamyun/199185521.jpg,ff5477eab274a22065ead6588c0d9e0b,97d8f8e76868303a
train,kamyun,train/kamyun/199213257.jpg,fa0c36cc40ae5e1a082ac770fc69c140,f885c53e7320e9ca
train,kamyun,train/kamyun/199511120.jpg,2266964691c741ce241b49234d8fff55,afbd30973e64980c
train,kamyun,train/kamyun/200170189.jpg,d888287918759633fef4dbd3b9a04591,9ed4816b34cb363c
train,kamyun,train/kamyun/200333424.jpg,5df430810693360eea83a7688adb4bf4,f8a5d0c3839cc1cf
train,kamyun,train/kamyun/200464110.jpg,1e9e0dda5ffb548016f3ad82c579c83b,86c3de612831d7d6
train,kamyun,train/kamyun/201179873.jpg,92a779ba80c90c4ed5fe32b2f97afdaf,d28fde7821636187
train,kamyun,train/kamyun/202031464.jpg,c883c87c4e620f74d39c664d39bbb560,923c71d33c63634d
train,kamyun,train/kamyun/204655887.jpg,96d6510c259f2526a2a8511893ab44af,9e9cf83061c7c99a
train,kamyun,train/kamyun/204958460.jpg,39c018fbee9f510789f520f11c46c899,a7d0f02f29a7930e
train,kamyun,train/kamyun/205757433.jpg,1e6ee415d1cb01e591ae8cdd1e8f698c,8f62e907a539c61e
train,kamyun,train/kamyun/205760352.jpg,6bf315585ed4aa0d28f083b2642adf7e,fbc387713c608473
train,kamyun,train/kamyun/206174596.jpg,cda36327983c827c6032345f16516129,8756da2be12ce5d0
train,kamyun,train/kamyun/206930130.jpg,8a2467ce98fe64de1c722da42b96488f,fc97e2ac95a061b4
train,kamyun,train/kamyun/207402995.jpg,a68bb5c7aeec93b00cfeea5f7d72b2b6,bce4e082d35d9a8d
train,kamyun,train/kamyun/210109298.jpg,e7808b42702c0f5b91bf4e577a0abbdb,9422cb45ff0ec1f8
train,kamyun,train/kamyun/210622646.jpg,f2f52a9492989646226d9210ec666b05,99c5636268babc96
train,kamyun,train/kamyun/210749256.jpg,fa2889812d9347979a6400a738d1e186,8af134c64b9e619e
train,kamyun,train/kamyun/211105618.jpg,f53b0a1288a19559e49d820c510eac11,8ee363a5319e3961
train,kamyun,train/kamyun/212538638.jpg,a3b52e59fedcb94b05530fa1cb347f40,a5d54aa58b955a9c
train,kamyun,train/kamyun/212656774.jpg,e93cb1a425bee7b9658d48676f35ad76,d981e3b97864b199
train,kamyun,train/kamyun/212770154.jpg,6ccc83b4db69b1ac051bee258fcec471,c555d478d195b07a
train,kamyun,train/kamyun/212828689.jpg,af7a452e6875fbc648268b2b6486c465,83da58c9694dd764
train,kamyun,train/kamyun/213506642.jpg,1eac61d8f34dc2ae3b38b50d296e37fe,f50ac23da9d0b52d
train,kamyun,train/kamyun/213816578.jpg,f49cfdee2db15fb7a434fbfd79c219e2,dacbcb2cae02be24
train,kamyun,train/kamyun/214363172.jpg,68d9d09f29ffe9d738695ff53a4c3dab,e373fc628516e270
train,kamyun,train/kamyun/214372132.jpg,b06454d6bb921df006058f2d8a5fe5c5,ef47c03fa21cbc14
train,kamyun,train/kamyun/214617464.jpg,2e925582016a21945f6b01f1d885930d,d4683ce4738c7a9c
train,kamyun,train/kamyun/214657348.jpg,b4f089d92432b192d15aa519414aaae8,d2a43ce1cfc73486
train,kamyun,train/kamyun/214713226.jpg,02e37d0672f158d8c65e94d5090dcabc,f569c076efd2100d
train,kamyun,train/kamyun/214772097.jpg,294f4ac1a54419daa466279e7a39d38e,9ee1c461ce8e8b69
train,kamyun,train/kamyun/214789826.jpg,526a1b8910a989488561bd92ebf53f9e,b0d41274fb88d13f
train,kamyun,train/kamyun/214831926.jpg,d59584aabb7c48890d2cccd39e175e49,f4708b55816fc569
train,kamyun,train/kamyun/214834457.jpg,c79e51a839c0ee56e2c8ad8cd9e68105,c2872d743ccae32b
train,kamyun,train/kamyun/215059402.jpg,54aaee250253ae259e470adba0bba4be,e800979f9e5ac565
train,kamyun,train/kamyun/215099946.jpg,b1e2384fcf66bb2cbf26e6c21ca647da,c3c32d3d36363632
train,kamyun,train/kamyun/215113916.jpg,3e94b042d1302b534ab351bf0bd5fe1b,cabe90871d2fe928
train,kamyun,train/kamyun/215119243.jpg,6bb82d8eb2315ea83e62a2a4c3d00762,f51a8785e8d28b35
train,kamyun,train/kamyun/215121796.jpg,716838e59ce4b940f548a7ec8c6dd8de,83ac75c03d9396d9
train,kamyun,train/kamyun/215121872.jpg,929c4bb453e91fd6e92951d730b566d1,d22f34c32c33699e
train,kamyun,train/kamyun/215572272.jpg,ffd32bc72f16935751686b7881aaa5f3,a85ad725de06c23d
train,kamyun,train/kamyun/215575740.jpg,ed19d5480ece022af0a380b685b6e6dc,cfa5b1709e9a3126
train,kamyun,train/kamyun/215580189.jpg,635ebce9beaf4c809213c5acff3c87de,f8840178f0dfbf50
train,kamyun,train/kamyun/215581412.jpg,05497afa94d7225d045ad6fd6925b0cd,e0f0be3f8747830c
train,kamyun,train/kamyun/215614718.jpg,21e1cb79efc6c0b3bec740dbb7a55fa2,d70f06917930749f
train,kamyun,train/kamyun/215628455.jpg,b61955be16f35f45197d5a66558e547e,de2f21656d961a68
train,kamyun,train/kamyun/215635130.jpg,2822844a60d6f0421ee68f47bbfbf680,ca8d653674323a9b
train,kamyun,train/kamyun/215635181.jpg,62a38e9e6c4a4f2effed1760a6a0bfe2,d31b9b9339703836
train,kamyun,train/kamyun/215673011.jpg,68b24801de24e85e5bdc696e89e25016,d72a04696992d767
train,kamyun,train/kamyun/215692883.jpg,19d791c108f32df46ad3eb537c4153f4,daf4f4e001cf3493
train,kamyun,train/kamyun/215716022.jpg,9801da765244d7f57db43801f8311000,827f987f810f8671
train,kamyun,train/kamyun/215721968.jpg,ce190f42ac989c488ffc3b26c1425869,ca8929eb8d9c6574
train,kamyun,train/kamyun/215725553.jpg,1ac65f185f83ec96391d1b9c1c9fa288,e4591936bb72496c
train,kamyun,train/kamyun/215744517.jpg,7ff31ef28059933fc71619b030e661b6,f0c13f7fbd43c002
train,kamyun,train/kamyun/215753292.jpg,196f231cc33e178267a7edff09de94cc,c3af3d343cc3288b
train,kamyun,train/kamyun/215760120.jpg,eac4143d49f503cf16bb01c68fb4b931,ffcac2bde3006868
train,kamyun,train/kamyun/215771843.jpg,558c7519b11144b0701ef6a9acb08801,d4de2b04f21bd271
train,kamyun,train/kamyun/215772828.jpg,73bafefd28a5f571f8f69f315d16a857,c7283c1578c5ce9d
train,kamyun,train/kamyun/215789247.jpg,1402108e4f789cd5d0cbfb4eed2cb333,c2bdbc703cc287c3
train,kamyun,train/kamyun/215792145.jpg,8d122b6f317ce487095624bc342e5fdd,efa121649473e7a4
train,kamyun,train/kamyun/215825393.jpg,43c78e762c5e2dd0f57b9baa3d4bb832,dbfd60218fdf2840
train,kamyun,train/kamyun/215871113.jpg,80fe1b60500518f0dd25fd1191dc2523,a88a06a8eadf3f94
train,kamyun,train/kamyun/215888901.jpg,690e49a99e084c375d453bd0d13361bb,dafc704047c7cf24
train,kamyun,train/kamyun/215893105.jpg,f16a8871d3a00313396ddf6817cdb9ea,c5479e6d831c3ab1
train,kamyun,train/kamyun/215912012.jpg,3fe99003765a8cb85c5c9c3aec9d8656,c2cfc724ad969634
train,kamyun,train/kamyun/215925454.jpg,33442fb4e092f6b9f1fdc800c721f228,bce861869b6d9698
train,kamyun,train/kamyun/215933911.jpg,f642b3148a9fcc4986f703894bb34247,94923f68e14b87e5
train,kamyun,train/kamyun/215953828.jpg,59e3b25d6f8ecb070aebc0314ad85fae,aa4b5581bf8ad195
train,kamyun,train/kamyun/215970581.jpg,cc06996c5d91191a32bd6d207e93a218,922a2895797569d7
train,kamyun,train/kamyun/215975099.jpg,2baf6a1ae172b1e22be85275987e4799,9624943539b7b596
train,kamyun,train/kamyun/215989939.jpg,fc1600726377e16bca6325362b4cf387,858796956a6be16a
train,kamyun,train/kamyun/216008162.jpg,27b28a167c6c6cecd731431753ef4327,f4d26b81353fc321
train,kamyun,train/kamyun/216010811.jpg,718102bd0ae8923ea1615d136f8d31e1,d08b2b353d34ba93
train,kamyun,train/kamyun/216021910.jpg,55df737c730a850bde25002d3403f593,921f30736dc24d67
train,kamyun,train/kamyun/216026504.jpg,3888fb2b814af2591ac9d1bc3c9ee9b7,de9c706169cb6760
train,kamyun,train/kamyun/216039996.jpg,8e41e2123b5bafdf8159ce906642dff1,d5d0bf86602a963d
train,kamyun,train/kamyun/216040476.jpg,fd85b80b023280035e71ae7157ed7564,f4d2e2d0832f3f09
train,kamyun,train/kamyun/216045038.jpg,3896d921ed41a0341ffc8038d34b9b41,f5568b0dc501ca3f
train,kamyun,train/kamyun/216048837.jpg,0e1b7b7a9178c237cea0d80219c580aa,ff5b8256d5408237
train,kamyun,train/kamyun/216062010.jpg,ab561e1c195d48e55b1b5b2c70e4697c,c3ece63c969329a4
train,kamyun,train/kamyun/216086881.jpg,c2e24feca014975d081a034e624db197,804f5ebc2d927d70
train,kamyun,train/kamyun/216114804.jpg,6023e470a0420e0b94863caf7afc65d4,838dbcd63c30949f
train,kamyun,train/kamyun/216130239.jpg,6608b8384b78c71c429c5758f90f6ea3,e323bc7e834b8654
train,kamyun,train/kamyun/216133020.jpg,95b450f2978623d612bcacba956b3a3e,c29e34743672ba9a
train,kamyun,train/kamyun/216147955.jpg,8b5ba84c9114505f784be0d13991549a,c9d0a9d4a96a0b7e
train,kamyun,train/kamyun/216158404.jpg,8fea12b4c79a33ca6b60d3ea3f9191fd,ca8dad7c34323672
train,kamyun,train/kamyun/216173836.jpg,1c048bf092166662278132699f29cf74,f57e0ae1cac0e01f
train,kamyun,train/kamyun/216181883.jpg,791b93510afd673faafb806673d806c5,d0902f3cc0d1f47f
train,kamyun,train/kamyun/216184714.jpg,f008132ed4cd4bc10ffd70a195be279a,c0a49d1e0fcba575
train,kamyun,train/kamyun/216224608.jpg,ea2cc5da215addf8fb8fa1cbe7b99905,f2da82232d61e1d7
train,kamyun,train/kamyun/216293604.jpg,54a7350e6c638de14315e1348caa4f8d,80d0d700e53fdf39
train,kamyun,train/kamyun/216295051.jpg,ee9fc5422b84139cce9c9a9469205d15,b28a8f309d3d3535
train,kamyun,train/kamyun/216297923.jpg,c9e6b80c3daefbfdaedf4a563d95c5e3,c79ab871782e9c86
train,kamyun,train/kamyun/216317771.jpg,19d48622540fcd54d8c846f5ab671320,d4d12b05e01eb67e
train,kamyun,train/kamyun/216319937.jpg,32d9a370ec7e55b28fcf5609f2f43f4f,b5d5b78a6a682a89
train,kamyun,train/kamyun/216419624.jpg,3ffe84602d84b9d4a960673c35c2ddc6,c72d3667683063ce
train,kamyun,train/kamyun/216432092.jpg,06459e7c33a230065daef4463f1b5672,fceae1c76cc6c060
train,kamyun,train/kamyun/216432527.jpg,ddac8f6cb41fa8fa64e1964ba3962d6d,d6cba5d43a329392
train,kamyun,train/kamyun/216476063.jpg,c30b01430492e28a401032abe60a0d08,9a3d21236dd37c38
train,kamyun,train/kamyun/216479941.jpg,ff0e214fef28099fe491674d081b421d,c28dbcd62d62d2ca
train,kamyun,train/kamyun/216522671.jpg,635d319b8932fa5c7269a29e92783d77,f890978f82d8958f
train,kamyun,train/kamyun/216525295.jpg,5e9af3dbe1765c033d11f92e9552bae9,d28d251d5f929a35
train,kamyun,train/kamyun/216530770.jpg,107ae4c5ee5be17241213da69de3b698,cbfda0873c9a8833
train,kamyun,train/kamyun/216556737.jpg,a50093b95dea4f24b95a97aad89041c5,828f93797c703636
train,kamyun,train/kamyun/216561920.jpg,efc2b4c07c81015ffebc060f8f78e219,dbbef07021218f4d
train,kamyun,train/kamyun/216591450.jpg,650c3835e67bba096f7b1fbdff0f999d,f7ac40c62dc7cd18
train,kamyun,train/kamyun/216599410.jpg,f67384bb42b2b2becaf9f48256d5ca77,d60d257038976d67
train,kamyun,train/kamyun/216697023.jpg,86f2fe06cdab376c80653fc5b5a9a280,d38d201bdfc62935
train,kamyun,train/kamyun/216710667.jpg,8cd59de443534c4384a006208128e536,d61a1b9339929b39
train,kamyun,train/kamyun/216740654.jpg,53db1ffca72e219e8048c17d185e0287,839d9c4ec1678771
train,kamyun,train/kamyun/216801664.jpg,6bb2a835d0f018814d224dad35296f40,d443cb51a32db43e
train,kamyun,train/kamyun/216822835.jpg,14046311fecd7db3d1d7a9e88c937c72,c381be367e12329b
train,kamyun,train/kamyun/216830421.jpg,d5ed08820033360db3850afeb86bb303,dbad2c413470db8b
train,kamyun,train/kamyun/216835885.jpg,3f83ed84605902cbe2664473ac2075f1,e3815e1f2c3553ca
train,kamyun,train/kamyun/216847004.jpg,b876d13175cc89fe604613208a77f818,c2c92d1e239e333b
train,kamyun,train/kamyun/216850661.jpg,ea445f9d0e6c9492eb310c5dda1248f5,d28335703c9fc33c
train,kamyun,train/kamyun/216857360.jpg,8eb36a009c9ff8a2f80a42dd0c203940,d6a93415d2d261de
train,kamyun,train/kamyun/216879297.jpg,9a6b88840aed31773bc7327e3faaff5d,d3e46f8a3c8b2c19
train,kamyun,train/kamyun/216902168.jpg,808e26009e90cf473292bff9993e05cc,9bbf7d7070c28928
train,kamyun,train/kamyun/216945616.jpg,0cc2682486523a74e37c550600b97e8d,d22d24876d33799c
train,kamyun,train/kamyun/216963332.jpg,0e9f3e0a03adeafc99fce7f299fa835b,fc86629c67c3d452
train,kamyun,train/kamyun/216965741.jpg,5b058f10b8766ff126b15847e1b3af25,ec9de39e8a618495
train,kamyun,train/kamyun/216977256.jpg,6f067abd564d6d493c01f7ff1f38d28a,de986526989c65d6
train,kamyun,train/kamyun/216984093.jpg,5203375f4fa61c598d95c258d1a31163,e383c89c9dc3916e
train,kamyun,train/kamyun/217007303.jpg,72f66d5fe3062e9cfd34130ac64c470a,ff438079eb40f289
train,kamyun,train/kamyun/217007653.jpg,c814189d883f5126f2c7d9255cee7fed,d567ea41c23eb056
train,kamyun,train/kamyun/217012663.jpg,3fd9a639340aa8e19823112d33f1eb06,d22b0ab46934fdc6
train,kamyun,train/kamyun/217042067.jpg,5d69d9d19bb42972bf5b4a791f8acf96,fce8a1d728c3d832
train,kamyun,train/kamyun/217067503.jpg,e4b0d9c93f60da95675f0b78b2b0adc6,da80653c7b9e6661
train,kamyun,train/kamyun/217170352.jpg,c964a4574ea02095eb7d8222966d954f,9d032b5ac26ecb66
train,kamyun,train/kamyun/217204099.jpg,29b352819e64386d7d68d48df8eea083,d2dea0213dcbc276
train,kamyun,train/kamyun/217219987.jpg,209decfc57562824f926e576dc55fc79,dabc343282cb2dc7
train,kamyun,train/kamyun/217274801.jpg,bb76982fa9fbd1e40c9cb471225f0944,9a8cfc82823ccfdc
train,kamyun,train/kamyun/217314647.jpg,f5cf640e051be3de5bf5c93b85ba31ae,bc9fcb0de0c28725
train,kamyun,train/kamyun/217341470.jpg,6ba405bc4febddb51be00a1b93aa8853,f88421962f9e7cd8
train,kamyun,train/kamyun/217362261.jpg,d924b19abbbb93971859bed9612e304f,de09236779d6d818
train,kamyun,train/kamyun/217381231.jpg,be4c68be1e68d4195608365f5ea18283,da883564c7c76d8c
train,kamyun,train/kamyun/217404366.jpg,aab05127f13ec43887741d377219f076,fe078050fc938b7c
train,kamyun,train/kamyun/217447379.jpg,0723cd6ba16b465bfda458bc2042ad29,c0c43f6be991d5e0
train,kamyun,train/kamyun/217685543.jpg,400eeb379295d1544728ba11dd8bf61c,a01ead851ee97ea1
train,kamyun,train/kamyun/217758646.jpg,2cb48266881ff455597c41e4f10702ab,cbac24d774829a67
train,kamyun,train/kamyun/217791052.jpg,d9b4732165cffef43070087a2ca67b66,d6c765d89a82c939
train,kamyun,train/kamyun/217798410.jpg,6b6bda621080d3699f2b79f9842a1ae0,c61b2d656984d39e
train,kamyun,train/kamyun/217824671.jpg,a72cdd96f28c1597646a0a2bef670028,d61a6cd4387bcc34
train,kamyun,train/kamyun/217826064.jpg,f6f95ed0afe352418d46b050e34d4925,c3e5e67c38923178
train,kamyun,train/kamyun/217917607.jpg,fe7f95bbb1e93dd33c49d76292f8f911,d60f8c90397d7998
train,kamyun,train/kamyun/217935251.jpg,95de674e12374db31e4a671cc94c44a9,d60b296578c66c67
train,kamyun,train/kamyun/217939203.jpg,b7e047972d1e7a00938add2fb0af8d82,9ab834da69c7ca61
train,kamyun,train/kamyun/217955185.jpg,dfdba2ef29e5990463693d9f5cf0fa2a,dab16b0b3c989933
train,kamyun,train/kamyun/217957818.jpg,9a77e3fc4fec2461e8ce7afeb01c4f40,f8c8e4a09f9e9a38
train,kamyun,train/kamyun/217960658.jpg,0b2ed74652bc442a35c51b1de3498e9a,eea271426955c7c9
train,kamyun,train/kamyun/218000155.jpg,07cbd56d971861f67e8d838117371fbf,d623398668947b97
train,kamyun,train/kamyun/218018095.jpg,dd63a57131c25070f2ce568c322128df,c26906357cd6c967
train,kamyun,train/kamyun/218018334.jpg,0eda618ce6de8d0dfb7c774a5c124bc2,df39267065d26d30
train,kamyun,train/kamyun/218043863.jpg,cf61023564539427693fbf2ff2e610c6,c62b396678963996
train,kamyun,train/kamyun/218104347.jpg,8b5ca038842adb3e2b62a6bd0d633d92,d65a0b971826379b
train,kamyun,train/kamyun/218146720.jpg,86f066b58f02c0b75ea5746b98d9f374,ff9390c32c2d3c70
train,kamyun,train/kamyun/218154755.jpg,b39175f7b813e1af08c6561de3148de5,a9fdf0809f9e3860
train,kamyun,train/kamyun/218161653.jpg,59135fc804e3cbbc36085c62f47d2c22,c2a8bcf574da8263
train,kamyun,train/kamyun/218181782.jpg,8fa2842bab61feeea83c47f8b8c78bfd,f49a87d583d1ec42
train,kamyun,train/kamyun/218187257.jpg,9b81b0bcd942fafaa14b75e328fce9eb,d39b35522825c78f
train,kamyun,train/kamyun/218231967.jpg,fcf3b31997bc21bc4e8d7193134309ab,d60f2979613161d7
train,kamyun,train/kamyun/218240059.jpg,00b96720cdba897d14eca1dde7e38def,d23cc178cbc23d3c
train,kamyun,train/kamyun/218259349.jpg,836a18497211bb8283c76450307151b0,fc0787d5987095c5
train,kamyun,train/kamyun/218279195.jpg,a59145028a8c2ba2b318dba2023680fe,e28dcbed6c262466
train,kamyun,train/kamyun/218320799.jpg,5dfaedc6ff427c8d854511e03e312dff,f5798214bf1f9481
train,kamyun,train/kamyun/218352715.jpg,1160367a3b9efb58432487c9aa021b7f,8ba97438b597cb84
train,kamyun,train/kamyun/218431091.jpg,2ed9592b69f4217672547dcbccfa1eac,d2ede37121c38d25
train,kamyun,train/kamyun/218464321.jpg,774188e12826f1b1b10fe02c3786c734,821f5ec369c9d30d
train,kamyun,train/kamyun/218465748.jpg,be3bd86e59b57fc34b148af24ffdf410,d6cf7d783c946028
train,kamyun,train/kamyun/218528089.jpg,2738e4f3982f99ecfb13af98f2fddcc4,d60e34814f356bce
train,kamyun,train/kamyun/218532550.jpg,39b913d1db100ad2b286910df48ff4b7,fecb65528ae56430
train,kamyun,train/kamyun/218555708.jpg,ba486f9f1e51c804d9c0533ca38d1d94,ffda606160c69639
train,kamyun,train/kamyun/218558741.jpg,d6de59ed8f4ff84be46aa946a0f09afa,cdd93acd300699b6
train,kamyun,train/kamyun/218562055.jpg,e09d3d511575125313b60a1c8dcf12e3,cf94add930c38327
train,kamyun,train/kamyun/218562973.jpg,278271149a14c8af052aff647669706b,da978ad639da248a
train,kamyun,train/kamyun/218585529.jpg,a1a4ed31d72714e7310016da086008e4,f46e8f0580789f8d
train,kamyun,train/kamyun/218586502.jpg,20b859a0bb162bdcfc8578099fb87284,c6b82fcfc2866165
train,kamyun,train/kamyun/218594904.jpg,6a4b7707ad504a8e2cc690db138e0420,d28fac348ed2c23e
train,kamyun,train/kamyun/218626203.jpg,0efa6a812b4a93138978e7a200b5c80c,c57f807fd1dd02c0
train,kamyun,train/kamyun/218644842.jpg,9e52f4d0c5f885639c5173ae636baae8,d60e3c381dd62e3c
train,kamyun,train/kamyun/218662990.jpg,5796c99777d26b24dd5d9bb93b4b8604,a141d701eadbc85f
train,kamyun,train/kamyun/218665199.jpg,67e4215e52238b11096ce580acd5162d,c3677c743c83219b
train,kamyun,train/kamyun/218697288.jpg,730f80abd8fe378fa0d3cc77da424e30,efb8a611c7c61c19
train,kamyun,train/kamyun/218698955.jpg,640b888bd74f6ae15d42464c00eb6829,da8eac902d7d25d8
train,kamyun,train/kamyun/218706352.jpg,98706e70dd2bff24fd0cb2865e31d080,d2f6a02979c26d33
train,kamyun,train/kamyun/218714519.jpg,a468ce77d302e047c4e82d4d9d509509,fd3840758b730a5e
train,kamyun,train/kamyun/218715050.jpg,017bcc2cba5964355fdca0a6a56126ce,f2552a512a4d9dec
train,kamyun,train/kamyun/218719172.jpg,c005850f0387ef9724a86ded63e47b1f,9fa974da3992222d
train,kamyun,train/kamyun/218719693.jpg,0d2fd070277a21b66e4108b4de05091f,ede2f4d9e0c03127
train,kamyun,train/kamyun/218720188.jpg,1a621aac5d2dff5c5ef39a8ca9e0e8b1,ebada7529acba060
train,kamyun,train/kamyun/218722185.jpg,76c6778f42a47efb54dad986d176a90c,d287a77c7c50902f
train,kamyun,train/kamyun/218725706.jpg,ed80aaef6a8ffaf415e1468bafed6a43,8ab535d27592cb49
train,kamyun,train/kamyun/218728490.jpg,385bb61da3efddaac4ee531b3ce4ed5d,a38fbc50382b97a6
train,kamyun,train/kamyun/218729502.jpg,c17c7d9d34867f11ff41392bea693eb3,d2dea0013d59d771
train,kamyun,train/kamyun/218733055.jpg,bec4a139f012c72d1322ede3701384da,eac3c56a3536323c
train,kamyun,train/kamyun/218753345.jpg,93ca6b02e24104872e3fec9437916d28,ba9f94873d309097
train,kamyun,train/kamyun/218760762.jpg,d61844cd4363312e4cc86f612afa6ba9,c74932936c3e399a
train,kamyun,train/kamyun/218764401.jpg,3f8f12a39f87a26bc4fbea0297273532,ace99b1139cce436
train,kamyun,train/kamyun/218778629.jpg,2c97fb8d35aff98e3edb152193103948,a897d4933d92cf24
train,kamyun,train/kamyun/218793846.jpg,19de858ef104ebc2721a0837c7f96312,bf9aa16150d7c64a
train,kamyun,train/kamyun/218812834.jpg,f0f356567b70e24bd4f1fa1332f82e3f,cadc35c22d2fd283
train,kamyun,train/kamyun/218827750.jpg,28352bd0629c8a3fb2f2d886bfc14a78,f3838f985cd282a7
train,kamyun,train/kamyun/218828446.jpg,64a37326892b614bce85d67cfcc3849f,8bbcf0833f616332
train,kamyun,train/kamyun/218833324.jpg,86f9b28a46d0923402e57e9604e300b0,c92237fd26c9cb84
train,kamyun,train/kamyun/218833657.jpg,f6c1759541bfc9fc9910e1f9d9d63212,c9b3238c472b9997
train,kamyun,train/kamyun/218843937.jpg,7d8c00bc473d7ee0f07202fab510b5a3,e989fad0630ec786
train,kamyun,train/kamyun/218851819.jpg,6573a6655c525529376c37b309bb94ae,da1807253cf2cadb
train,kamyun,train/kamyun/218855953.jpg,329a1dd807b4beeb46ed89e00267daf2,f28c87962d7cb06c
train,kamyun,train/kamyun/218884618.jpg,ed1c691b95b477c23bc0d15a030fe0b7,b417d720824de95f
train,kamyun,train/kamyun/218906168.jpg,cb74eef10e14261e66b456b19e16238b,d22bc2331f962c9d
train,kamyun,train/kamyun/218929209.jpg,1b47fd5e90396932f41d5a1473e42459,d28f0b313c526e6d
train,kamyun,train/kamyun/218935445.jpg,18ce05bda188457e58e69264f82734f3,fda880943c2fff80
train,kamyun,train/kamyun/218936367.jpg,3cfebdccc3dd710d48b776f56ef3f232,daa1a55686cabd61
train,kamyun,train/kamyun/218951158.jpg,a213d34e8b5b6de9b6ae1474bb2af27d,83d8d2c77839b1c3
train,kamyun,train/kamyun/218963215.jpg,79bb6ab176bf10244d14c29552467165,90d27ad0d03a7f33
train,kamyun,train/kamyun/218967036.jpg,73ab538fd393b9582dad8aa2decef23b,a02a9fa53f7ce04a
train,kamyun,train/kamyun/218970183.jpg,0f6773b32851975a4698774adade9132,db1b12f27911c6cc
train,kamyun,train/kamyun/218977616.jpg,59ec73e71c1429bf54d8809337fb391e,a855817e82f583cf
train,kamyun,train/kamyun/218979754.jpg,34f1b21bea8a540cbe3c84f814b196eb,f08f8f928d3d3470
train,kamyun,train/kamyun/218998994.jpg,57da5cdb91e18c70c0fcb58fb97fcf14,cb93a5dffcc8c020
train,kamyun,train/kamyun/219000438.jpg,666416fe4f172a519bed3763afbd9f52,87ad31836d62b993
train,kamyun,train/kamyun/219002808.jpg,580a099abfeb8df3e04c3b26a3d60d7f,cab53d46ca9a2569
train,kamyun,train/kamyun/219027696.jpg,48cbd0332943de61b2c107e4adc99a92,d2859eb02f1aced2
train,kamyun,train/kamyun/219057756.jpg,eedd4a1d9315905ecc26b3d20920c26a,84e56d780f813cf3
train,kamyun,train/kamyun/219064884.jpg,c43d3be4d88fbc89af4bf07ed538dc0f,f0d73d705a94cac2
train,kamyun,train/kamyun/219095831.jpg,c379831660eb19999f4356659e039c5f,d5c09e6b688c6aad
train,kamyun,train/kamyun/219107667.jpg,435d64fa3ee5feee90002244f75d77d3,802e7eb18b6ccdca
train,kamyun,train/kamyun/219126289.jpg,7de516d70d61e56ede0ec6d059027bcd,d52fc0ed2e686c68
train,kamyunet,train/kamyunet/193171555.jpg,96d75a20cfa2948e7fb9b77b715ad12f,9ff83c03e1c3382d
train,kamyunet,train/kamyunet/193234027.jpg,debc7489314606c107b3b8b8ce53a9b1,bdd083ce4ac39b38
train,kamyunet,train/kamyunet/193372049.jpg,405c34af4c2be6e28d0d3241e5a59a3c,add8d00bb6cf9229
train,kamyunet,train/kamyunet/193903806.jpg,acc7d2761194e10ce67b7968f985633e,d2ed60823fc7b630
train,kamyunet,train/kamyunet/194270924.jpg,d7659f964ee92cdfd98f05372a68566d,9ec33877629c638a
train,kamyunet,train/kamyunet/194277690.jpg,6464de2a76b58876614515857fab0eed,c9a7349436c9c93e
train,kamyunet,train/kamyunet/194278256.jpg,e5ddd075ea3f68be4b443a83db1ae6b9,d7683c346986c66b
train,kamyunet,train/kamyunet/195219977.jpg,7516ad91ef1bae492b521a8931300ad2,97d6d80f70da6069
train,kamyunet,train/kamyunet/195578789.jpg,0e2814215efe28a9d793bfa6437b3784,dea9aa346d828ac7
train,kamyunet,train/kamyunet/195670551.jpg,5727eaceed403f81d903bc5cb84479cc,87a16543713e8767
train,kamyunet,train/kamyunet/195923707.jpg,b46908165c20a5262bea65275554b052,812133c76d1eb379
train,kamyunet,train/kamyunet/196412320.jpg,8239f52ba7c14bc3a0d8139e632d5080,f2c125326dcfd24c
train,kamyunet,train/kamyunet/197387270.jpg,2ed5f91e5f74eaa15f0648e0ef668804,d292389c6f966569
train,kamyunet,train/kamyunet/197510266.jpg,14e500071888f5fa635f81759331fb54,da438b4b957cd434
train,kamyunet,train/kamyunet/197524191.jpg,4a5f3b2b974f1b9808b171cc95838b9d,dade6c6061c39678
train,kamyunet,train/kamyunet/198199671.jpg,9b827788f95d0c8127e845544e068146,db962932347de2c8
train,kamyunet,train/kamyunet/198247089.jpg,394301e2935c5f352d8de0787b61424c,fcc6406d65c3c49b
train,kamyunet,train/kamyunet/198438253.jpg,fa467c6ba3d62a189717fd37f11d6906,cad5252af442fa2d
train,kamyunet,train/kamyunet/198458220.jpg,7356692b86591f65b218a42bbe6eef39,ded8f08361c3c3c6
train,kamyunet,train/kamyunet/198810534.jpg,4b7bca6aadc5bf65d0ea84a81c0bf33c,e896878335d89e9a
train,kamyunet,train/kamyunet/199179018.jpg,ec6cc0adaa5d2cbb97c8d799047fd56f,bbf00a65606bc795
train,kamyunet,train/kamyunet/199644443.jpg,ef8be9c18fab573e48ca5e09f3590039,fec124606dcb3cc6
train,kamyunet,train/kamyunet/199773210.jpg,327c705dcff8f5ff4d165f0c13ce46a6,f887c324743e35d2
train,kamyunet,train/kamyunet/200359181.jpg,5d84d66433b3369bfdfb15c737ff2741,fed08716396c60c7
train,kamyunet,train/kamyunet/200413006.jpg,b20df1767d53cf925fe837d2a149d540,a5d9928f9ac89b25
train,kamyunet,train/kamyunet/200460350.jpg,feb80071e995c6040111dc19e020c558,f88c879e36b08787
train,kamyunet,train/kamyunet/200467078.jpg,1eed1eb908e1eb08c0ab024103c9a824,d6c46d6860e6cb71
train,kamyunet,train/kamyunet/201261809.jpg,780047b39d2bf566b05b846efe518d9e,87babe24799161c6
train,kamyunet,train/kamyunet/202188960.jpg,f40f90cf6869d753bfc89e1092ea02eb,9cd163878d9c694d
train,kamyunet,train/kamyunet/202198620.jpg,6b04867707ab3cf6516df64d94a4624d,afc2ad3834c5c5c3
train,kamyunet,train/kamyunet/202691204.jpg,fe638917bf704f5aef96cc7167e6109f,c7a1ee9cb0b4629c
train,kamyunet,train/kamyunet/205077309.jpg,c203617a47f23fac0c9a889ebdae557b,d1c36a2d91706eb5
train,kamyunet,train/kamyunet/205403787.jpg,1f95a8f3e8ae733f985e1236b3058e9b,f29d9572a7619c42
train,kamyunet,train/kamyunet/205841640.jpg,197c8289ddb9b7eda3a135b024782691,ea9ce261616b6665
train,kamyunet,train/kamyunet/206542315.jpg,3531af7c5bda772b65c67844fdb4b337,f1968231a52d9f65
train,kamyunet,train/kamyunet/208830517.jpg,513728f03e64f297850f64d95aa12614,d2d66c4932cdc936
train,kamyunet,train/kamyunet/208870069.jpg,d929af3ce9107c69e559d22117930d80,d3c830873d33cb9a
train,kamyunet,train/kamyunet/209541758.jpg,6a677c6fc6040ae6c0db02151a57d92e,ff7aea76d0748002
train,kamyunet,train/kamyunet/209546498.jpg,4c4ece8c644bd91f75468e9b96077f96,f5c62ab4830f3497
train,kamyunet,train/kamyunet/209724949.jpg,512243d98aa80384966fa168c761d32f,d0831fd43f4e80db
train,kamyunet,train/kamyunet/210064050.jpg,83bb54f8b121fa13e995d9ae75a91435,d5db3a80212f9735
train,kamyunet,train/kamyunet/210099989.jpg,10cc3f21f1ba9c1946124bfe5452fda0,b5f52e02d06a7bc2
train,kamyunet,train/kamyunet/210127639.jpg,ded6cdcd59777e850694fdc37f7553e2,fc708250903ff63d
train,kamyunet,train/kamyunet/210504161.jpg,c37cccc73af2543e33b1828f31f024af,cbd35a3a31743c23
train,kamyunet,train/kamyunet/211358345.jpg,b92318535288cdcc1a325be61fde1fbd,dede716930208f35
train,kamyunet,train/kamyunet/212033747.jpg,857f203675013f8683e77cb60d27b5b3,aa7ee7029027ef28
train,kamyunet,train/kamyunet/212046691.jpg,2b5fea6d552b742fec26050f6c3411ea,dd55c05083d2b4bf
train,kamyunet,train/kamyunet/212119384.jpg,07fbf6ae408f5ac918dba57d9949e723,c2e87f9738879609
train,kamyunet,train/kamyunet/212928506.jpg,d884a7ce106863badbe8938a7bd9891e,c38f7d7925643c30
train,kamyunet,train/kamyunet/213311124.jpg,e4f7c02178feef50ffd78cfb47b7f50f,cbc13c1e6536362b
train,kamyunet,train/kamyunet/213332262.jpg,a2c033ace76ccae5cc0ace61ce4a244b,d696687965653c70
train,kamyunet,train/kamyunet/213479569.jpg,f223e0596b214c11600e61b65024eb1b,c3b59e6879342c96
train,kamyunet,train/kamyunet/213481023.jpg,50d439a103194f8109411235c42362f5,ca9c357674c38b2c
train,kamyunet,train/kamyunet/213482233.jpg,24925f69f9e1862d0ff24e0e854e8726,d4d0aad2932adf4a
train,kamyunet,train/kamyunet/214284950.jpg,cd5f5227d79d5dd58c1a7e1ae0da742f,d7d2287925cb6760
train,kamyunet,train/kamyunet/214285219.jpg,323088ab99e250dde027f18e9636cc04,d69678606567619b
train,kamyunet,train/kamyunet/214321010.jpg,a6f1da10efefa8756c1d6ece5778a30d,967c5a39a8876d83
train,kamyunet,train/kamyunet/214358573.jpg,9fa81094fb75c6d8d55276b616b12ccf,8050ff90d01b7e3f
train,kamyunet,train/kamyunet/214641253.jpg,39668733f215dc45cdb3c3056d941cec,d0528b40f42fdbbc
train,kamyunet,train/kamyunet/214773624.jpg,aff2098faccd045c886c09328102cee8,d2bc687832d329cb
train,kamyunet,train/kamyunet/214845535.jpg,b2a76fe9f7f452718033cb725b51b859,ce96ac6960c1e727
train,kamyunet,train/kamyunet/214925670.jpg,383d0a3c7362f90bf9b9d5bd4aa13c6e,d696286969e3c729
train,kamyunet,train/kamyunet/215104341.jpg,52aae36b132fb31bd9dd4e3e06a85752,da96786961696731
train,kamyunet,train/kamyunet/215175729.jpg,9a8bf5277e4ca267ecd10cae74c2d038,add09dc3d0cad0b9
train,kamyunet,train/kamyunet/215188569.jpg,7763fbe629028009372a5861f2ff8689,a8892dcb652597c7
train,kamyunet,train/kamyunet/215242068.jpg,64de4bdffc59a675e716609a12fc6eef,cbe961839f9a6870
train,kamyunet,train/kamyunet/215286925.jpg,a37619783276ac70529bc05ab584aef9,c180aa17c36a7f5d
train,kamyunet,train/kamyunet/215345300.jpg,70e90f874cd0eea8e8553a517db148d2,daf461608b9f2cca
train,kamyunet,train/kamyunet/215569282.jpg,5e06ccd05f8f4c63d7b67d3ce05d3658,d5d0fad68a706343
train,kamyunet,train/kamyunet/215589180.jpg,f86c1f7d6b867f452d037cd8cdb2bbb3,9797adc3703a8265
train,kamyunet,train/kamyunet/215600811.jpg,0ae3692c766f1cbda3af4e037a5f13d1,da8c2d796192c735
train,kamyunet,train/kamyunet/215612697.jpg,a8e12d64900dd4c83068b2d34199acfc,b0875ed5693ec11c
train,kamyunet,train/kamyunet/215613977.jpg,49e7283f73a1e7bd2520e095f459dd3c,fc0ea97994788969
train,kamyunet,train/kamyunet/215618855.jpg,9a404eeaf14a1ff4b696af487d179212,c493b1fcc4e3915c
train,kamyunet,train/kamyunet/215671765.jpg,0e35faebd9245b4f9e09a0b7331c1b86,de9cf860214b2775
train,kamyunet,train/kamyunet/215685158.jpg,8f236f476c30bf7fa046fdb840ba44dc,d0d4fa35bf2ac242
train,kamyunet,train/kamyunet/215687118.jpg,867ff16b75d66fc6629eee1ef79c68c0,d4d4bdc2d22dc334
train,kamyunet,train/kamyunet/215687961.jpg,a63f4eaab289354695a28b0f46416ea8,dae33c753abc2190
train,kamyunet,train/kamyunet/215699541.jpg,eee5289c5a7f4de526f5dc12d9a46f7f,951def50d178c3c1
train,kamyunet,train/kamyunet/215708185.jpg,03ee28dddc84f2fd4dcf2bd96b5fd0d9,d2ab3f976078822b
train,kamyunet,train/kamyunet/215756767.jpg,3459dbfd1def4d9aac521786cbc5dce0,d63c2724389e5b63
train,kamyunet,train/kamyunet/215757279.jpg,596b54dadca313e470beb8898f3c78c5,c3c1bc343136379e
train,kamyunet,train/kamyunet/215780691.jpg,db67279e9f6b0832b5f2076763fcda8e,bcdacf813e7d2048
train,kamyunet,train/kamyunet/215789530.jpg,5d32b282795c0cc555c04635477ae2e1,c3813c7771d2325b
train,kamyunet,train/kamyunet/215795207.jpg,caf156e4caa3e3ec466a690da54d5a85,853efe41ca7ce01a
train,kamyunet,train/kamyunet/215801211.jpg,ab76c37844f59ae4aaa4ca59ede03e27,d1995a69ad947a70
train,kamyunet,train/kamyunet/215829451.jpg,3e7d5dcd1efe51b35bf7c942368a553f,dea1257763daa061
train,kamyunet,train/kamyunet/215839717.jpg,0e39873b67af1422a206d4c25c1df097,d55ee8d09013be6a
train,kamyunet,train/kamyunet/215847280.jpg,19f2c881de59760d598b501369f0ed8a,d58b7a98686ab594
train,kamyunet,train/kamyunet/215862632.jpg,6808108da24de5cb28977bc1755f2792,d66b38619e966b90
train,kamyunet,train/kamyunet/215884288.jpg,5c82cef40d21ae3acf64910ca793d992,c048aa43cd6b6fb5
train,kamyunet,train/kamyunet/215904707.jpg,d3d3487f73f80865f423e004d8672b4c,96ded926218673d8
train,kamyunet,train/kamyunet/215906129.jpg,ae58b79048781e96b1bf09eff08036f5,d4d3c2d0826abe4f
train,kamyunet,train/kamyunet/215916570.jpg,e1de7f94a791772aef133b8985a39acb,a9bcf092869e7c34
train,kamyunet,train/kamyunet/215917528.jpg,bcc90a1b7862a5f442203c01b6931d92,c681355e739baa61
train,kamyunet,train/kamyunet/215946155.jpg,60781c74ba764bed89a574c9e29ff8e0,c38ded52787087c6
train,kamyunet,train/kamyunet/215951406.jpg,4cdd7a6c62100dc187ed97491be46c6f,ebe940938f7a60c3
train,kamyunet,train/kamyunet/215951709.jpg,1aa44ed7353ed62f73a6f22316cc77fb,d58387912b6f1f81
train,kamyunet,train/kamyunet/215961412.jpg,baf122b437dd6cc937cb35122e881cf3,d2ea298b34cf253c
train,kamyunet,train/kamyunet/216006559.jpg,867acda02fd081139692445cd87b219d,ce81b17635da9a23
train,kamyunet,train/kamyunet/216019031.jpg,d374425d6fc4e97f0efa70fa6195f7c0,d082e375bb0a8a3f
train,kamyunet,train/kamyunet/216022236.jpg,c1409d987d268113ab77f38e8b028b96,db8b2dd0307c833d
train,kamyunet,train/kamyunet/216027967.jpg,1e4f7035f863c7d59c05c8ecd03c3436,cbd9f67f84c22c20
train,kamyunet,train/kamyunet/216030677.jpg,17b24ecab12c133ba966fa5429f818c5,96567a2938c26f69
train,kamyunet,train/kamyunet/216038703.jpg,4897b356ab78fd07c57ebb66472d74d5,d78b3c7925343538
train,kamyunet,train/kamyunet/216039206.jpg,10ec50186df406d444a79ab7dcc99d4e,9ab57df8988661c2
train,kamyunet,train/kamyunet/216045870.jpg,7568c1784a0481c725a6ae417d0da6b8,c545ba16e56bd330
train,kamyunet,train/kamyunet/216071433.jpg,42a7113c830d6a86b304d098f16c32a9,c061e261d3c66df3
train,kamyunet,train/kamyunet/216084425.jpg,bbd084b3690d86e3b88eb236b5d966ac,81c0ff0bd53c6e15
train,kamyunet,train/kamyunet/216088991.jpg,c8b9d83dde2e1012ab19ef6c7f3bf246,c3893c3e34963793
train,kamyunet,train/kamyunet/216104417.jpg,d62968549df53135962ef4019eb44cbb,9ed6784961476719
train,kamyunet,train/kamyunet/216318337.jpg,99dcac248574bfe593f937a4a5501f9a,c6612d359e363996
train,kamyunet,train/kamyunet/216417572.jpg,40faf7b07ce0728bb144bc4ce5dd16b7,d4de9a802a7e952d
train,kamyunet,train/kamyunet/216433007.jpg,7f935058ca8eb2cb7a7aa8058cccb8eb,b5d5f4c0426b6969
train,kamyunet,train/kamyunet/216447524.jpg,0fd50d9adc74464921f93d9909e36c7c,ed89a33c863e3724
train,kamyunet,train/kamyunet/216483357.jpg,1e8622e51087387f031007b7879ac0b2,8787f087e078b4b5
train,kamyunet,train/kamyunet/216491496.jpg,5821b0bcb6c1bcca399ac08cad7f74d5,da9eb051656ba962
train,kamyunet,train/kamyunet/216538122.jpg,ea7e2c7dd84b3b607bdcbccc3d63c7ac,c468b8963d1e9769
train,kamyunet,train/kamyunet/216539171.jpg,6a351912c3addf12e4ceed2aae24d953,8123eb17c73c87e1
train,kamyunet,train/kamyunet/216563794.jpg,6ce3990201c297d6f86a74f62c7ffc21,de9e7c708143619b
train,kamyunet,train/kamyunet/216578494.jpg,c049f82f50d8090dd39801176ecc0c30,822dd73cd6c368c3
train,kamyunet,train/kamyunet/216581893.jpg,d0196a861970f9c234dd913cd65a3e5b,c3897c353c36719a
train,kamyunet,train/kamyunet/216589057.jpg,6583f816536fbb48a9171552a9d83e0e,94258d07ba38e5f9
train,kamyunet,train/kamyunet/216618023.jpg,f9ee2d1a0deeb6ba6011d72d5c1b28b3,cabefe78c0cb2160
train,kamyunet,train/kamyunet/216625819.jpg,39d901fc82c70e9f751d7729ca9007a2,c38dac74749a345b
train,kamyunet,train/kamyunet/216628238.jpg,a891e445b6288acca308121ddfc7196e,9b979873949e9624
train,kamyunet,train/kamyunet/216646196.jpg,d45ce969f24b5c70d7f530f4b349beed,cb8f3878256c3473
train,kamyunet,train/kamyunet/216648866.jpg,db09710bc57c837fa7ef50ef633531d8,925a58a77138db9a
train,kamyunet,train/kamyunet/216733938.jpg,2b21764a63ed3147b53d4d370ac7ffaf,c763383d6394629b
train,kamyunet,train/kamyunet/216738258.jpg,123a8ce9d486ef28e311d01c051a53f5,d1c383439e7ba16a
train,kamyunet,train/kamyunet/216769772.jpg,76d5f6c4f36ef0a305d51b360e724004,cf9638716187649b
train,kamyunet,train/kamyunet/216779337.jpg,3f7755389072af257226438525b3b978,e3cf533a3c3030c7
train,kamyunet,train/kamyunet/216808886.jpg,545f5799327e0567b898ef33340e8ec7,e2877dd03c929339
train,kamyunet,train/kamyunet/216832169.jpg,2d41c7f390aae9d345c86e2d5629711a,da9ef841274f2730
train,kamyunet,train/kamyunet/216833735.jpg,bc4b51070cf29e16faac98a3cf5b2da6,d18187459f5f2c69
train,kamyunet,train/kamyunet/216854381.jpg,aa13d20ae07b10573a048b27a525366b,c3892c753c36327b
train,kamyunet,train/kamyunet/216864100.jpg,dc27341d78cb3fc2adb3971119870844,d5258f05e978c378
train,kamyunet,train/kamyunet/216909763.jpg,322f4b0059d2f257b7d91d0a8ae8ee99,c3c12a1b3c63cb6b
train,kamyunet,train/kamyunet/216934910.jpg,fccd83ed10887a52d17fab824fa6cd62,8094fec3e43c9733
train,kamyunet,train/kamyunet/216964385.jpg,ad058e7d44162817c86d1616273257a0,caa53d74329a35d2
train,kamyunet,train/kamyunet/216973054.jpg,6cc7056136dba474767b186bd80fd0d8,e9bd905296c99e68
train,kamyunet,train/kamyunet/216984996.jpg,ab94b52116691e1608255d7efde0976d,d2079f3c21a39a2f
train,kamyunet,train/kamyunet/217008914.jpg,2e90c9cc7f8c256daa6a9d78a90d4771,851a9e17fa06979c
train,kamyunet,train/kamyunet/217031973.jpg,8e03c17c0360bf3ad55a5f1f5714380d,9193b392313b772c
train,kamyunet,train/kamyunet/217054200.jpg,5ac372cbd4b1198e8464f1d4cb500c0d,8abd7191969e1b61
train,kamyunet,train/kamyunet/217054853.jpg,311ff52c8520f3c00481abe4b88cb58a,d682286925e770df
train,kamyunet,train/kamyunet/217064296.jpg,b470b4e2779ecbce4091a0fb51145b1b,95d43e90053d3e97
train,kamyunet,train/kamyunet/217140921.jpg,44105862e40d0a2445dd2039c853dc32,da94202927cf6dce
train,kamyunet,train/kamyunet/217143476.jpg,608fbfdf432fc9fe82c4fb8492db3c43,8429b79679967171
train,kamyunet,train/kamyunet/217156552.jpg,b8bde0a7d169024f07462407a6eb5585,da9c7861214f276d
train,kamyunet,train/kamyunet/217185484.jpg,66f42cf6e678498fef536d32ec6ab01d,da9cf86061c72d9a
train,kamyunet,train/kamyunet/217189003.jpg,9a9de90429635dabfd353840b9be75e6,c4878b57bd78b244
train,kamyunet,train/kamyunet/217193298.jpg,b828eeadf5c4755ddf776c572481ad37,dbac243073cb8d35
train,kamyunet,train/kamyunet/217194325.jpg,9381b5e7dcb95e82b04ee029c311a167,d69a386d616574b1
train,kamyunet,train/kamyunet/217199468.jpg,22525de44cf30ea205aceae72ad56f51,cb85fc728d8a3561
train,kamyunet,train/kamyunet/217202775.jpg,1f8de1beac782b172e013d7d7fa57c26,cb9ebc707060a1cf
train,kamyunet,train/kamyunet/217203031.jpg,2c23836f2823b67632c866450c3552f8,c2812c3f6bde2527
train,kamyunet,train/kamyunet/217203351.jpg,bc97995c6ef13df3a3b186d2a95b61eb,cfcb259e30383671
train,kamyunet,train/kamyunet/217206646.jpg,70c13a9ab1e2ccf13085b0261d4e9dd8,c3893c3c363a3a3b
train,kamyunet,train/kamyunet/217328161.jpg,2dc259889aa481d2cfbb116b48372bd1,c3b5345263cb9770
train,kamyunet,train/kamyunet/217425322.jpg,4c65e5597109e459b869e355ed1f9315,d669399661d19669
train,kamyunet,train/kamyunet/217624081.jpg,b61714305e55563b8627e9fdf86b30cd,942fef14cb6ea403
train,kamyunet,train/kamyunet/217743945.jpg,850314b0cce05159ad49b664cdb4ed0a,eccbcf0a283dd234
train,kamyunet,train/kamyunet/217760085.jpg,d4c965f629d801533433f8fad51be305,de9c6861218367cf
train,kamyunet,train/kamyunet/217762819.jpg,bba12b6248b7ba82d7907f8f221b12e5,d052db10b46d5bb9
train,kamyunet,train/kamyunet/217763231.jpg,5ddb8a3d6307b27aa662942fbb84262d,d28e78712c63719b
train,kamyunet,train/kamyunet/217780037.jpg,d5cc03caf1687d37d37eb9ed7bfe9f7b,dabf7c70d89821c1
train,kamyunet,train/kamyunet/217795203.jpg,4b4a99e6d7ea0aa89d0021b3439b8762,d69e7861656361a3
train,kamyunet,train/kamyunet/217800606.jpg,c67c9a916543ff4876fe0e63831c387b,823c5b433d96937c
train,kamyunet,train/kamyunet/217807697.jpg,44db4b98d99473f159045dc8fb04cfb7,cac93d278296659d
train,kamyunet,train/kamyunet/217859902.jpg,e047c8f79e51051dc72491de0126624a,c6612c6dc79e6b84
train,kamyunet,train/kamyunet/217914514.jpg,d11db9a20d7535dfb4f1840f16474553,f0438340bb3fea35
train,kamyunet,train/kamyunet/217948136.jpg,5aa2708dd0bc3a9e06cf25414259d65b,d5c26ad708212f7d
train,kamyunet,train/kamyunet/217958045.jpg,d052c69f8ec22e8002aeb7dee2950c54,de9cf06060cb6765
train,kamyunet,train/kamyunet/217970390.jpg,4cb5321c07adcc5128d0b6d58d12b7e8,8e8c0f3f74cd9a30
train,kamyunet,train/kamyunet/217986709.jpg,b07703e743f5983ae37e12dab4c7bf6f,d69e687169676582
train,kamyunet,train/kamyunet/217999922.jpg,988ce8024bcdc9e3bb1135f306e045ef,c7613c3e639c6331
train,kamyunet,train/kamyunet/218020793.jpg,ca1bc3ae064922531a38137ae933c036,d62c93716cd318d3
train,kamyunet,train/kamyunet/218063376.jpg,2ad48161b28bb73ba49c26f9fb1f4005,dadc35c265318ed2
train,kamyunet,train/kamyunet/218063876.jpg,0fa18be06875158631bc1268f839cab2,cbf73c5870c88665
train,kamyunet,train/kamyunet/218064792.jpg,288171f194742c347c0eb5f3455f64f0,d57efe00a06a9695
train,kamyunet,train/kamyunet/218065087.jpg,33415a32a8fd6a25e667b41a5a9b69d9,a5c1960d9afcd83a
train,kamyunet,train/kamyunet/218071562.jpg,589ad63cd73407a852ac986f43c1a55f,988f7cb090c33cdb
train,kamyunet,train/kamyunet/218130006.jpg,5b9d8e200f65acb8f549d3a7c754cb10,9a95ce67698325c6
train,kamyunet,train/kamyunet/218137882.jpg,5ff44a7f4c46c75e61aac2d4fbc29091,865c536579ca6965
train,kamyunet,train/kamyunet/218166349.jpg,4b445999b4c91f43ed1c2cf316c2562f,cbadbc5222cb9964
train,kamyunet,train/kamyunet/218178501.jpg,6460f13d8482d0137f78db0a0f4e6c5b,c3893c373c363173
train,kamyunet,train/kamyunet/218206459.jpg,49e79de101db5115d52d85ef0e8eae33,f54b8754a890978f
train,kamyunet,train/kamyunet/218324130.jpg,76242802a59d8877a1cccc4f8903cb83,82b730976c62359f
train,kamyunet,train/kamyunet/218324880.jpg,598e37d1c6ab80cdadc2d1ea24cabb81,d2872752aa68739b
train,kamyunet,train/kamyunet/218367749.jpg,070060913b72c7f1d6b5650af1f7d18a,da9ef8602f432746
train,kamyunet,train/kamyunet/218410038.jpg,c6aa7fc6f7f0796a1a00a535f3aabe97,da2d0f70889375c7
train,kamyunet,train/kamyunet/218482181.jpg,1d3233b946f1b436d0fb35ed70be63fd,a9cffc30989a6961
train,kamyunet,train/kamyunet/218541002.jpg,686300891d8deb4ddaec9e6bb28bc9bc,d16a8a458b5b3778
train,kamyunet,train/kamyunet/218583813.jpg,34151bba1ce397128efec364e154636d,fd2a804cde5ad0d5
train,kamyunet,train/kamyunet/218587067.jpg,3ed517792227469fd69608f2a5669c85,dd85c733806a3e72
train,kamyunet,train/kamyunet/218596985.jpg,8c90d4702104524393fd097a76d9a764,d5abaac529d482c7
train,kamyunet,train/kamyunet/218624593.jpg,33ca82fab635df4045290e7ed8223601,9483aa55875e9477
train,kamyunet,train/kamyunet/218683897.jpg,1a323c02b66f8e50934b566f57615f0f,de846fda30988e3c
train,kamyunet,train/kamyunet/218712588.jpg,7272cadd195917cb3b5e9049e4c74829,d585aa50c12f2e3f
train,kamyunet,train/kamyunet/218713895.jpg,a6ab966f1dab4946eb2aba9658f695a7,8fd58f6360872a9c
train,kamyunet,train/kamyunet/218716430.jpg,2dc3fe9edb8134685c5bc6fc059f12da,ca9fbc4025619b8f
train,kamyunet,train/kamyunet/218723178.jpg,d72eb92f0c645112f900817ee0d01249,ed9096faf0c03378
train,kamyunet,train/kamyunet/218726050.jpg,4f882e3859ee5f2af9944e91b3422f85,caf121cf7fd260a0
train,kamyunet,train/kamyunet/218727216.jpg,d830d8e0781b9415659f45a8af6152e8,cbbd7870bc9a4660
train,kamyunet,train/kamyunet/218756122.jpg,eec718c90503ad24d037bb87d5ef3d3f,e98fde9280996725
train,kamyunet,train/kamyunet/218756357.jpg,35bc44f01736efaae2b3928506366dcf,fe8821c4e28b8f75
train,kamyunet,train/kamyunet/218777039.jpg,1e80d3c2a5a6aa4ccb83190f639f65a5,d5d062d4c37c6e62
train,kamyunet,train/kamyunet/218804420.jpg,c15fb65b6dd529a52740f409d5afe24a,deca216d6c336564
train,kamyunet,train/kamyunet/218813969.jpg,26378ea9a366730747d2f8ad03cf7652,d57cf28369362619
train,kamyunet,train/kamyunet/218825517.jpg,db1c9e051e3e9379983e213b20ff0933,da96397964e96170
train,kamyunet,train/kamyunet/218839669.jpg,7d7825303e7ee38c7c5306cc4ca3d716,d22a096739d749ce
train,kamyunet,train/kamyunet/218866893.jpg,7f1947a0a70fc669c35cf127dc7ae2b5,c639b86599966c33
train,kamyunet,train/kamyunet/218872188.jpg,0434ff4092f1cc4fa35c938ad966ef69,d669386c7996619a
train,kamyunet,train/kamyunet/218878704.jpg,4bd97dec59c9cfbc2b267bb02b0f8811,eb9e3cf8f0cc8230
train,kamyunet,train/kamyunet/218892809.jpg,2ce763aa209556d650f8e738adb0032b,eb87a575343a9318
train,kamyunet,train/kamyunet/218946635.jpg,c084be8d460398c87c1b3d1013dc08cd,e18dc6da2829d753
train,kamyunet,train/kamyunet/218948404.jpg,0b540c5eebc2170aa83b85b0dfd10c6f,f2a5077a0c83cf6c
train,kamyunet,train/kamyunet/218963223.jpg,74d64f108946cd802dbb89c1e7a9816b,ff80f2dcc2eac0d0
train,kamyunet,train/kamyunet/218965460.jpg,89218953d924d2fab39b401f86f1a86d,c08f7af0ccda60b9
train,kamyunet,train/kamyunet/218973447.jpg,9c42b3b660cfe0ae0cb6d5788228c719,d4438b54a70f30bf
train,kamyunet,train/kamyunet/218974741.jpg,f9dba067fb866eb41c1b9d7e2ce63d29,d58b87876a7d9580
train,kamyunet,train/kamyunet/218983938.jpg,e0ffa52c418fe09d2c0e462fb4c21b9c,d51a4a841e3e657b
train,kamyunet,train/kamyunet/218984358.jpg,d1c627265d49fd8bd5e3aa8df63bca0f,da98296b6ddd3428
train,kamyunet,train/kamyunet/218984813.jpg,c3de2d50e1870860776880bfbf46e2f2,85788f458f68e72a
train,kamyunet,train/kamyunet/219008632.jpg,fcd1a294fe748710ced3b742195cc449,dfcd30c220cdcb6c
train,kamyunet,train/kamyunet/219008707.jpg,8b924fdcfb8270754ec42be0a6d8eef2,d0d5eae5ea1c90ac
train,kamyunet,train/kamyunet/219011995.jpg,6a2f0bdfbdf3502780f7376646f416fe,cb8f3271ad6d3052
train,kamyunet,train/kamyunet/219017445.jpg,9dbc612a99822ebcaf53932f802e20a1,dae461cfc6c034c7
train,kamyunet,train/kamyunet/219021636.jpg,8a1c81d6f4c6c5f94d4678aa643f195f,adcd91c7d2c89b18
train,kamyunet,train/kamyunet/219055863.jpg,0746c8cb9a098b2acf0b979a2ccb116b,a56ddf0ad22ac923
train,kamyunet,train/kamyunet/219060424.jpg,fc553237b292766424fb9aa02e83d535,85fe7844a3c27c36
train,kamyunet,train/kamyunet/219069952.jpg,8e7f05001b691291e4687281f15bd849,feaa886d43942a6b
train,kamyunet,train/kamyunet/219070364.jpg,ccb1cd20b5c87e8e464e06ecf51e4ecc,d463493c5ec29ca7
train,kamyunet,train/kamyunet/219082928.jpg,47cb7025bdc8d07c6c17c7cb0fdbd845,85822a5c17d57e97
train,kamyunet,train/kamyunet/219114546.jpg,3ddd92aed6c80f218ceb1d42f578c065,958f840f2ed27e70
train,kamyunet,train/kamyunet/219118055.jpg,79356c0b7d4ce9d544e6335c26708c75,858b803b2ec53f75
train,kamyunet,train/kamyunet/219120783.jpg,59b286a0e619f655bcbeaef03e511149,85ad5a5e3fd03c81
train,minibus,train/minibus/193167614.jpg,1117b6813c1309df427ad51a970e5d10,8bd0d4037f97f860
train,minibus,train/minibus/193880181.jpg,af0f0486ee74b888b8c9c29d17e8388a,93cb7821692cc7c7
train,minibus,train/minibus/193927778.jpg,3aa75cfdfe3a43cd1b79287f8b0d7327,84da3c256fe1962d
train,minibus,train/minibus/194601918.jpg,8bacc79092ce8901c483d0d2d23caa24,8ec97530389e6d4d
train,minibus,train/minibus/195315678.jpg,d2ef2af605287d42dc1097b0d48a78ae,d69e28716169c76c
train,minibus,train/minibus/195315739.jpg,3b94d7b96e8f93f075c2698daa658469,d61a31736b872c9c
train,minibus,train/minibus/195644491.jpg,6e1424be4ab9b165450d3626c294a525,9fec748328dfc068
train,minibus,train/minibus/196234914.jpg,247a047ae9485f4770286490566a9cb0,8f69e936b012eb29
train,minibus,train/minibus/196261888.jpg,ba554ef778f5c23c614c714931d3c116,cb8f753470969269
train,minibus,train/minibus/196385182.jpg,79495b17b6fb6bee2a25e4e99d2475e5,83fafe2d2886683a
train,minibus,train/minibus/196386397.jpg,9fb75746a8e2ab60082a0ebf9858aa81,ddca69476330962b
train,minibus,train/minibus/196752594.jpg,be61cbf901f1955d4c2068b2c77f392f,9eda7820613dc3c7
train,minibus,train/minibus/197142055.jpg,f301b70274d3c7b4e82f394196a55cf5,dabdb0c275ca502d
train,minibus,train/minibus/197490596.jpg,c847ba06868ca09a8b84ce5603b6cba6,87da6c3469978279
train,minibus,train/minibus/197855728.jpg,9e9c791834ea3fdaa0edf774e3e397cb,93b250656dcb6c93
train,minibus,train/minibus/197892143.jpg,23638f8590b5fafa04d839c0bfd45c18,87f8e72c9264cbb0
train,minibus,train/minibus/198084245.jpg,fcaea0a8d889b559a5db3599c7a2fe5f,d6c22c6f6cc3643c
train,minibus,train/minibus/198108578.jpg,4241dad42f08487dfe36752e9903d4f3,ce956623942e6b8d
train,minibus,train/minibus/198331521.jpg,b17414f131abed92d3210dd196ce360f,923e79256dc36ce0
train,minibus,train/minibus/198398123.jpg,ddc7dc43f203fb3c61c1415a4668dc75,dbdb693468c63039
train,minibus,train/minibus/198432863.jpg,03ac0dbb594c56b32efc2b809d5cc6f9,96da682569877936
train,minibus,train/minibus/198466093.jpg,1711de367835d6e7b11b87b5a394d030,d6da68e169c4e638
train,minibus,train/minibus/198472825.jpg,c6d5e4602554aa18c616876527da775e,8bcb25b53c966619
train,minibus,train/minibus/198508755.jpg,83c408d0a56c89358b3090f8d639eb5c,96f869256d876d30
train,minibus,train/minibus/198885269.jpg,6cf61698db11a38dca4f8ed3bf8a1606,8fe97934349278a3
train,minibus,train/minibus/198885299.jpg,6480a449eb30511f91f948652cebc769,92d86d272586c775
train,minibus,train/minibus/199981262.jpg,5ed48cd44d911f1b372f86cf069ea316,e9874b3474929e78
train,minibus,train/minibus/200463401.jpg,697b5d45274543f8396692a44c6926e4,dafc29c274cac278
train,minibus,train/minibus/201364864.jpg,3dee1b496fadb4f69f44aa6855207468,eb8fa07834729371
train,minibus,train/minibus/202222574.jpg,7196525eb05c40de5b13c249a56bd4da,8a386575c3665bc6
train,minibus,train/minibus/202350769.jpg,2f7472ad7faab080bc6b76eb8ececaee,9a9e39612dc3663c
train,minibus,train/minibus/203237495.jpg,38e11d3df0efec877a81346e09fbe186,de8e28296d33c36c
train,minibus,train/minibus/203238526.jpg,fe4f247f8b8b8f2c81835937794c1b24,8fe92436926b9565
train,minibus,train/minibus/203404935.jpg,461f74a9c8362fd569297ccd47660b14,9acb6d252496c379
train,minibus,train/minibus/203677139.jpg,b70681f3baef7228d0f7e2c048f2f918,d7da617586788668
train,minibus,train/minibus/204463987.jpg,b51b9dab8f83d05574f2e7e71634bfed,92be9e963cd89a90
train,minibus,train/minibus/205737488.jpg,356b6b0ea123bc1bb6b37b7f5e0f6e48,da903c7161cbc33e
train,minibus,train/minibus/205763607.jpg,49496288e7b1698b8b2c40f1b4f045ac,ebd65daa461c4552
train,minibus,train/minibus/205808255.jpg,974de0e81a692082e70efb57f57ba6d8,9a973c3165c3662e
train,minibus,train/minibus/205855305.jpg,c44589fe5179b1513f351e1ee88b7039,db96b47034c9623e
train,minibus,train/minibus/205866523.jpg,ca54c7c7630b6038c9d3cfebdff196e8,d2943d612dcb672c
train,minibus,train/minibus/205924190.jpg,575aa1d57369b63246d413a5e6abc378,931c3cf12ccbc36c
train,minibus,train/minibus/205924423.jpg,e2cee0fca7254f9ce2113fca1c48f58b,92943c716dcb633c
train,minibus,train/minibus/205925887.jpg,c520d1d38da2cda3f76c811428acd736,9a9c3c7075c9c32e
train,minibus,train/minibus/205929260.jpg,0c4f24ec038786214db6999892cb6774,8b927431e1c76e6c
train,minibus,train/minibus/205929471.jpg,11b044694d1472fb753b8d3e961b7fc8,9a9394d83c3dc3c3
train,minibus,train/minibus/205930284.jpg,b02bd7c6bc86359aaac0ee8d55aec343,9a9e743065c36e2e
train,minibus,train/minibus/205936989.jpg,44dbdae5a706b4e5d9b1520b4eaa5214,9a9f743125c3662e
train,minibus,train/minibus/205940443.jpg,4ecc8c7d0c2fae300b1dc86963e5648f,9a91747565c36e2c
train,minibus,train/minibus/205941203.jpg,8108b5665e97f9558888cdcc794e93be,9a8f3d702163c367
train,minibus,train/minibus/205941237.jpg,65f97640f0db4d1c42d8704a1699f388,9a9f347025c3c36e
train,minibus,train/minibus/205942181.jpg,540ae04ba93af20332f7b8594c31faf7,8a9b742165cf6e2c
train,minibus,train/minibus/205942776.jpg,c9058500b328dd1eb299b823e2adda83,9a963435e5c3266e
train,minibus,train/minibus/205944778.jpg,94daba7c1e77a243c3a4ebb5de98a8e2,9a8f743035e5c366
train,minibus,train/minibus/206058953.jpg,46629cba91ba210bc314971f720bd9fa,923d6c616fc36c38
train,minibus,train/minibus/206066058.jpg,5fcb41c439f847306e045f67f2bf8eb6,8a9f743565c3266c
train,minibus,train/minibus/206067532.jpg,4eaae5c551a69945e6b95751b093523a,828f6d603d94e778
train,minibus,train/minibus/206121407.jpg,b4796b28dc60c9dca3091ac933d922cb,dadc24e12dc3c32d
train,minibus,train/minibus/206169936.jpg,ee7feaecbcec99a250b0fada53ed604b,869f3a606dc4636d
train,minibus,train/minibus/206172277.jpg,136a85c058a67e4b97dda5d32ca5dc86,8f8b29c56d3c8745
train,minibus,train/minibus/206185314.jpg,fda588909f7ba5f92177181536ebb622,da9eb46035c3c36c
train,minibus,train/minibus/206186624.jpg,56904852bc4a0011f37e1809a21d40bd,da967035ebc3264c
train,minibus,train/minibus/206188796.jpg,44623d3aab65aeb2120d0fea96cf01b4,db9535252dc3262e
train,minibus,train/minibus/206193278.jpg,de4f000b1e4246eb64a8b472b729271a,9a9574256fc32c1e
train,minibus,train/minibus/206253264.jpg,b735ac612e061749b8c8e42deaceb576,da92b43525cde32c
train,minibus,train/minibus/206606436.jpg,33b559e29966888a9258aa4faa3e3c8e,9ed0d1256d769465
train,minibus,train/minibus/207309597.jpg,6d96c97780e40595ed20d2627c85e4b8,dac72b70788eb229
train,minibus,train/minibus/208050952.jpg,2149292a6db8bd0b99211a45d81a942b,93345e736ccb6464
train,minibus,train/minibus/209781589.jpg,5a8a2201376cdd23b7c73bed163fde56,d0902ac06f6ffad4
train,minibus,train/minibus/210099617.jpg,d7c13ee7290b90f999381772a1b690f0,ca8f653065e1c73c
train,minibus,train/minibus/210100594.jpg,1a855b56fcf9f889d251dc5cda88ed73,8515ea419d3a976e
train,minibus,train/minibus/210102531.jpg,56e5ca63173ea5a4bfd97f6895bcb594,c142cb53971fb38c
train,minibus,train/minibus/210105535.jpg,7d7afc235e1f308b65ef3285e050ca1f,d5d4c4d5b52a3945
train,minibus,train/minibus/210108171.jpg,98014af9789bc67053d68a9348541bd3,807f8585a37a3a9e
train,minibus,train/minibus/210125671.jpg,86a47794ce627e16b88d90730130c71f,aa22d51795cdc3d2
train,minibus,train/minibus/210170230.jpg,f663526cc82bcc62887a210d088cc788,ff818087c07c953f
train,minibus,train/minibus/210270715.jpg,7c0e382e4af425b6941b1d89edc05e30,8ecf7914603a9e69
train,minibus,train/minibus/212142103.jpg,8c1a8503770dac4a45388680b150f185,911f6ec5c175aa1a
train,minibus,train/minibus/213030257.jpg,1eaaf564cd2b553c723ffb243195e244,dece60716883d738
train,minibus,train/minibus/213204770.jpg,148cae64985c17eaf0b9998a177300fa,9a86343a3dcfc23c
train,minibus,train/minibus/214045254.jpg,66191da198e0899236842cb8a8814eda,92d8692365cbc33e
train,minibus,train/minibus/214381211.jpg,0703a0f138d02ca90ef6b6be95229401,9e718e718e49872b
train,minibus,train/minibus/214620434.jpg,f8db373764ac6dc32a4bd4abcdf3d314,c7ce38713983c738
train,minibus,train/minibus/214672749.jpg,19c0f2b2df675265ce1803fcb9762d4f,db92343234c56b3e
train,minibus,train/minibus/214730971.jpg,f30b5b3f581c075bd73cf63d895ff36b,d4d7c8958f2c3698
train,minibus,train/minibus/214734110.jpg,3abf46b122cf7956e7909afe0edd91b9,ad83b43d3dc3c229
train,minibus,train/minibus/214762035.jpg,61b9545ade897f43500083c283c3ec2c,c1519e94d06b6a6f
train,minibus,train/minibus/214795141.jpg,618343fb0859d62cd99517adfb09ac57,d65baa42ab6ac728
train,minibus,train/minibus/214810628.jpg,25509359eb6ad675f9b7b692b0766538,958e686877d14676
train,minibus,train/minibus/214813678.jpg,eda382a42cee27dc7df400aefc61718f,94878f85876e3c3c
train,minibus,train/minibus/214823637.jpg,55d0efe6e53126a8f0b92fef61179df2,95369e05eb0de16a
train,minibus,train/minibus/215113899.jpg,d5ced518ccf5658fd06ae0db333a3d7a,9547ce05c25ee56a
train,minibus,train/minibus/215143612.jpg,b86bfb2ea2caa4983b7727e0e6e2aa1e,da0f2c3031d8e37d
train,minibus,train/minibus/215155081.jpg,890b7007d9435432b3d9026d68233c7c,db6b26b138962539
train,minibus,train/minibus/215180805.jpg,531e0ff57e49c978a5e255ea82438d0a,96359535b5a72c92
train,minibus,train/minibus/215329984.jpg,6fd7da9aaf91d8ae76a74c748bc34dc9,d60c396161c76d97
train,minibus,train/minibus/215508288.jpg,ca039df8e11379e5a175a43be9b0ee89,d4138f15c36ea62b
train,minibus,train/minibus/215533576.jpg,3a3a38bfd156aabfe047d853a659674a,9a0e296169c36f3e
train,minibus,train/minibus/215585136.jpg,f87c61888591f1e55e752fc4a2556bdd,9450fa92c26a6fcb
train,minibus,train/minibus/215607636.jpg,5418a5ac21c11fa34618b9424d235055,da9c706123c76f38
train,minibus,train/minibus/215610138.jpg,d53590fe051cd9a21831d8a1b46dbca3,c7892c36319e9b63
train,minibus,train/minibus/215666828.jpg,917afdd6e7780375c22f592bb1164fae,d2fc696129c7643c
train,minibus,train/minibus/215690344.jpg,05080d356925a0439053c801098bf38c,c04aba50e02bef5f
train,minibus,train/minibus/215694184.jpg,aef3e2d32e60d22ed76047a66e4db13a,dafce1212fc32c98
train,minibus,train/minibus/215703743.jpg,4fd0ba1ac61a0f16cf23625295adf5e6,83ad94743a966979
train,minibus,train/minibus/215716513.jpg,44af5786f1701fb9ffb855a2f155c093,96da712565a7ac25
train,minibus,train/minibus/215721654.jpg,d086f6a5584e40e6690bfaff7165d929,c0079f1585c761bf
train,minibus,train/minibus/215722954.jpg,64b76f07284d647d67c0306ccb57c957,923a73656dc72c23
train,minibus,train/minibus/215726997.jpg,d3d585c5cd2db5431b2d4ffa2deff9f2,9c9ea53d85703e85
train,minibus,train/minibus/215743713.jpg,d9dbddf1dbd5816065a9e701b684205b,94478f05c37aa57a
train,minibus,train/minibus/215763336.jpg,56a6f810b1564c25e42ef1726112010b,da0c2c7161c36f3e
train,minibus,train/minibus/215772197.jpg,a3b57962dc6ae97b6d6215264e956dee,97b796129212b15f
train,minibus,train/minibus/215772762.jpg,dadb87758513aded674b190504b28f83,d34fad34b812b835
train,minibus,train/minibus/215773477.jpg,b34dcc8d503d4c3cbe39e140347e11f1,de61221473986f6b
train,minibus,train/minibus/215777882.jpg,5a0f68a43fab7d08b78cc55159691f9d,e18f903ab171837b
train,minibus,train/minibus/215779776.jpg,ec72010f7ba30e5c0bbaf4a992048ca9,ebca632d5e833c12
train,minibus,train/minibus/215836229.jpg,59be26492c53fe3164608117b68fbc62,d60e283179d3c73c
train,minibus,train/minibus/215857913.jpg,2aab45e1ba04f0107cf871902ea9fe6a,d22c0b74c9e36cc7
train,minibus,train/minibus/215859419.jpg,4d0af38fa3847561f34974de540c55c1,da9e706121c74f3c
train,minibus,train/minibus/215890147.jpg,ecd668c3d5dfa1bc0c915d1f41d57c78,9517af85c07a3a9a
train,minibus,train/minibus/215913440.jpg,adb2ded6ed2e613c89e054d2f593197d,d374c23962e638c7
train,minibus,train/minibus/215934908.jpg,11974c3a651af9e9a34d9d8923c4903a,d23c086179c76dd6
train,minibus,train/minibus/215945358.jpg,fa62bb82de6c856efe7f80fa329be744,95078f05c75a369e
train,minibus,train/minibus/215984229.jpg,a7e0aa6317dbd970539c997a50856ee6,8e6f6d2738926961
train,minibus,train/minibus/215985546.jpg,005d1e288ea30dc14e67acab21642dd6,9a9d686129c7673c
train,minibus,train/minibus/215989638.jpg,20891b61e44250d154a27fde9e0c5f6f,d20f383179d3633c
train,minibus,train/minibus/215989811.jpg,ba3e15d8d35791a9a03c942a2c218773,cfc961b43896b269
train,minibus,train/minibus/216003886.jpg,02e97e93e796694fb68ceb3776364c9d,dafc6129c76498c3
train,minibus,train/minibus/216024184.jpg,df4ceb8ab6ddfb2de836e6d01f68713f,8f9e787070c3387c
train,minibus,train/minibus/216034562.jpg,bca131b90b1937a621c6c6a1845cd912,dafc61e121c76538
train,minibus,train/minibus/216044266.jpg,f24a6e5474a03353a14c5c3077b2b5a3,9a9ef46261c36d1c
train,minibus,train/minibus/216077073.jpg,adcad30a4b67baa878198a0bf041427f,da0c2d71656987cd
train,minibus,train/minibus/216088632.jpg,9684aa887df3db35e4f18e5cf24e7ec2,9a9e786121c7673c
train,minibus,train/minibus/216102563.jpg,844e98a80546992dbe0339cc30f0d725,cfab257432966169
train,minibus,train/minibus/216106217.jpg,a90129725e764e851a641899337eb876,9a9e646169c7c738
train,minibus,train/minibus/216115253.jpg,d5163b63df6505e311f98a15dfe28b9b,d554ea56d732382a
train,minibus,train/minibus/216127047.jpg,31073fe82049d29347fb925d0185f5d9,d49282c0ca5ff67a
train,minibus,train/minibus/216127555.jpg,ddb05df3e5aa1ce895ec5b119333cd14,c38b29393cd73d14
train,minibus,train/minibus/216147129.jpg,294f24eb512219ac3c426dc5d715056e,c38f6a7a38939139
train,minibus,train/minibus/216166252.jpg,e57a9b3db7b9b602a4bba4e238f32920,dabc6d7060c3e728
train,minibus,train/minibus/216184596.jpg,b45584c4635fe2f86179ca4a896ec183,c7813c76319e926b
train,minibus,train/minibus/216326170.jpg,a083c8fe43e25f173a99be4ea5bca04d,d32c073a2cd36cd3
train,minibus,train/minibus/216405073.jpg,0b0b0ada2d7bd7bea8dfb3a3b6444b75,d4478b14c36fb48b
train,minibus,train/minibus/216419649.jpg,9d535f22f870dcb0ddd577f96b4d00c3,8aae2d213cc739b9
train,minibus,train/minibus/216427737.jpg,8120714615572eb30b80bd133e50dd7d,8abcf03883c739c7
train,minibus,train/minibus/216428820.jpg,3b9d4d4112a82ba27950034c1d6569bc,938d68b966b3b05a
train,minibus,train/minibus/216465953.jpg,b298fbac0713063601f5c7037ed1d897,d20e396161c7c77c
train,minibus,train/minibus/216496687.jpg,2cf3d4697b9335ad3475b0cdb1d49854,d4468b15bb3be162
train,minibus,train/minibus/216539402.jpg,9e75f3ca84bbd4963b44504d97d79186,ddc58ad1b52c2b4a
train,minibus,train/minibus/216566437.jpg,c86a3f75a1b5e0049e1ef6b2e17c1c17,9a9e7c7021c7c738
train,minibus,train/minibus/216616255.jpg,7d52cbe043231e3e7921b531fa0bf65a,d5c288d0f62fea29
train,minibus,train/minibus/216631528.jpg,8e3939f1fe01e5361af5ed678deea2e6,929d68332dc67a3c
train,minibus,train/minibus/216667781.jpg,e94dc029ff7a5f155c8a2706f050d5ae,97178585ac78537a
train,minibus,train/minibus/216680958.jpg,d0107176378fcbe7025d8b9ea43b801b,d0dbeb29c5b54294
train,minibus,train/minibus/216735501.jpg,bcc1aafaf9ae6d669af8a4f3b17148cf,c74b293639962679
train,minibus,train/minibus/216736603.jpg,03128581a7e74dca0cf7e24300aed60f,9a9fe0013dc7c738
train,minibus,train/minibus/216736913.jpg,f77fda82e7ea92c53988bbec50d6e6f9,95058385e16e3f1f
train,minibus,train/minibus/216763364.jpg,4772df36c073e6c7137b8f9b501ce071,da9c787021c74776
train,minibus,train/minibus/216769695.jpg,fe1723c718e42053b01fac1b5d22d4a9,9a8fcf7230c3c13c
train,minibus,train/minibus/216782744.jpg,9386882123ca1a84ccdba495ed5f9a30,da1e3d7021c3e33c
train,minibus,train/minibus/216782805.jpg,35244f7fbfecba855cb7535c728dd6b6,961c387161c7673e
train,minibus,train/minibus/216830668.jpg,03f26da01c335765a73375809c03d258,dabcfc6020c38779
train,minibus,train/minibus/216842480.jpg,1e3dd88fdcb6dedb2ffd7e217c47c2f6,d38772723881c779
train,minibus,train/minibus/216874482.jpg,6972c17d9825432efaa868126559cf98,95179f95656c606a
train,minibus,train/minibus/216875575.jpg,499368c006bf876280a052778a1da3d2,da0c2c7161c36db7
train,minibus,train/minibus/216910456.jpg,e813cc166070adf175160732d49e6b0b,c0038f43c7773e1e
train,minibus,train/minibus/216912246.jpg,e908f0777b5681d9b0df710b751a5b08,92f82525c669ed87
train,minibus,train/minibus/216947159.jpg,5e1dd8631e397b3ef6dc9722dc25ab7f,d21c397161c36d76
train,minibus,train/minibus/216973888.jpg,e2e812ac76c41c1687b9fb5c9b1ba435,cbbc787021c74f58
train,minibus,train/minibus/216977414.jpg,fdeb69eb0250bab16bcedccdb0f970a7,da9e7c7160c36472
train,minibus,train/minibus/216999560.jpg,0e3db243efae74f81316817521b3ea4c,b4369a00c37a3f1f
train,minibus,train/minibus/217006575.jpg,455ad9d7c96bd2b08a9f2f8342b385d3,c70b2d3638966979
train,minibus,train/minibus/217009310.jpg,8d6cb909713f27f5633efa27afbbc204,d060707079d6cf79
train,minibus,train/minibus/217025806.jpg,650325a2e84a8af6fca3f1da3c27ff14,cce49632e249bd72
train,minibus,train/minibus/217173695.jpg,6eb740ff0fa2a4b836aaa7786949cda5,dac821c13dc7c73c
train,minibus,train/minibus/217188225.jpg,15ba75242e41665782896eb85219f00f,c38f777021abc370
train,minibus,train/minibus/217196726.jpg,3fe56566484de210eb3e241f2e5c94e8,d5d08ac5e07a3997
train,minibus,train/minibus/217197302.jpg,930c376e7b29e7d338dabcdfca86cdf2,ca89e572309669db
train,minibus,train/minibus/217634434.jpg,be1efdb010a2228183b1ca4a72ee9c4e,94d096d2d27a4a7b
train,minibus,train/minibus/217712958.jpg,eefadd6c1820017f317c179f0d02b44e,9e1cd871b98e7161
train,minibus,train/minibus/217826361.jpg,72d8774c06e51fecdc9e3c125b2e232d,c38f7c7038c37878
train,minibus,train/minibus/217959075.jpg,0412b294c4037e9ac275a7fcd51b6920,da9c706121cfc73c
train,minibus,train/minibus/217986520.jpg,4e14aaa7036bd0f99fbfcf540bb4e4b3,ca8f656175e3c360
train,minibus,train/minibus/217995231.jpg,9b9f5ca70679a67519f3ed4595d24104,c0630f273d9f272c
train,minibus,train/minibus/218002136.jpg,d9faa1fafbc3120f15e13fd9ce711083,dabc706187c73c98
train,minibus,train/minibus/218022337.jpg,e5aa6cdde2b0a983b185b41ae0a5d65e,cb9efce060618379
train,minibus,train/minibus/218049788.jpg,c0628da148e0d45633d14335a22e57a4,da9c766928c629ba
train,minibus,train/minibus/218080034.jpg,0e36b9e7185792860cc012fcfd3bb509,da9ce66169cbc132
train,minibus,train/minibus/218106671.jpg,f940133044466a91f191666b2b8dd70f,9a8e6c7129c7633c
train,minibus,train/minibus/218145621.jpg,d2f79de17b6a590fd2497d37ad3bab8b,91d12ec46a7b1a3e
train,minibus,train/minibus/218145650.jpg,19544e33a99f50de77ef5e1627a3e68f,9bcb64a438b6c639
train,minibus,train/minibus/218145869.jpg,4dc0df239adeb2a1ee4b8109aa04875e,9cb88371b78b7027
train,minibus,train/minibus/218147720.jpg,9ccf73e5c5db667b17ec90cbc3f57a34,8fe1767492926b38
train,minibus,train/minibus/218185076.jpg,ed6f3b71e513dc6eb91b1ed4b3016418,daf061612dc76738
train,minibus,train/minibus/218223645.jpg,2b3dc744fefc3cec6b12dc56caae8197,d2ac6e7820c33d7c
train,minibus,train/minibus/218317977.jpg,f7fd265c8099772ace2f6f3d6e7c6ea5,da8dcc7031c3c772
train,minibus,train/minibus/218321697.jpg,cafdbef6e33a49c9f7ca550fbdac8b96,9a9e786121c7c73c
train,minibus,train/minibus/218367789.jpg,314ba48574e6cb4daf4f56c0c80ae02d,da84cf7d3cc220bc
train,minibus,train/minibus/218541081.jpg,a23f00dfc5d607e03942685e06d3dd9c,da0c3c6161c76db6
train,minibus,train/minibus/218553813.jpg,5e5df7e1f9951d4d3dc2e60889291c47,918f2fc51a3e7cc0
train,minibus,train/minibus/218573670.jpg,3b6707a85d6ed06b9dad18c9923e6a58,d68ba57232966999
train,minibus,train/minibus/218588128.jpg,8d26b59867f1bf0c12368b1147f087fa,9abe2c9139c66339
train,minibus,train/minibus/218588746.jpg,1191ba021358deddc05c64f390d747ea,929dc52379c36d38
train,minibus,train/minibus/218596879.jpg,4a813f3818bc048d8cd0a5b7909a6265,da9c706123c74f3c
train,minibus,train/minibus/218598404.jpg,8a830295f159dba85d52f4619714ad4c,85dac2d54b652ab5
train,minibus,train/minibus/218608623.jpg,f9b1797850b4de9e7b66419f8a2ab336,cfc9693438969669
train,minibus,train/minibus/218624962.jpg,0d036f529be44d0a5e32fb32c979c094,f50783c1c07f931b
train,minibus,train/minibus/218657520.jpg,100c2c9a1c671b0df0db81c4e689c0a7,d20d0f7001c76ddf
train,minibus,train/minibus/218659561.jpg,deb5dd7cdd90e1e635c7dcd59859b949,c60f2b747990c66b
train,minibus,train/minibus/218681641.jpg,23071038ec7138df29f662e3deeecb62,9556ca05e74ce5ca
train,minibus,train/minibus/218722599.jpg,e06e136dba7e4bc3642debdfa766cb71,ca8f17766d81c334
train,minibus,train/minibus/218728399.jpg,29e50cb79fe341b3acab695188ada61e,dad42de860c3c72d
train,minibus,train/minibus/218732172.jpg,1a3a9ab72d67307999acf56ccb2f08a9,da9c787060c7c73c
train,minibus,train/minibus/218740264.jpg,cfa7d6fe2517ab8a68137d3dc2e73711,c2ad297438967579
train,minibus,train/minibus/218740708.jpg,e9f63e9e0a10ed27545e9b1789296236,da1e3c6167e3660c
train,minibus,train/minibus/218768816.jpg,d135db86754911c674f6870ae46710bc,c549cb40eb2de726
train,minibus,train/minibus/218845268.jpg,87aa2c87e5c4cbe1de883d5710bd9e7c,da9f257069936368
train,minibus,train/minibus/218882489.jpg,bca696e5840df079dd1e2a61d73dceb0,cd823e3661e1271f
train,minibus,train/minibus/218901213.jpg,95435a6d0dfc1ed49cfe05b84caf10d3,d62f206139c76c9e
train,minibus,train/minibus/218918535.jpg,0db231e07a64401b07acb755cf5caf0e,d0d04bd2d26a3b6b
train,minibus,train/minibus/218939308.jpg,c335fbda0b262f559cfd4df9efeb4b92,91336ac5e17aba1a
train,minibus,train/minibus/218952212.jpg,7ed69f773a8ac20b13959bcfccb51fc3,da9e7c7021c7613c
train,minibus,train/minibus/218979253.jpg,9d590e2af3d9e5ebeb09b5c140dc863a,da1c307165cbc73c
train,minibus,train/minibus/218984737.jpg,d02c697efda1b07a3727d9ff725e415e,db9cf07021c74f1c
train,minibus,train/minibus/218999495.jpg,d02a35198a0f28b0e917bde42b563d77,da8dad7025d3856c
train,minibus,train/minibus/219015757.jpg,7ba6f6191fd6c72ff5768219b7447a2a,d5778385630fa51a
train,minibus,train/minibus/219024828.jpg,4ed30023a47ec4920fc9987361c51f96,d4adf4b929c0623b
train,minibus,train/minibus/219025847.jpg,acef0332597dd204c74af9c3924f967c,da8e6c7121c7c738
train,minibus,train/minibus/219068960.jpg,d80efef0f5160067b5456101385432dd,95853f7c3ad0e039
train,minibus,train/minibus/219123664.jpg,9468108d84fbd4e6720acaf890e1052f,81991781e07c7f1f
train,savari,train/savari/193865576.jpg,a3b29ef85f56a41a2e9d2000a671758a,86dd7c966130cec9
train,savari,train/savari/195461114.jpg,0f5af76c04fbad0b10d6dd55ca30f809,9dca6c87c23c92ce
train,savari,train/savari/195586052.jpg,13103e2fe716d66a8b99c908e9b0c37d,9ac269c7c731989e
train,savari,train/savari/195839967.jpg,d19f7da959a1a48bc66da0e42a0b4a90,fdc036c31863ccd3
train,savari,train/savari/195911472.jpg,b1c24dbc57bf1178827f67fa42cd72e8,cfcc6896363096cb
train,savari,train/savari/196477980.jpg,88498b16a9d2a908ef35312ea0e99852,dab82cc325cbca9c
train,savari,train/savari/196601379.jpg,76bb4fc4d07134c1942ed9056bc993c0,fdd4d26b92788624
train,savari,train/savari/197021107.jpg,163eee7453c5533fdb6fec8a0caabbf9,85a53496777298da
train,savari,train/savari/197381955.jpg,4894331a72b1cc8bf12c6f837256b588,c78c78966371969a
train,savari,train/savari/197668390.jpg,cd87709fc7eb42cf586342b62b869863,dad878c36125c39e
train,savari,train/savari/197695504.jpg,5267aba79c2f116c3159bbb65521d843,e99d34ca9370a4cb
train,savari,train/savari/197696747.jpg,c722c21f7243fe20226777a4672da67a,967cc19668d36cc3
train,savari,train/savari/197816467.jpg,40e896af1fbd8b019c5e282326eb4a21,da686dc370358e9c
train,savari,train/savari/198132254.jpg,14a328104adcfb6c9e29ad98798f2e3a,c0686d96717676c9
train,savari,train/savari/198221838.jpg,eb7ea4592564d151e2a1b4a48973fb74,db68866129ce38f5
train,savari,train/savari/198224561.jpg,ce78b5c1d2f1604e27096593f693cb61,c9cd38963096cbcd
train,savari,train/savari/198334045.jpg,dd502554741b87691c1def96709dd126,dfad3cc2722086ce
train,savari,train/savari/198340571.jpg,3be213917c89ff52d668d091761dda55,dbc1344ec334cdc9
train,savari,train/savari/198385679.jpg,7bbd1623476c1d0b0d4a1b8c9651bbb9,d57f78963069862c
train,savari,train/savari/198508281.jpg,8dee09905fa757d51b9c7c4d38d92128,dfdf6d869230888a
train,savari,train/savari/198600953.jpg,027194c7e0c31f003d9ec9170f5cdff8,ccce33339664cc93
train,savari,train/savari/198701356.jpg,7c17146a9880540a0945312bedb36f7b,962479db6134ce36
train,savari,train/savari/198734860.jpg,79a63375bb06c2f3da0011634c33e635,c38c6dda336192da
train,savari,train/savari/198748852.jpg,33a5b1b60cd0d913fbae1c96cb7ec187,cfbc3cc2b260ca9a
train,savari,train/savari/198929401.jpg,1ebda0397119026df1bb8562948bac0c,96699a8679866997
train,savari,train/savari/199057130.jpg,fdfcbdd95ea1394bbc3460cfa5972a12,cbb530d224cf9c6a
train,savari,train/savari/199201260.jpg,be0542c987b7beda96c2872c598ef542,9e21b0b6639ccd95
train,savari,train/savari/199256640.jpg,859b74c4e8ba7d7476c95af4baca004c,9cca6d923034cecf
train,savari,train/savari/199280713.jpg,ee847d6331c28656f91b6e1084e49a83,cf4c399a67609e49
train,savari,train/savari/199300081.jpg,75a39ed202c7fea513c3881cf64c0592,c52e2d963139c66d
train,savari,train/savari/199595051.jpg,cdb5f54eff17e2da57d4b7b0fc15d073,8fb0fdc2708ec29c
train,savari,train/savari/199630427.jpg,30ae7c5e1da4b30ebf6569644d079f11,9df342956662999a
train,savari,train/savari/199702972.jpg,5f8c510e84d6129796803281f89f0732,de78c8c22563db8c
train,savari,train/savari/199827467.jpg,db8ba314daf6ce649061e9386a929041,8e693496619ccacf
train,savari,train/savari/200121154.jpg,e587ca6aa1ccc118ebd7f727180f9b82,ec9c63d89e63988c
train,savari,train/savari/200850651.jpg,c7eaf994980bd52283d0017c1053e8ba,c6a52d9a33709ccb
train,savari,train/savari/200868342.jpg,7d277d703349bb46497ebadc6ec9fcfd,8bd834cba334cb8b
train,savari,train/savari/201730625.jpg,1c5ae734ec35ded9d14d9461debc2f91,d6699e16299e6926
train,savari,train/savari/201797319.jpg,1a34995e589d20be526a0824aa1616cc,82c53cdab7619c8e
train,savari,train/savari/202041863.jpg,bf452a51d68f9424e91cd0dbc26fcdbd,96c22dc7656d929c
train,savari,train/savari/202273928.jpg,6882d731cbcca8b2d2f4b5931545df77,c785341ab631d3ce
train,savari,train/savari/202316938.jpg,b2e9589f6d595b30e2fe514d5f194532,ec8e219f9261ce8e
train,savari,train/savari/202772152.jpg,2647c1a49d2e7e615a0252721ea47cb2,d3e82dc37464c39c
train,savari,train/savari/203730891.jpg,3dd9ab0f0cd5525c6d1e4c4c54573714,98d7639a69389c4d
train,savari,train/savari/204792146.jpg,2c12a7a4e696fa3441c8361ff742858c,c3a8addab2618e8e
train,savari,train/savari/205009323.jpg,230ef15433be3c17bf3bfd119704c4aa,de69399663308ec9
train,savari,train/savari/205049904.jpg,a142d6f98b0bfb63af92770fb375d88b,c3943cdac26531cf
train,savari,train/savari/205313767.jpg,6443f617780e187c4dda6728072e34ab,fac021c7e7368b98
train,savari,train/savari/205354762.jpg,e1cdfae97bae4f505197c1069dd12ad2,ea9491cbb5609e8d
train,savari,train/savari/205377474.jpg,a5d7c066c19069f53860b8daafb4ed2c,e19e9e69926492ce
train,savari,train/savari/205495938.jpg,2260306be0b50aad686439f6dd69e960,8aa53dda336194ce
train,savari,train/savari/206027281.jpg,e8e048b00328943f8b1478a87a83540e,923c69cb2464db9e
train,savari,train/savari/206140594.jpg,08528c3e9319dbcf4eb430e7206bb8b1,922d69d30f643d93
train,savari,train/savari/206147449.jpg,925356047744b1fdee3026d91092af4a,bcc970976134d8dc
train,savari,train/savari/206290018.jpg,f103cc42e108be5ec275ace9c461c03f,9ecd289633309ecd
train,savari,train/savari/206375505.jpg,18380e90734dc8e771f9daea97b189a6,9cc1e19e6371946d
train,savari,train/savari/206420263.jpg,d12ab840184038ebe667528973331bf1,e996cb9964309e8b
train,savari,train/savari/206431037.jpg,b246a6c77fb02c3f6edf34b0fda65ffc,ac96f1c996619ec2
train,savari,train/savari/206523590.jpg,ad8e4700dbef9f83fb1563e62d9dbf3b,8c49f116f6619ed8
train,savari,train/savari/206573249.jpg,56d082a7545a18eb616c3cf46e432093,9cdf611e9261389e
train,savari,train/savari/206755128.jpg,3da6ece304e0ccd9c501ecfc1bfbfff3,bcdac10f36639619
train,savari,train/savari/206803325.jpg,cc81c2690614306bc9f999006d4aa374,9ccd619a63399c4d
train,savari,train/savari/206830043.jpg,2c3a7c818f586ceff8901c4585229303,9ee92c9663988d4d
train,savari,train/savari/206858481.jpg,5377bf7c9f70a2de3c530a32e3310701,9ce92c9663b88ccd
train,savari,train/savari/206925163.jpg,bd707835cea26db96582f89b848d3af1,8f59e916f230c6c9
train,savari,train/savari/207703881.jpg,02d0ee28a0352374e606c2e3ad504852,d6792d96317186c9
train,savari,train/savari/207759852.jpg,ec559e2d3c1d188b692f17921f458d9d,9ccf619c27309ccd
train,savari,train/savari/207814911.jpg,13f85455f0789866d393b1e842ff51c8,8ee83d9271dec90c
train,savari,train/savari/207849789.jpg,da7aeb95392da911a0903cc95a319131,ecde63c88e21ac8e
train,savari,train/savari/207857225.jpg,6b79247cecdfaabdf10a87eb9a096b9d,9ccb619c67729c4c
train,savari,train/savari/207964148.jpg,29968c62c9b3e24feaaedf3cb707dc4d,8ee5789663309ec9
train,savari,train/savari/208090232.jpg,ae22cded454a13719c57ad1fe9f54305,df60608730dfdac8
train,savari,train/savari/208184846.jpg,03d6dd3291773d34b1cfb4ee5f17ab61,dee9249a2761d98c
train,savari,train/savari/208296185.jpg,a5415e7b9edad017593103a4214e54d3,de6861c76096cd9a
train,savari,train/savari/208355250.jpg,73149f148ed7451700b3d7d00837cada,dec165967038cec9
train,savari,train/savari/208443200.jpg,91de254c3d7dc8e865607a908f3ba81a,ffd4d1322126cd86
train,savari,train/savari/208516040.jpg,d410691d7d02e92e6866b2b1c40588ce,cbbc6dc234cd8c98
train,savari,train/savari/208561726.jpg,20cf04aff6b0691e02dfad8e1e242a5d,9f6868873467c89e
train,savari,train/savari/208637892.jpg,168adf9ccd569b2bedcf1a9cca50d82d,cec7619b1263989d
train,savari,train/savari/208698681.jpg,7f9cc9a3c26871b7aa31fa2cf5dff826,9eed619a23319cc9
train,savari,train/savari/209013092.jpg,8c4a5825d99989db616ccd6be0cd2a63,add283cb3d659231
train,savari,train/savari/209111011.jpg,55fa27a2c6e348875337dd9e4af110bf,bce3c0b90f049e67
train,savari,train/savari/209117376.jpg,173f7fd11d878063516764e5f7342122,9cc5519a67339cc9
train,savari,train/savari/209285270.jpg,0e1ea6f322ecb45776bc067a9e240df1,9ff078876630c99c
train,savari,train/savari/209371818.jpg,13303413e05de80f3d63ab132bab925f,82cd7f82303d9717
train,savari,train/savari/209403185.jpg,ea9dadb362da7a5fa2a3f06b737f61ec,c064e442db3f1d9d
train,savari,train/savari/209527831.jpg,8a1554826c8f60b43389195ea2e9759a,c00d8f52bf3e32ac
train,savari,train/savari/209847217.jpg,00a07fc245f4864275c019b1b4c7a169,c2ae25409b3fbf11
train,savari,train/savari/210015193.jpg,820f175bbb35cc70ff3fd7ba6169a8e1,d06dad12b63e3133
train,savari,train/savari/210379387.jpg,73b3862846294a273f5617877f06a426,86a92c9b31659dcd
train,savari,train/savari/210403204.jpg,80435f7945b9eb4c0fb7a313c022379d,cb9db46ac33424cd
train,savari,train/savari/210403494.jpg,1288e09e7291121f2b211a1e8896b11c,9fd86807d270cc9e
train,savari,train/savari/210488078.jpg,afc340ec4af51625ac8bf6a0219eec8e,ea94c77a6916258e
train,savari,train/savari/210565057.jpg,4d1529b7bad612b8b364b258d61c1e0e,bca7d19a67980e98
train,savari,train/savari/210771543.jpg,29b143185c7eca71b1d2c21babcb47d4,cb9d689227709eca
train,savari,train/savari/210970421.jpg,1cfc78225b1bda310771fb7a14cf0f37,ccc1659667319ec9
train,savari,train/savari/211053195.jpg,bd6be28807109094e019eeb4f3e42236,c3a13c9eb57194c6
train,savari,train/savari/211163295.jpg,b10cba66bf012a14081eb0b26f31994b,86798c9231d6c7d9
train,savari,train/savari/211295182.jpg,50ba1f188e4b567d630cef658c38095e,94c9618fd770c89e
train,savari,train/savari/211395884.jpg,a0c4192bad96834b935b3df04658a2fe,96696e9664699639
train,savari,train/savari/211425180.jpg,17e4f0076a6b21b2160c9266d6c03845,e78138bc3661d1c7
train,savari,train/savari/211480297.jpg,34c74ca8920b5efae9ba9045fe834480,d2786d92237196cb
train,savari,train/savari/211483910.jpg,2b581794efa28d1d603e34298a769401,902bda5c619e61de
train,savari,train/savari/211521907.jpg,426c26b76bc492ad11b1f015e27f8a4f,c2b99cd670a6259d
train,savari,train/savari/211574020.jpg,45741ecf7c82322d87e68b85362f9705,8bc96d96b230b2d3
train,savari,train/savari/211781928.jpg,9a6323aa249ad17faad85832728051f4,c02d8742be3f3c9c
train,savari,train/savari/211932573.jpg,fe678b33f15748255fc0350441792115,df2d68d270608f8b
train,savari,train/savari/211944076.jpg,52a2c281e85688759fa55f037056e10a,ab97d448ad379270
train,savari,train/savari/211951629.jpg,d020ee681d1735c13069abb7a5999a6a,c0ed2fc3303c3637
train,savari,train/savari/212001568.jpg,b1c25ca80c544a65e6f1f81a9abcdd7a,e8857d9a303cc3cb
train,savari,train/savari/212107649.jpg,1740ac4aa22ac224bb7d997bf350438e,9e58e80ec66d17c3
train,savari,train/savari/212301629.jpg,134e41ee12979eeba26846444b8d0dd7,9662e90fc539d998
train,savari,train/savari/212311889.jpg,8c53f28c558d6b68f3d60abbadf20e00,875cfa0fc729e121
train,savari,train/savari/212364016.jpg,00602865e30ed06156a59b473fdf1450,9ed8e92595713692
train,savari,train/savari/213056482.jpg,b6a85b77d9b7f7787a955a07902e0a75,d4cf2ed269602da5
train,savari,train/savari/213059955.jpg,864ed9d79c110d7cf57a3a6b9ab95723,d5822ac5a76ec29e
train,savari,train/savari/213179580.jpg,f2b11b17fa71e0beb501938a7d312d39,d08baa568769ad63
train,savari,train/savari/213228565.jpg,87c6699c98a677c4b1c202a7ac8b10f2,c145ed41c27c76b6
train,savari,train/savari/213298031.jpg,3fea0d53d9cbe3e287874c7b6a96df5c,c2c96dc3f03cb436
train,savari,train/savari/213322591.jpg,3e3038513289e8f04cf4fd0dfbc453ee,8778ec07d33530f2
train,savari,train/savari/213336730.jpg,c8f1bd05a42d7a856963f1d43bd899a8,8760789c8d8edd4e
train,savari,train/savari/213545578.jpg,38f097ed910033eca6ef8160910b9378,ff65c017ca0c8769
train,savari,train/savari/214217815.jpg,6a90f496d425e1552d64f2ad76c5597e,fac364c6678c632c
train,savari,train/savari/214361998.jpg,4250e7c40d9e99115b6a54cc1b7997c2,d61cb852f369c706
train,savari,train/savari/214391601.jpg,687590495ca4a22935abb1c39ce85da5,d4799e2179866996
train,savari,train/savari/214535283.jpg,a0a8d4452ac9e344c384a73bc3d25f99,bccae194b6739451
train,savari,train/savari/214690824.jpg,bbe37c70d46ac05b36eae3d807d32213,dbf03ccb3264494b
train,savari,train/savari/214749765.jpg,5c363431ce675bb1e37b61187d824c81,9538f815c76a63c6
train,savari,train/savari/214754706.jpg,c8a3985dde2b68434f251e4d0f53ca1b,c13e2dc9366127c7
train,savari,train/savari/214790427.jpg,506c6c15c57ad34e2a4861dc6637e47f,9adb6c824d3c734c
train,savari,train/savari/214845815.jpg,1f045cbd53f5b24a977bb9cdeb0156ef,9c50e807e769db92
train,savari,train/savari/215062582.jpg,7150e337adfa647b80ed8085bd2a45d5,d4693c966394ca9b
train,savari,train/savari/215156551.jpg,e9b1691a0a8ba4e92573b909dbc0d992,abc5e5829678c33c
train,savari,train/savari/215476329.jpg,34e7681909b0a9c524ebf5445f025169,9517eb4fd2486961
train,savari,train/savari/215700187.jpg,91fb4c11ecbb1111e368e8c7dbfceaf8,87ceedc1d23cb00b
train,savari,train/savari/215767529.jpg,ae8224c3efea556bad9d8881a7e76c0e,b747cc12e23d93d0
train,savari,train/savari/215841797.jpg,ee3fd6616a879d305fa069c19e28f510,cbb498c334939b9c
train,savari,train/savari/215962276.jpg,22bceab49db37867f7a7a795e00f2cd3,95fb4a81f1b8a5b0
train,savari,train/savari/215997280.jpg,c89e0e26d3f17b8178505d2a4726859f,f88751d66a29e592
train,savari,train/savari/216019459.jpg,8a8abdd7e333645aa8ff40545d6404e7,83c53d92323dd3c3
train,savari,train/savari/216020950.jpg,049f8e60b558f9f03134ab4c31cbe441,82ed7d837034cacb
train,savari,train/savari/216106609.jpg,65f45fe68803bd470df32b85b43b4611,8f63e804f038c777
train,savari,train/savari/216119295.jpg,6322df68d6ea63f3bb1f34de3a7293c8,9ee9e196866299d8
train,savari,train/savari/216120769.jpg,03a2a130657dca1973ddd0a3841b4d25,bdf1d007c338c35c
train,savari,train/savari/216121140.jpg,647f331aa60faeeea9efc59fde6dedf9,c2bd2fc0323d3713
train,savari,train/savari/216129393.jpg,35e388c390f14b7a3152282a4dfade67,dfdc20c26274cbca
train,savari,train/savari/216155616.jpg,d430b6e6f102f71d601e63ffbd6ca991,853cfa15971a12e7
train,savari,train/savari/216157894.jpg,6ec10ed072511db76646b7af4510e876,973dc943b849867c
train,savari,train/savari/216182368.jpg,2eb4f741cad12eac3295de40a6932f6b,803a4f9d3a8572af
train,savari,train/savari/216192117.jpg,8840d366a82ea3608854863d146317a0,c69d28d23761879e
train,savari,train/savari/216232087.jpg,0ca262e429e811612c75c5352d7171a5,efc7b528903dc2d0
train,savari,train/savari/216234933.jpg,74ac896d23d6c1d4d6f231b7b70d8e07,876afa87c92931c9
train,savari,train/savari/216418770.jpg,9ac38ba36e4d9186c1a42b4d9f475965,903ca942be69e39d
train,savari,train/savari/216423320.jpg,393b20ccd30a129c9988505c38a5b94b,8e0de946e17136b9
train,savari,train/savari/216426931.jpg,839aec6f90f4b972c4de9d29c6f9e921,c364a752b93f9344
train,savari,train/savari/216453356.jpg,106878314383f29fa391bc7ba988ea30,d0313fc3c34bc62d
train,savari,train/savari/216522104.jpg,3509c0e46ae9880bb20479d9c45d00ee,fcc7cb49d330b052
train,savari,train/savari/216533289.jpg,9596987adfa48fec45d71889022cd646,c02daf53923cbc47
train,savari,train/savari/216539135.jpg,43a398d7bfc27e24d94d5eb386566b45,970fe943b034b63a
train,savari,train/savari/216562677.jpg,356a587824771acbf05dea7f46bc4abd,9ccbe91e6324db0c
train,savari,train/savari/216585891.jpg,9017c19d59b4c3ef40a9a86d927d267b,857a61873878679d
train,savari,train/savari/216621071.jpg,85edf0a4f4b366027c7f634f46241bb1,97691a9761649e9a
train,savari,train/savari/216623020.jpg,fde484bd49e7502c212bf4fc05a01cad,933cfc43b324c2ce
train,savari,train/savari/216624283.jpg,dba10b2c6a646694d5e696344ece3662,90eb6990703ef678
train,savari,train/savari/216655941.jpg,7bde3f32ea72446263e015e30327bddf,936cb344ba68e6aa
train,savari,train/savari/216662449.jpg,69afc4c684cf17484327367ed9314688,c32c3e93383cc7cc
train,savari,train/savari/216691992.jpg,2b72e87a547bc24ca432593fca0aaebe,d1df6fc38028a46d
train,savari,train/savari/216694598.jpg,0b6230f8e84c50db22b235eef0009cdc,c3e63d93323dc3c0
train,savari,train/savari/216722981.jpg,e0c63510b55a759f4e1301a94b6733e5,923cad52bc2cf28d
train,savari,train/savari/216767197.jpg,236a5163390fbacbc5afd7fe27e1932e,84defa03c3296d35
train,savari,train/savari/216809812.jpg,4b7422d9b264142f4a28d1815b31f152,c0c92fd7703c3c36
train,savari,train/savari/216814138.jpg,d60814dd6a75104a0bcaf8477e8aa5af,f0b78f5638413768
train,savari,train/savari/216826110.jpg,6670c87cdc586773f3ec797c38e99920,c39f7fc2346030a7
train,savari,train/savari/216840028.jpg,8ad5eb73109d30ca98ba7e08921e02e7,94fccb83603476da
train,savari,train/savari/216858353.jpg,04c9eb618b453ed94122e49fa2634e9d,c16d27c1783cb62d
train,savari,train/savari/216899188.jpg,2c2bad910c7e1c77f681860cc0e12e01,9578f8168f6165ca
train,savari,train/savari/216912005.jpg,ee6f971739a56d706e3ca0989a066b10,a86ad365e39a1595
train,savari,train/savari/216960089.jpg,d3e358e62860ef1fc2d5ba0be408ae7d,8f2df057e070b31a
train,savari,train/savari/216968563.jpg,15b5387b28ec6444e3335bbb7b4a8894,dabda6d260ca8a8d
train,savari,train/savari/217014334.jpg,8aa28934ded40a85ca1a161490e6bffb,c06c2d40f03fb63f
train,savari,train/savari/217026272.jpg,f7dd8925555050738bd6658bca4a43f0,8743fc0bf03d970a
train,savari,train/savari/217054235.jpg,564a8763467fce7676c07da7b760bdac,c34ded83f030b53a
train,savari,train/savari/217066965.jpg,d48e6c367b81b40d1b394d55ca9ed07f,9057ccc07f0adb6c
train,savari,train/savari/217103048.jpg,a64c1baf7f7962787cda62d3109285db,acb4914b9369c73c
train,savari,train/savari/217115848.jpg,00d4c7e7c2a55b99c510edd34727bc0e,e0a88dd671cea59c
train,savari,train/savari/217128837.jpg,ea21f5b34ce13507c80e5c257051eed7,d061ab5e86383d8f
train,savari,train/savari/217164961.jpg,7f79e3b415b402c6b89a29fc3c6904a8,a0badf01eec2323d
train,savari,train/savari/217203738.jpg,791533677dce09644f1c291f8091282e,c0696dc2722f363e
train,savari,train/savari/217253879.jpg,c142292f138bfe8b18b8e8828d7ba3a2,d778b892856d6361
train,savari,train/savari/217259942.jpg,ca5d257d24f2c40a5b6f9dc407d4c793,8066ed40d23f3f36
train,savari,train/savari/217266476.jpg,a9baf73cb6ae2dc4072eb899ca35cda6,c040ad40d07f6fef
train,savari,train/savari/217267545.jpg,177946e98d77df1278aa04d25481410a,a094fdd0d07dd23a
train,savari,train/savari/217280199.jpg,b70072cbdb2b245eb29238c719630e61,83c36f87c03cb437
train,savari,train/savari/217301960.jpg,0bd3339bd7fb57bb348df4f92fc07112,8749ed0f9234b653
train,savari,train/savari/217318570.jpg,32ef144ada5acfbd777d992c994fb6bf,c24dad43f034b2db
train,savari,train/savari/217377450.jpg,ba922d9585c47b4dafd8efef7410bc3e,c52dad03b93d9748
train,savari,train/savari/217387431.jpg,01d4735bc4585d002b8bb2fcdcf1f032,d2d96dc0da3d25c2
train,savari,train/savari/217403096.jpg,369286ccee4a2cc057e930917e606a8d,c149fd06d23c36f2
train,savari,train/savari/217528722.jpg,d23338510f75a00f0e49e11a0e9ef525,d03d3e926939a36c
train,savari,train/savari/217560232.jpg,006f344b55496aed8f441c1057207666,8de3c8e4f23e3132
train,savari,train/savari/217595807.jpg,c6259fb863a7105af05f086a73b7bbe9,857edec224256567
train,savari,train/savari/217617097.jpg,ec9bc9c93687a70aa173ad4e0f15ac09,8260edc1d83f3f19
train,savari,train/savari/217664284.jpg,b7f4edb6917b4a708b6098e2a2f6a1b8,d2b8aed6b5618346
train,savari,train/savari/217737871.jpg,5ca25d2b92ad646f765f1119352636cb,9457eb4bd0c24acb
train,savari,train/savari/217755103.jpg,8c9bbf8685005626ede8adfa33ad650d,ded929d33064c68d
train,savari,train/savari/217939245.jpg,7aa42de12ce7a3b7eb9b936ee7962831,e4968fc3c03db3b0
train,savari,train/savari/217985851.jpg,90c43e6ace06d9e0a359858f3d83ed8f,d28f1cd26d256167
train,savari,train/savari/218043366.jpg,e9d52008e2dc981a29869ddd4fc95652,c37c2bd729743426
train,savari,train/savari/218051598.jpg,e162b9e8895f82dc95ff4be34d1dc046,9638cbd32cc338c7
train,savari,train/savari/218055833.jpg,14c6e3ffec2d65731f50207a408b2648,ffc520836df3e00c
train,savari,train/savari/218077655.jpg,7b56057c5bd0e93099eacf0a2f74d6f2,8ecd349272619b9b
train,savari,train/savari/218187376.jpg,ed8706ac766360bf40329e0682722205,dfca698671313730
train,savari,train/savari/218220982.jpg,4508fac6508d7875a89442de9a0ab902,d53c9d42bc0d83dc
train,savari,train/savari/218224358.jpg,cc14e3a86421d0a862ed32a5511ab65b,8d23cc351de4778c
train,savari,train/savari/218266205.jpg,b683424d07db4685c3a1ae077a328763,ee0981369d0ceb3e
train,savari,train/savari/218307934.jpg,2e8763410b49127f1aa2ecec4c3fcbe5,851dfa18933e29f1
train,savari,train/savari/218328926.jpg,986725a1803ffb00afbc3599f1c52e64,dac93cd2342dc366
train,savari,train/savari/218335799.jpg,781e667626c523dafc17e413a140ef11,812dffd4743c30d2
train,savari,train/savari/218362132.jpg,6653f50fc52c6df7a9417c4ba6006b50,e0952fcbc2242d9f
train,savari,train/savari/218493796.jpg,770751a37f3d18245e3820ad03836194,962ded03f23cb21a
train,savari,train/savari/218522644.jpg,1c68a3e535622b887ed9f21572726d13,d3ad2cd2306d86ce
train,savari,train/savari/218545382.jpg,fc5a96b722893592c6efbfc2f80e409b,878c7a97e1692596
train,savari,train/savari/218569012.jpg,156944d30e291eae5000f549c72294e7,80ed6dc0f83f3730
train,savari,train/savari/218569843.jpg,21816b4e9244ff9885e01f7439cf0495,80cf6fc0b23e76c2
train,savari,train/savari/218577056.jpg,140f1d0d28cf416c7b9f8f55276699c0,d1650cdb3d16c1ec
train,savari,train/savari/218584705.jpg,ce905391f7204ec4d11e126999773df0,de9e699332648e98
train,savari,train/savari/218591795.jpg,64228934ac330aba593ffdaada915581,d069af5aa23cb433
train,savari,train/savari/218641908.jpg,df521df5231274e2dbd6bb5b87353e80,c2e425d3fb3f1038
train,savari,train/savari/218681566.jpg,66f3073a79427f0a14acf808349629e8,903df817856d63e1
train,savari,train/savari/218692987.jpg,c103bf81332471c975a177ade011da1e,d28b2fc2616d35e1
train,savari,train/savari/218711427.jpg,f4b7938798cf720672588c4bde5af341,85dae809b23ddb83
train,savari,train/savari/218721508.jpg,12d32f0d27554017b9ecf0dea6665680,f0648f43b83cb2dc
train,savari,train/savari/218726882.jpg,b538a66b0400d6684fc94340f76617e4,9268bf946a85e437
train,savari,train/savari/218745573.jpg,283f9a2bf025879f65e53a07ce313f0b,d56a3c9730792569
train,savari,train/savari/218745687.jpg,f3d0a188354c8263b5f018ab3c6f6256,b57f07d0caf4620a
train,savari,train/savari/218777011.jpg,9b9b86389bd99d50d981a6f122abd057,8e23392e67919d56
train,savari,train/savari/218777657.jpg,6e7ecea690cf57902f94134919169c99,94683cd22d3cf36c
train,savari,train/savari/218787990.jpg,2463f419fb161b896bbc3fb05ef85788,9f60f81fa13c8f48
train,savari,train/savari/218827119.jpg,89fcd74f9deb431f86858ddc12f8e6d4,f63ec842ad4dc23c
train,savari,train/savari/218868809.jpg,149add5a9b2a91ccb8e45afa23cf1110,f42583569e5a962d
train,savari,train/savari/218899462.jpg,724a6abce1376c79e77a1355db169be2,c4692f877838b678
train,savari,train/savari/218943099.jpg,59cd5dc0c79bfdcb42520703e84d0ade,c265efc3c03c3533
train,savari,train/savari/218949284.jpg,44f95b317c26a13770a0e044c5c11487,8dc22dc2f23d92b6
train,savari,train/savari/218953537.jpg,507462475d60eac05230dee1331473ea,9799789661654f98
train,savari,train/savari/218958124.jpg,1106e1bd4a8ff7c33f50796f1c89c12b,822ded40dc3b333b
train,savari,train/savari/218986062.jpg,4c408c6fef020a7f826df9b2b0030470,80af3f903c3cf323
train,savari,train/savari/218987822.jpg,200f9c73d34535bb9d0300a0d91a2beb,d73cbcc3a41cc23c
train,savari,train/savari/219049738.jpg,c71f8799640138466b37beeaf0f2ea17,f4959d53d13594c2
train,savari,train/savari/219084529.jpg,9ac2250b83717c68b7dda1eed46bd401,bb1ac94dec2ca334
train,savari,train/savari/219093208.jpg,68716308dfd85dfe9fb0236b46b9ca61,c57fcf8160786570
train,taxi,train/taxi/193797292.jpg,d1deb60663c56ea47056c8921b361c28,acc813c63b26cd1f
train,taxi,train/taxi/194297941.jpg,04da48fc3505bae21a3a042e9eb93367,cb15b45ab3319e4a
train,taxi,train/taxi/195141634.jpg,a50c54b7900d0c04e89bc132121d9a24,9cc1609661b8dcef
train,taxi,train/taxi/195273350.jpg,0444379e6cf690457086e97050265cc8,c691699e93619cce
train,taxi,train/taxi/196019684.jpg,9665ae1ded828b8b279272da06fb1502,ded4709271389e4d
train,taxi,train/taxi/196271367.jpg,f2e2a812168dec8fec5cb58120965d68,96d969872134e78e
train,taxi,train/taxi/196711537.jpg,ec9a5cf5a887bc2d78650d53fc3f7523,dab5819261cf9d98
train,taxi,train/taxi/196727449.jpg,ee1cf34aadf38319703e657869b64175,9e88609fe334cec6
train,taxi,train/taxi/196859984.jpg,c3ef352f59c54b6f6c173b17bd8c92f0,cbdf2c923220d736
train,taxi,train/taxi/196903889.jpg,dbb2755bc4526607546f45bf0db6a616,cd8f65179261cc8e
train,taxi,train/taxi/197032336.jpg,66f9d9c2ea85b7a21d6bb09cf30f9d69,b4de61079671cc96
train,taxi,train/taxi/197362638.jpg,bdb60a380d2d4d4e79be34dbe3080b3c,b083241ec32ddb9f
train,taxi,train/taxi/197408900.jpg,1b9f9c3fba2d79cc03e3a63ccfe2cfdf,ea9df45a866198ca
train,taxi,train/taxi/198048598.jpg,75bb535368c501db09282bd7bb58825e,9ecb619a93698c8e
train,taxi,train/taxi/198065488.jpg,b261263061f8a3d8dc24c7b3e3745e9f,9fd2609ea2399acc
train,taxi,train/taxi/198289203.jpg,63ca1e27643dc6d2d3f117b386bf0953,9f8e609e63319ec8
train,taxi,train/taxi/198459778.jpg,6ea722787506e7efb82b7f211cd90eca,9f85609e277198ce
train,taxi,train/taxi/198521544.jpg,8fdae68176c8c62709840933d18e8b26,9ee11996619cc9cd
train,taxi,train/taxi/198548695.jpg,639e05510cf2acbc3b081b08185f3453,db9434cb7224cf98
train,taxi,train/taxi/198633794.jpg,104fadda9e5235ec17a17644e67add34,bee2619e97619886
train,taxi,train/taxi/198935466.jpg,dac1617e2a4b5e1644e4541bb6c7268f,9c8f63986467949e
train,taxi,train/taxi/199039305.jpg,6c842a4e57072ae4a961aae7f9765299,8aa5659ab2719e8e
train,taxi,train/taxi/199044255.jpg,88c1c9626044491856f5842c157eff17,9c4d6198af2594de
train,taxi,train/taxi/199202965.jpg,97caafee3c98810045e70509c48b323c,9e54e1de23219acb
train,taxi,train/taxi/199808827.jpg,7d647a14a4b424c6987567f28f040043,9ff8788726308bcc
train,taxi,train/taxi/199946477.jpg,884a2aa616fa7cdc89f7a133710bb903,cb3c3a3330cf8c93
train,taxi,train/taxi/199994844.jpg,5e04f93bccf93e280178d2e1f3a60a15,dbd164c68331cbcc
train,taxi,train/taxi/200326261.jpg,e0b96c185e27a1d84b5e08da6c625823,9c4f619ca7259cc6
train,taxi,train/taxi/200643840.jpg,783c9a51ee6a4e349b78033c1a13637d,8f613c96719ac9cc
train,taxi,train/taxi/211554070.jpg,5bb1b5a66be7f7864a50db916bd393bc,9ee9719a23219ecc
train,taxi,train/taxi/211667354.jpg,7de60e28f815fd06b5aed5b729565bfd,c2cc3dc2d03d879b
train,taxi,train/taxi/211773485.jpg,eea30fdabe8db21aebd813538f1bd590,bf60f0858a6a0f6d
train,taxi,train/taxi/211808656.jpg,cbcab5264f92b928b601ff0628e7e002,80e97f82f23e3532
train,taxi,train/taxi/211856112.jpg,17f1b97e50990c56ae7c707018c6fbbd,c02d2dd2363fb2d8
train,taxi,train/taxi/211997826.jpg,f8103c7c0bb9ab80cd1cd5ac9eb119eb,c06cad42ba3f3731
train,taxi,train/taxi/212110018.jpg,9c1cecaea931114d8dec59ac44c64101,b5d21dc3343da48b
train,taxi,train/taxi/212237527.jpg,09b4b6ae377310ee62829e65eb8631df,c024b443df3f333c
train,taxi,train/taxi/212354100.jpg,ba30ffb8973a6c6407c92b40c0f2e6f9,8fc86d8772388e8e
train,taxi,train/taxi/212411751.jpg,0e3a864b2bca91930cacfabd260a5988,c56dad47e0788635
train,taxi,train/taxi/212460719.jpg,1d3efe865be42f9274ad60df62393247,d42fbf10a83cb06b
train,taxi,train/taxi/212538464.jpg,201c1b628f61d35013e4e0910ddba356,9dfa70856e6ac590
train,taxi,train/taxi/212714723.jpg,8cc6048c609c66c9a194a6fbf939d633,c1c36f87d03c3636
train,taxi,train/taxi/212737728.jpg,009f2670efe1428db14198ea8d3d8728,c026a5439b3fbf12
train,taxi,train/taxi/213061361.jpg,c113a7a76c4f8a0173daa25d86608cbb,928a39d79568c7c6
train,taxi,train/taxi/213163041.jpg,cc6b88bf6df736858aca0c87879f15a4,cb8d6997b270865a
train,taxi,train/taxi/213169109.jpg,3d1db6d53bf0815309903ed21bf97e00,c74f6f879138b130
train,taxi,train/taxi/213219294.jpg,bff60bec502ee24a4f817990d7009319,d23c18c72d6bc39c
train,taxi,train/taxi/213300692.jpg,4b28f6a723fe564f7025099ebe959eb0,d7da7a81a16961e1
train,taxi,train/taxi/213590830.jpg,486ca20dabe57eaf99d3548c9c451ed2,80bd3f8a3d65c06d
train,taxi,train/taxi/213625241.jpg,66d867a2f7ea7b9c4bcc3ba6b8899d31,b6da39833264c3ce
train,taxi,train/taxi/214583113.jpg,7923ca5369843da78b461a87be727a35,d7ca38c725789748
train,taxi,train/taxi/214612979.jpg,757f9346f5cef93a09e4980e74f7a1ed,d56baf05ea1ca078
train,taxi,train/taxi/214628757.jpg,3a23da35aeab04e85688cb99479647ae,85f87895cf6a6262
train,taxi,train/taxi/214678598.jpg,26edcb39161a173243b3ab8af79c13ac,c3c57d82b03d97c1
train,taxi,train/taxi/214698644.jpg,1b2c9e214e1c6e98918e090afed20e43,c1ac3e93383dc2cd
train,taxi,train/taxi/214699680.jpg,0165dce114601b11b69c40a71c3a617e,ca2d8dd3923876e4
train,taxi,train/taxi/214738834.jpg,15b188f6928cfc2778741aa916b4a4c0,a800971fde6de163
train,taxi,train/taxi/214741348.jpg,6f73a5b9b22cc728531d3e2414d42f03,c5293887789dc778
train,taxi,train/taxi/214743143.jpg,ac903c7c343e5cbeddb02faf2d604f41,8055ed41c06d2ff7
train,taxi,train/taxi/214750508.jpg,01fdffe2469eb378ac7cb05102bfe375,b6c9b249b66962a6
train,taxi,train/taxi/214752341.jpg,7b57b46e8c2e7cd56179b85b1a4f20e8,c6299c93719e89c7
train,taxi,train/taxi/214804869.jpg,02b9a466e6a2c8d6199bba1a2ddecc30,d26dad56a438b361
train,taxi,train/taxi/214833819.jpg,0e96b8718f4ea2ef9f2a2b8d5ca04a89,83c53dd2323cc3cb
train,taxi,train/taxi/215057971.jpg,780a098d0ce365b0dbc24e3754e75a6a,977c6c97217961c4
train,taxi,train/taxi/215086606.jpg,57fcc62fcfa679f1f3f15b64c177679d,87cb7dc0b23d83c1
train,taxi,train/taxi/215086610.jpg,19508ffb54df001f34c5905bb4cc257b,d62c28d7e569c28e
train,taxi,train/taxi/215098353.jpg,55cc26525f17780ff18a480743e8f4d1,c224ed42bb3db338
train,taxi,train/taxi/215105398.jpg,5ef4d4377d0b76f4908a019d74ac607f,8758f807c234f6d6
train,taxi,train/taxi/215131777.jpg,775b10d63253298d4c0d4b1d9ea95e1a,c72d3c92783cc3c9
train,taxi,train/taxi/215186511.jpg,a5b557a17409c4f95fed3636649ef9d4,c27dbd429038f237
train,taxi,train/taxi/215261693.jpg,b9e99979f54705ba19359624a84463fb,c0ed2dc2323e3673
train,taxi,train/taxi/215263228.jpg,6e2b263a800db573917c0e490a6deada,9661a99ea16bc61e
train,taxi,train/taxi/215570730.jpg,df71855994446ae2628c85c42b5ae790,87dae9877030f662
train,taxi,train/taxi/215581089.jpg,3ee79218f25b48df991a30608f865545,c6ad35d671309ec8
train,taxi,train/taxi/215626542.jpg,6712f6be84093e5c629cbdfe0e3c3717,afd60883b5786587
train,taxi,train/taxi/215631113.jpg,bd804eb3739f412f501d871292babd3d,ca2da592f83c9b07
train,taxi,train/taxi/215631129.jpg,777ebe111eea3884257c352fa8ce2a66,963869c76d29969c
train,taxi,train/taxi/215658087.jpg,193d0db6ccc37d292da76c718b593d46,d32c7ac23c93693c
train,taxi,train/taxi/215679375.jpg,261537c02190359376694167e4ff13b1,de699866319699e4
train,taxi,train/taxi/215681913.jpg,1c4458b079a494e6b78862d8c6420c49,d27c28966d393369
train,taxi,train/taxi/215694229.jpg,4a1cb4c15533a2f9a656799603e94419,b44be544da36b29a
train,taxi,train/taxi/215704125.jpg,22b39deeaf2a6bf8f8c9978f33985f7c,d76938976131f416
train,taxi,train/taxi/215710435.jpg,530a7be4fdeb699024373cf72aff9bb4,f88d3192e33cc5ca
train,taxi,train/taxi/215734816.jpg,8cc71d42770efe3d83f9669fb9d9e964,fa8b6cc63238c36c
train,taxi,train/taxi/215741938.jpg,682314d266c354b877ba70175f5f4cd1,8fb539936198cc4d
train,taxi,train/taxi/215771511.jpg,a0e47b8d49641f08439eaf977a2218e7,8535fe1e92c20fd2
train,taxi,train/taxi/215772638.jpg,3e1855b8acb046bbd2670bd2ad6dcc09,c7ea2d96383c9073
train,taxi,train/taxi/215773124.jpg,2ba3ce68ca553b295d2409b0fafdef36,83c97c92303dc3cf
train,taxi,train/taxi/215777419.jpg,5831d9c63f52591ae2c23f4931ff2917,e2a6adc0de3f1612
train,taxi,train/taxi/215804635.jpg,2e0a83b48b192c197a339ef954622904,87cf74d232388b8b
train,taxi,train/taxi/215822416.jpg,2a80f15f5e012a48ac664ccebeb3e0bf,88a9bd87343cd64b
train,taxi,train/taxi/215833228.jpg,86fa2492049e4d8cf27f442f981fdcaf,822cbd43f634c34f
train,taxi,train/taxi/215854075.jpg,5c50e1cedb34b769491ff64c9402c978,c22dbd92923d9723
train,taxi,train/taxi/215875418.jpg,e47df6abe88704e5df7db40a48b66aa4,c0ed2d823a3fd3c1
train,taxi,train/taxi/215878168.jpg,b7ba9fbcb90d102f9c89a359a87733e0,d34fae1aa52c7123
train,taxi,train/taxi/215920981.jpg,bd49f1c10f12bdc302d18bb942d460f6,814fef05c43c34f6
train,taxi,train/taxi/215948383.jpg,dd58dc4d8459872b5da4d97e38834185,804f6dc1fc3c323e
train,taxi,train/taxi/216003493.jpg,bcbe646a996171eca5c55ba710338a41,a7d86987d878b438
train,taxi,train/taxi/216006259.jpg,cc4b2988ad4b22e0486b60501fe2cddf,8d9a5e87076a618f
train,taxi,train/taxi/216016502.jpg,9936d2ebb10a7d9a618b75b333daa130,951cf817c768e263
train,taxi,train/taxi/216017859.jpg,175eea3c78aaf9b63cacee1d272eae85,86a17d9e7330659a
train,taxi,train/taxi/216019687.jpg,7f6833575af0829b7f3c710786f38dfe,80c47fc2f43f9712
train,taxi,train/taxi/216061960.jpg,fecffd59ada33ec0e5e0f96b091dd55f,c04bef49c02d3cf6
train,taxi,train/taxi/216111008.jpg,2290e25ca496688600a2189637da89ee,96da698f8230f99a
train,taxi,train/taxi/216118231.jpg,107f9e1868c87c9f99b03a08c631066c,85b87895853b6b63
train,taxi,train/taxi/216191824.jpg,06e4b90555577024ff17428c3c943e70,949e2ecad5656165
train,taxi,train/taxi/216203466.jpg,f9b053c4c69e9ab59e28edd0257064cb,c241ec45d23f3d93
train,taxi,train/taxi/216207089.jpg,f38be4c8461a8f405f9d99baa00081f0,83e96d9770383732
train,taxi,train/taxi/216209734.jpg,5165e5b9d5999698bab3bc6e15941d5e,8285ac52b62dcf4f
train,taxi,train/taxi/216210740.jpg,5fdc9a6683795f43a8f7c5c84c011872,cbbc3cc33264c78c
train,taxi,train/taxi/216288852.jpg,05943ee80e86b54f1fa6aeb6260b384a,cfc23c93326cc33c
train,taxi,train/taxi/216373693.jpg,bd10b1b1f4ad3b06f1af8db3f7f1f2df,874fef43c03c34f0
train,taxi,train/taxi/216398127.jpg,235d6bab09af504e8e53be0c8ffc4bb2,c062b713db3d1d91
train,taxi,train/taxi/216402445.jpg,3dd1d220c5b4072453ab241938551db7,a9919b53923ce467
train,taxi,train/taxi/216422192.jpg,e209c44fb4a85a58f4d84ea918810b51,d57aaa07a878a578
train,taxi,train/taxi/216432200.jpg,1151d2ee2ed91fff45a7f5284ac7a412,992ef891856ae36c
train,taxi,train/taxi/216435100.jpg,5000f7cac0fc788af9d8f67eb0dc5948,cb85a5cf7260cd8c
train,taxi,train/taxi/216524007.jpg,9199044c0b1bbbefca378eded9866283,bed8248f7630d28d
train,taxi,train/taxi/216526649.jpg,e372cbc2ba995e6ee9e744a316ec34e0,c3692d96303536db
train,taxi,train/taxi/216532535.jpg,0227524cafdeee10c1c9a7ca0d0adcb6,85dcfa8787296923
train,taxi,train/taxi/216555951.jpg,eda90f7f2d3b33d1e1eefd3dc6c584f7,addbadc0b03cf0c2
train,taxi,train/taxi/216560016.jpg,0358b3c180e7aa6fb2fc92b253eef031,82347dd3783c879a
train,taxi,train/taxi/216561625.jpg,4c01fdeee063b706eec5ee32d1a75965,c628af97b870b076
train,taxi,train/taxi/216562251.jpg,8eb26bb197986be5ee59dd7ee164ecd2,d035a5c0df3f1c31
train,taxi,train/taxi/216587611.jpg,29dc4c17d6ec592e727e301c3b87c643,87686997703835d7
train,taxi,train/taxi/216616342.jpg,c27f3bd5b773ae75f8899ca0329c4a07,c289af479870f64b
train,taxi,train/taxi/216616795.jpg,d60712fab06fc3448d555f745b65bc39,c5ae74c32996de21
train,taxi,train/taxi/216618122.jpg,81fab8736755020e086290314ace9720,813b3ff8a033b662
train,taxi,train/taxi/216629590.jpg,ab67335fa6f36cc85251a0d47b3ca490,8fda69823d0dc23d
train,taxi,train/taxi/216762705.jpg,be382db229b6d6d4d3be12e6fca67c8c,8fc57d56f2389242
train,taxi,train/taxi/216785981.jpg,7efe68cb32403ee79595eaadcc81a71e,c34ae94b96783a87
train,taxi,train/taxi/216787354.jpg,3ce62054641bcc4f560294d8b4c02d91,c13cbc43be2ca39c
train,taxi,train/taxi/216804552.jpg,cd9e67a0c6db50218bb29227871de5cd,d73d0dc23c2d924d
train,taxi,train/taxi/216816628.jpg,ed7d597ae9f95e14b44ac8102d9276b7,85cb69a33723c26d
train,taxi,train/taxi/216860191.jpg,9c9786dc5c4e5370872f8a6bc66b9109,c7692d96307075ce
train,taxi,train/taxi/216878759.jpg,aaacf41aeac6d48c06c1a77ee4850a4b,c260ed02d03fbf33
train,taxi,train/taxi/216893661.jpg,6ffda37f1a0a55bcefed1502b21429b3,c024b542da3f3f36
train,taxi,train/taxi/216929149.jpg,90a3b85a2e12d874fecc95029ce8cb78,c0d66fc0d03d353b
train,taxi,train/taxi/216952757.jpg,213bd384591582b0dd95991c833d764f,9669f886e7378258
train,taxi,train/taxi/216964234.jpg,ac1b5834d2eec42b752aff6e99c6d576,976868976178c79c
train,taxi,train/taxi/216968614.jpg,dd9960aed7b2b341a040e8f25a227c6f,87cf7982303cc7c3
train,taxi,train/taxi/217002049.jpg,121e58a9401d80513c908a86462e42ca,e0a72dc0b93d91e3
train,taxi,train/taxi/217054704.jpg,98a128dd2e95e43a85cfa93c91d8f734,cf982cd6e3699292
train,taxi,train/taxi/217058934.jpg,48cc434c8299de96b185fcf5630daa62,fdd334ca9230cd83
train,taxi,train/taxi/217088721.jpg,6bbce4f6533972e766d7b407055655ef,94786a8769c2979d
train,taxi,train/taxi/217093155.jpg,7f36876f48dddaddab88d798ecf0b3b0,851cfe1ad00a3ede
train,taxi,train/taxi/217111373.jpg,2e3dd4cf43bfbdbc298ac849bc3cb79d,c0c92fcf927cb434
train,taxi,train/taxi/217144560.jpg,9937cf8f3853239fc3855080a390810d,de699e33308ec899
train,taxi,train/taxi/217163644.jpg,32baf572a44ede36e7abe28cd6b49022,c27fa857956980ce
train,taxi,train/taxi/217170866.jpg,905f04575bf6ecf2c5c9cbcaa085e0cf,83d62fd1726bc328
train,taxi,train/taxi/217195564.jpg,8c9176142a84363d8631974b005f89fe,c16d2fc3c23c363c
train,taxi,train/taxi/217233737.jpg,9e6a447798c05f6b70e4b12c66b93b9c,eab434c2dd3d12b4
train,taxi,train/taxi/217243222.jpg,fc8499632a37872a301d6d33bc63f231,e068ad43c33d3cbc
train,taxi,train/taxi/217244427.jpg,0cf8c4d6a6a01f401625c0fd3d239f31,c2eb6dc0fb3b1818
train,taxi,train/taxi/217255043.jpg,42523f54a200eb93d68e1afc3162e98e,97cb7a876914964c
train,taxi,train/taxi/217264329.jpg,ce0c4abc7774d86674b9c439b2eb7c9e,976de906e83836b8
train,taxi,train/taxi/217270060.jpg,17135c5de3804af7f2bec4d766660a4c,8715f842b839b799
train,taxi,train/taxi/217285903.jpg,f8ee57d70232b88aca101459ca025f91,874ded4fc06871f0
train,taxi,train/taxi/217395242.jpg,6f79103f5002786690363db5bc413614,c07d25c33c49b63d
train,taxi,train/taxi/217405463.jpg,948b22def8d7ff6f44f19e8e41774ecd,dbbc3c923220cfcc
train,taxi,train/taxi/217426237.jpg,317758fbd7009938c3fb952e2341cf2b,c1cd3d92383dc3cc
train,taxi,train/taxi/217478871.jpg,b9aba21c56c01c14526451dc017b20f4,c3a92dc7753036b8
train,taxi,train/taxi/217482526.jpg,78319aa9a2d91b385360073db8d5ec95,c36d2dc2743432bb
train,taxi,train/taxi/217506735.jpg,84433c2ab649409d19c23488fa251553,c34ded55d038b272
train,taxi,train/taxi/217533470.jpg,3198ee3d9344b2304d078ef32c1044d8,857afa05a79a05e3
train,taxi,train/taxi/217544550.jpg,56ed97d7f4e8ebd487abd2100738e0e1,8bc83dc693789365
train,taxi,train/taxi/217548779.jpg,7a1df7c43a4edc6e1f7316a517b61b03,975bea0bc1383ae1
train,taxi,train/taxi/217570575.jpg,080e9fce2a6c261363bc26e6cd29ebc0,82dccb7436c05f36
train,taxi,train/taxi/217580230.jpg,5a21da059655698ff350541ca7dd955d,cab541da35c0cb3d
train,taxi,train/taxi/217601310.jpg,393b33bcbb45d53a85bb04d09661e0ce,cb8d3cca337089ce
train,taxi,train/taxi/217627944.jpg,28be892e2b542bb104d635b4782229ab,9778f806e729c1c6
train,taxi,train/taxi/217656357.jpg,37de2324c460f46a69005afed769575f,cab5b4cadf2d8230
train,taxi,train/taxi/217729028.jpg,a0a97915a305c5bd82ecf0ab984a4050,80823fcb3f3fc2c8
train,taxi,train/taxi/217747000.jpg,1d0da84916846b009789363624c88273,e38c5ad22086de7b
train,taxi,train/taxi/217763528.jpg,3953f5a398d7cc4412e9a1cd9699f174,c65caf83b178705a
train,taxi,train/taxi/217766035.jpg,7121953ad8a2595eb2c83debc50bd40a,977a78856923869e
train,taxi,train/taxi/217787108.jpg,7126ed35b3ba8a3f8345ef79dc0a9f2b,9539e847e568c6ca
train,taxi,train/taxi/217799839.jpg,4bc178670b9c10620777f9f67abe25d8,b556d249d929c8d6
train,taxi,train/taxi/217814325.jpg,d1c8dd7765a54f72e428797fba77b3d6,835ffcc00727e326
train,taxi,train/taxi/217834801.jpg,8ab2769874671896a29eb691d60f6918,c02d2fc3323c9fc3
train,taxi,train/taxi/217898024.jpg,b1dcaad64cf07497162b45e34944d1f1,c2a72dd0da3b368a
train,taxi,train/taxi/217951846.jpg,17574db55407d0592ea0c5baa59236ea,82c33dc3f83d96c2
train,taxi,train/taxi/217977572.jpg,dcfbd2eef4eec8de483d7956fd5b6764,c0ad1fd23cc1cf32
train,taxi,train/taxi/218000849.jpg,60419f8ffde7b1e711e5193356955006,d569a953a83d866c
train,taxi,train/taxi/218002619.jpg,650c23813ebd56fd7770ede9fa7108b4,cbbc2cc374218bce
train,taxi,train/taxi/218009858.jpg,1fa2099e2d5d7c8b05f30b02e82f585d,bcc12d87673cc38c
train,taxi,train/taxi/218024619.jpg,a1dd3182d9d23850675453f975f5c877,9758f807e720ce1e
train,taxi,train/taxi/218045822.jpg,2481314026a0f61b712b63af835395ed,c7e82f87347130d6
train,taxi,train/taxi/218051297.jpg,3e4aff1384a37891fac438cc8ec7d53e,961eb81c853d35e5
train,taxi,train/taxi/218056965.jpg,917fe7b5cfc8d410e82ba430333f1c77,d21da956c769d207
train,taxi,train/taxi/218078057.jpg,09e89f856856d1b6dad2dbea57ee3efc,936ced07f034ca4d
train,taxi,train/taxi/218093052.jpg,4ec5289037faef576593325a24539752,9a12b81a976c79b5
train,taxi,train/taxi/218104747.jpg,af883690de61f80e012ed97013613df3,cbbc2cda926485ce
train,taxi,train/taxi/218120685.jpg,6b00d7c8214cefb30b8fe355f4ec6a79,de5dfa13813025e3
train,taxi,train/taxi/218136743.jpg,eb72280b26be1a4e634e2b28232911b8,d73f38c66038c2dc
train,taxi,train/taxi/218147453.jpg,afa7e660a3d3b020d2ca0d279a7ae35b,c04cad43d23cbb1f
train,taxi,train/taxi/218156501.jpg,de6d93c10b6bd9b8b44c8dfa961aa934,c23f3cc0b765e162
train,taxi,train/taxi/218159183.jpg,9c0fc1356f94fefa8b458ba1c75b100e,cb3da5c272367381
train,taxi,train/taxi/218169975.jpg,b188867dfed45814551ab603ecb39803,d29cbcc294adb1b1
train,taxi,train/taxi/218201278.jpg,fefe96cc720240be058ebc08d9ffeeec,c341ad4fc07c3cf4
train,taxi,train/taxi/218203719.jpg,92ec8e45c181460feb0788e07c854714,870cfa13d139e565
train,taxi,train/taxi/218205147.jpg,bafeae041b80f22191361619cd470702,da3582dd24c27f1a
train,taxi,train/taxi/218213642.jpg,c4bfb6c4c5c29f4446389759d6a9a0d1,b7d97dc2306882cd
train,taxi,train/taxi/218219642.jpg,79b96e19bef455305bed8a4225879935,cbbc3cc324c39b98
train,taxi,train/taxi/218228771.jpg,8b5b3237a5219deac9bac03dad0a5761,ca913dc3362ce1ce
train,taxi,train/taxi/218243301.jpg,3e54f414a8848d3ba9c9924309934c7a,9f49ec07e234c2ce
train,taxi,train/taxi/218248245.jpg,2bf70f00f8d06ab5890dac4db10c3603,bcd9658f3261928d
train,taxi,train/taxi/218268791.jpg,a06c1bccbc7b878b76c19178f4de884d,86fc6f83312fc834
train,taxi,train/taxi/218270063.jpg,6f99450770d5ca505aa6905db36cbbd8,d079abc58529b13b
train,taxi,train/taxi/218279077.jpg,db797be46e2536c4eca4fe8eecd5e4b8,a4da6ac1367df0c1
train,taxi,train/taxi/218320753.jpg,d4b78683e4c7a5a46b2fd59a3bd44324,cbbd3cd2b36080ce
train,taxi,train/taxi/218321884.jpg,6c1959d035e72164dd39d622c3b6b55c,ca9f3cc0366564c7
train,taxi,train/taxi/218339564.jpg,8257ce84da1fae08890530d0a35682c5,d221ad56927d75a8
train,taxi,train/taxi/218342807.jpg,6e8f1b9c5fefcecdfe8f8988b0bc7b6e,af3dc94bf07cc0c0
train,taxi,train/taxi/218343681.jpg,e09a3dd3386d2320e78bd64d454c97c6,d72a299664793473
train,taxi,train/taxi/218360827.jpg,b206e1c32f19112f8d8b5e0f27475fbd,9dd8f8068769e507
train,taxi,train/taxi/218377804.jpg,d1d79c9ae3452b51bf7cf6303ae5eaf0,d29d3cc227656167
train,taxi,train/taxi/218402981.jpg,97ca63537db17029a9a574af60851af9,c3aa2f97307134e6
train,taxi,train/taxi/218414701.jpg,1cb9304341cee0866f92d63817d7133d,e7a62ccb3089c63e
train,taxi,train/taxi/218501211.jpg,a4142b51444d87ff9825bc1549a097dc,97399897694aa369
train,taxi,train/taxi/218521917.jpg,2ab925fe389995a55ff95365d745bba1,c0e637cb9b3f9030
train,taxi,train/taxi/218522456.jpg,6e72911cd3eeb1d48ade77d22776c737,c3e43d823cc5d03f
train,taxi,train/taxi/218567436.jpg,51e1508e61ae705c3d96fc71dc34e47a,c0b437cb3c3cc4e6
train,taxi,train/taxi/218578770.jpg,12d79d7a029cb72fb3e2ce4f08fc4d4b,d2892dd2b27c34e6
train,taxi,train/taxi/218580315.jpg,1846a2f56269050dd58143d0b71445eb,857efa03903ce4c7
train,taxi,train/taxi/218597916.jpg,05c06b8bb7b99be97b7ce46eb7c30620,c7892fd790783076
train,taxi,train/taxi/218655409.jpg,05b6253b5863622fcea3fe53b3a62de3,d56d78923845877c
train,taxi,train/taxi/218670583.jpg,3d2edca1e9b6d5a007e2dadbea82b54d,9e3198f2618ecfc4
train,taxi,train/taxi/218681190.jpg,061993d26fdb2ff89a4b5fd40e9f1aae,874ded579034b436
train,taxi,train/taxi/218685986.jpg,212e07879056ac6df4e9eaef02933aee,d76ca947c238b638
train,taxi,train/taxi/218690372.jpg,6056adda78820941f5aad7ef6368fe32,87c97897303c87c7
train,taxi,train/taxi/218738200.jpg,5ad17ba552fa0d4002b886fb7a84b005,d29228978569c7e7
train,taxi,train/taxi/218748243.jpg,00d7cd195799ce9f531ea8782b1966b7,c7d96d90e22d9067
train,taxi,train/taxi/218787302.jpg,712f863c7cb2fe6aef1afb7d6e716c34,da9d3cc236256167
train,taxi,train/taxi/218805085.jpg,917bf8a57840ea1dada627be926b7c37,e98d6e92343cc2c7
train,taxi,train/taxi/218811381.jpg,b2fe5714fea35f7f0fe24685555d93af,8054ff42c23e3eb9
train,taxi,train/taxi/218813121.jpg,03caaed9e148aebe5f76228b19c3a65c,d14baa47856879b5
train,taxi,train/taxi/218832954.jpg,2c3e0055684ecf14c59b5d2416424c3d,e7941cde32319aca
train,taxi,train/taxi/218834664.jpg,4f83179fbc31ca624d1f8c6a42f993b0,867dd9836487c99a
train,taxi,train/taxi/218835592.jpg,abf4df6f67def2b95f0835b066f5f6c9,d27d811f88c13fb8
train,taxi,train/taxi/218861019.jpg,a1e2ba7d110499fea32b50d079ee94b0,d22093676dc39cd3
train,taxi,train/taxi/218887865.jpg,6bddae4fab9989f920ac1bb2e9d37cc8,d278ea139c24e76c
train,taxi,train/taxi/218901805.jpg,ca6c1b242243a4e27ba882537c330279,8756da48d2393f31
train,taxi,train/taxi/218932282.jpg,8dca43e619178342c19c9f51e672db5e,d67ca817a561e64c
train,taxi,train/taxi/218937266.jpg,d02237e9e5fdd237b4675539672417a8,c225a542b03f3eb7
train,taxi,train/taxi/218944731.jpg,6ac9183be9e7b0f4499755ba841b2db1,8a7025c7773ce166
train,taxi,train/taxi/218948357.jpg,bdf91fc29081a66bc66024e77987410a,f063ab1e864e1eb2
train,taxi,train/taxi/219012191.jpg,3430cc03bc0ff190355139c7f2706bbb,82ce6cc0fb3d3638
train,taxi,train/taxi/219027793.jpg,a3477845a94929e2464a71641c1cd958,8749ec5fe33034e2
train,taxi,train/taxi/219055248.jpg,dec6f8c9347f2321aaea84cade024052,8729fd13d078c6c3
train,vanet,train/vanet/194285934.jpg,26f805344c42a579b047baf767ea85cf,b4c939879374928f
train,vanet,train/vanet/194604026.jpg,297d578ec32439ac363ebdac1e4cfdab,f860246d9eb4d497
train,vanet,train/vanet/194840733.jpg,aa7d1115a489cdef0aac81ccc11301d4,a88796dae024cf76
train,vanet,train/vanet/194841865.jpg,7c9659b17045e3ca6a850dbdc2bc8039,ec8ec3639e613496
train,vanet,train/vanet/194936120.jpg,cc7958f0bb555cf00f314bb2cc023b37,a5928bcdce259a33
train,vanet,train/vanet/194942215.jpg,e676c0c7641084e15c054050e566f767,ea81addad0748e8d
train,vanet,train/vanet/195136808.jpg,d309bf93759eccd4ba90add0cb89e149,a5c32793fc3838c9
train,vanet,train/vanet/195274804.jpg,48959da7ba3db084ca2289bf58e8f1b4,83a73cd265698e9a
train,vanet,train/vanet/195297859.jpg,f5aaa456d6c96ed3cbefee1feddd78a9,a5e1f127d7346921
train,vanet,train/vanet/195489956.jpg,a8f0377370f13386ce1bfc870b65dfaf,a9e3e986d638c325
train,vanet,train/vanet/195623474.jpg,588b314ae97ce1a2be48695f8cc2cd0b,eda106c39e9e8696
train,vanet,train/vanet/195691366.jpg,c9655238a452f709db4682e1f1b92802,8a836c9ed678389b
train,vanet,train/vanet/195729274.jpg,1580fff1a7db4af2ad3dac2b302349b9,ad2525d7923938ce
train,vanet,train/vanet/195737410.jpg,187567ae082f33d081a9ae2c95539bec,ebc196c3342dcb32
train,vanet,train/vanet/196163447.jpg,e6196f342a615061afb93c5d09ab38c7,b2c40bcb3435db72
train,vanet,train/vanet/196271519.jpg,ed1ab2abc24230ee9e468d2c6c186d0b,d68734cb353cc364
train,vanet,train/vanet/196305661.jpg,cdeaacebb2bf889f9ce000db8b99c731,d292699fc628669e
train,vanet,train/vanet/196322593.jpg,54386696c411fb84a7a6299e1654e6eb,ed92b4cb32cd8e30
train,vanet,train/vanet/196577840.jpg,5741156108fd6b4217a08f02adea38dd,c28b3c966d879a9a
train,vanet,train/vanet/196587192.jpg,0081e3a8938ab6406d709c0a97154c8f,ad35788ec7693494
train,vanet,train/vanet/196600810.jpg,3f8f3736788964101edc58b2d5690feb,adc2e09f70369678
train,vanet,train/vanet/196659846.jpg,acda808ab3f15c2176f10983c8d9877f,ea943592d2686f69
train,vanet,train/vanet/196691380.jpg,713ce2ab3802be7f1a301d2f781c6e21,8a83b597963e1a2e
train,vanet,train/vanet/196935586.jpg,ba0b161ef7a5741ad0c4d691919fc54c,e994df7224cb3289
train,vanet,train/vanet/196951112.jpg,ee5e4d07bb7f206bd78f15f5c77334bf,d2cba9968e6525aa
train,vanet,train/vanet/196958341.jpg,a4ec513e0a668b106d75850f93355a56,f2aba452276a9e64
train,vanet,train/vanet/197012948.jpg,53924277e29fb64b095434cabb2bd62a,a569e9ce721e9298
train,vanet,train/vanet/197030864.jpg,253931e2e95a6a2b7c9a764e349e8238,c7853c7c35973072
train,vanet,train/vanet/197050396.jpg,c314b73b25446655a13d7fd655ca631e,fcc6389cc338743c
train,vanet,train/vanet/197051875.jpg,6c7a26f959097c3ff753a2da4fe815b1,e985d6d63c9661c8
train,vanet,train/vanet/197145624.jpg,557646a80e20a50cac91291925b1cb22,ea949459612dcb5e
train,vanet,train/vanet/197230014.jpg,2637d56d3c007a32a891d3df0fa54745,c6a732926527d99a
train,vanet,train/vanet/197248106.jpg,b3fc7806ecd1b9c30c329ffb42f3187c,f0ca8f874d1cb4a5
train,vanet,train/vanet/197400566.jpg,b3df41a12aaf578aa4952d97c72eeec7,a7c0d207623dcd3e
train,vanet,train/vanet/197410959.jpg,abb058aeb831b40d3a158acd34daca6c,87973c7125639999
train,vanet,train/vanet/197508757.jpg,91c103f39b7ada62236f8a695d46400d,f2306dcbc33161c7
train,vanet,train/vanet/197526482.jpg,9c8192eb3bdf6637b94a73ca6d791c68,aa94a94a8f699e33
train,vanet,train/vanet/197599935.jpg,e64417971e3d5a15d9a35e7b38d6066f,d4388743698778d7
train,vanet,train/vanet/197642949.jpg,3a57bb8a955a30752783b47937a79fbe,96f67c8874643a8b
train,vanet,train/vanet/197702697.jpg,967d56272d1039c5bac21318f9b3d58d,9e7cc1336ca43c69
train,vanet,train/vanet/197762795.jpg,0fb09ed331e4bc801b80499e5898714e,d00f2d70c36d61e7
train,vanet,train/vanet/197800952.jpg,e10ff5971f048b6ac742f33025e8759f,d3b98c603b72b0b6
train,vanet,train/vanet/197801257.jpg,231547d149da8347fcda132c3b63e599,f0e1c3c661d6986d
train,vanet,train/vanet/197838737.jpg,39c3f82ad3a4e68e9cf912b9cc85f420,9f41e11eb2619e69
train,vanet,train/vanet/197986381.jpg,53a39f3d616ce560688747dd47ffedc7,e9c1968f9834c373
train,vanet,train/vanet/198019923.jpg,a3117434d6501da02a27873a317ec58d,dac46ccb9634c3cc
train,vanet,train/vanet/198055205.jpg,8c98a9250be2766070097aac01482a64,dbd432c9b9308d8b
train,vanet,train/vanet/198067896.jpg,3c725f85a006c5bde96974c2322df31c,f815c3d66b34528e
train,vanet,train/vanet/198083699.jpg,0ad3036c88710ce3b0a0670ad6d4c081,fdc2c08fda386534
train,vanet,train/vanet/198100361.jpg,55b80528d6c03ddb15341a091a6ad00b,9ea4619663699e66
train,vanet,train/vanet/198119089.jpg,874933431b2becb8a2d3e476e6ef3ad0,b6fc8b30c5e631d0
train,vanet,train/vanet/198237870.jpg,069534e3eebb0ca3126ecfeba53aaf90,aac096cd3224cf7e
train,vanet,train/vanet/198246401.jpg,d8c40cf4fc31ab574061b2b90a8b2e56,e3f5d8d834c2306d
train,vanet,train/vanet/198248524.jpg,1103d6973683374a9dd6b99730651d6e,fcca65c238cec638
train,vanet,train/vanet/198361421.jpg,e86e96aae4a9a629936fb4f05d741aab,d52a039778b53a78
train,vanet,train/vanet/198381413.jpg,d2a0893df49809010e4380de57d9211d,c2c23dcf2d30f02f
train,vanet,train/vanet/198401066.jpg,71d0f8aa40898a02390fdf6d0f496469,d2ad2cd6288bb371
train,vanet,train/vanet/198484121.jpg,fbba5b909361ae0007129302796ecc8f,f89674c2c3798aca
train,vanet,train/vanet/198502993.jpg,aa760fa7a53d6e2353916a7b7d92e0d0,c6e8913bc7963465
train,vanet,train/vanet/198521244.jpg,a764e9e010bb571f7a0176ab78f18eef,b7c934da7869c234
train,vanet,train/vanet/198628181.jpg,83db6bf24658dd47675d8944bdff8e92,9cc663b99c61982f
train,vanet,train/vanet/198682197.jpg,7c333a5d1d7ac8b5195c02c629a6f48b,e0ae3f52d2258ada
train,vanet,train/vanet/198693433.jpg,b42a60211d26dff3fe94ef2889f5fdc8,b6ca618e93658e93
train,vanet,train/vanet/198738633.jpg,748f47ff92201e67aed245f55fd63c3d,f8ad85d2832d8eca
train,vanet,train/vanet/198922511.jpg,dc3a08964c0f39d08be57fe70e880b8a,f9d3b64c3024cf13
train,vanet,train/vanet/199126941.jpg,db59c831ac43ba6c2f68bc60484371fc,eae1859e3cc29369
train,vanet,train/vanet/199158191.jpg,9d8c188961e5eeb78b28d056170cda62,8d6a976895639c4b
train,vanet,train/vanet/199169585.jpg,7b1201f004f30e58e6bb71ca2b95bada,eb28926c719dc54b
train,vanet,train/vanet/199280248.jpg,955740e4c873eeb5de15a16891ac7fde,bcccc33390658ece
train,vanet,train/vanet/199334653.jpg,7d126f5af720017e34a77fcb4fb7de68,bc3cf0298761ce96
train,vanet,train/vanet/199339196.jpg,01fcb374bf3b475ec1eb2700beb186b7,bcd4c38bd9698623
train,vanet,train/vanet/199392072.jpg,6d0828b4e2a037a86f317dac807fcfb9,9e68e89ff030c33c
train,vanet,train/vanet/199411077.jpg,a6b6a76ab97314da4eecf0f13a9a27f0,a8d4a6d69a39a6a6
train,vanet,train/vanet/199447894.jpg,fcd0ced76914698ba953a01583f91502,ce87b686936f1a18
train,vanet,train/vanet/199550450.jpg,dac45caa3ce5f2ee7c23ae3d06c7ae6f,faf23c833c693990
train,vanet,train/vanet/199832901.jpg,b36d94448f891260a5287604fa316e54,bcc3619e9a61869e
train,vanet,train/vanet/199942704.jpg,46707623fbc0b0bc8fd0ab4204704199,dafc34cb39918a38
train,vanet,train/vanet/199953375.jpg,5be58822b395256617ce7941f26bf3fd,bcb661c75949c338
train,vanet,train/vanet/200024004.jpg,bf1a2ef91a69cddfab38245c88170d39,96c3499e72698e39
train,vanet,train/vanet/200298503.jpg,c374959ec6fd891438de733381a4ef13,c3bdad948261c2e7
train,vanet,train/vanet/200389158.jpg,11fbe112c69b09ec474badb1493bfc1d,eba587d23428d86d
train,vanet,train/vanet/200481076.jpg,e082d3c1ae0cf86afab8dbf4312b1556,be83719e30309acf
train,vanet,train/vanet/200533750.jpg,83b19c473588bf7a6bb9abba663cda31,d3e02cd63cc36d61
train,vanet,train/vanet/200609458.jpg,1c43e92d9471a7df73cc3a8dd02a7332,9ccb613473389e27
train,vanet,train/vanet/200809636.jpg,982f9eca237935b23344884b39d3f818,ef9dce3064233866
train,vanet,train/vanet/200823882.jpg,cd7a1b075bf0064fabb7b21f65f430a1,e1c1869e9c3cc36d
train,vanet,train/vanet/200843665.jpg,50cabc2c40a90f90773c5111d2088301,bddf8280299dbcd0
train,vanet,train/vanet/201758472.jpg,a0b1de0501a92de1b99e84065fcf7127,96f0608fc3718ece
train,vanet,train/vanet/201998076.jpg,84730316474802a3c532956c22cefc1d,f7e8689e61619c61
train,vanet,train/vanet/202121208.jpg,589fd511f1625f966dfe5d805bc7cd12,cacc34c3c27467d3
train,vanet,train/vanet/202177183.jpg,454361284ff1688a6778686e4d7f91c7,e9c3928b8334cf9a
train,vanet,train/vanet/202784956.jpg,0986e91f7b305a287cc25ab828b3f6a1,db94406dd3565bd0
train,vanet,train/vanet/202794779.jpg,d9266f1d29adadcb5fbf35bbe362e22d,d6606dc33cc39c93
train,vanet,train/vanet/202810079.jpg,5a6ba769f4fa09c51351bda8920b11f5,9ff550422dc36d70
train,vanet,train/vanet/202819083.jpg,30be4807e9fd08be53dc345a7dd29d27,f9e086ce8a3cc636
train,vanet,train/vanet/202926245.jpg,36665b2f6ec4fa71eff698a633d65c4e,a9f161877c604b9d
train,vanet,train/vanet/203138968.jpg,6145760953359482d4b2c40b295acb57,e985969e98389e33
train,vanet,train/vanet/203213711.jpg,1427ce05187135c87c99b6cbe14025d9,b1ca653c9a619cce
train,vanet,train/vanet/203265997.jpg,95c817a290de55181a825151b601a6c6,8fb931c33c939626
train,vanet,train/vanet/203269085.jpg,7e1c7ad8a3b9c9350de5d6e366468df9,bd9769ca9261648e
train,vanet,train/vanet/203270338.jpg,81c276352a75a3dba3599a35b59077c3,f896c3c98e619e31
train,vanet,train/vanet/203413968.jpg,ddba9756cd082102a1148ecc5ef0bf98,d0cc3dcb87609ec9
train,vanet,train/vanet/203739270.jpg,5f75e948dcd541f65c50051d9b67ae14,92e88765d69a6d64
train,vanet,train/vanet/205262878.jpg,95ecebcc21f3d2f9accb4ae24ea94d2e,e9ad9239d5c51570
train,vanet,train/vanet/205327149.jpg,5db55a0cb3f4ed1da765a268a4dbbda7,ead581d22d4ec25e
train,vanet,train/vanet/206108673.jpg,db3e367053b34cb5f83c277f5055722e,a9879e989e6161cd
train,vanet,train/vanet/206146531.jpg,e3eaf3a0886cf0e16338b875c669582c,fdc49e9cd032c447
train,vanet,train/vanet/206177192.jpg,a890ecbb90bb8f0fc4e83c7099c5678d,b6c96d9334919a6c
train,vanet,train/vanet/206569698.jpg,4f5fdc7cc8852e30ccae167e4fe28b3a,bcd3e11e8a61db30
train,vanet,train/vanet/206739448.jpg,4b3f18fe07d8a97e46c56ae930a66359,bed62896686d9a83
train,vanet,train/vanet/206926152.jpg,c8be79a60969712b4378b652345b5113,a39570cacd709a6b
train,vanet,train/vanet/207016564.jpg,a9640eeb8b6cfcb591992fde8faa2b8c,d4638b16eb1ce619
train,vanet,train/vanet/207057519.jpg,60a8b6cc4024e3a3c95e56264d8007b0,ad868693389b6d65
train,vanet,train/vanet/207156622.jpg,813407cbf031dc145c37c37fb1af5d11,cbf874c30634cb8e
train,vanet,train/vanet/207379908.jpg,a7c0067f0b211b31ad11f06d7de531bc,9ee3e09e21dac760
train,vanet,train/vanet/207385887.jpg,82415d400b3e45e5540dab53a664d4c2,c285a6dead289778
train,vanet,train/vanet/207410682.jpg,6582b66d5a5bd4550aba05aa6d1d2eb4,de3569da619a9261
train,vanet,train/vanet/207702391.jpg,33202a34585f60550757596b3d253543,d26dc7271cc33c92
train,vanet,train/vanet/207721906.jpg,4d53d3fe38ea2a63be9d0832e3fe019f,d21e8768716369c7
train,vanet,train/vanet/207739732.jpg,876fa4945a62634f3e01bd8f6a9d3473,f0b02dcdcd319e62
train,vanet,train/vanet/207749551.jpg,46aec157e5a2c21d312ea4ef5c7ff104,9ad1e10fc624db9a
train,vanet,train/vanet/207752161.jpg,242cc2808ea20681bbb198c6dc0a0a0f,bcc2619e61ce9665
train,vanet,train/vanet/207803201.jpg,3a04ab90b0898ce1a63f0209bb43752c,d70e8b0f79313499
train,vanet,train/vanet/208129801.jpg,c31e0a8686215b2a2f629d80a8cc5d6b,9661699b70dec661
train,vanet,train/vanet/208237798.jpg,4f94ed5c208da6a2ebe7b94aa26b55b7,8ca3b4ab313c95c7
train,vanet,train/vanet/208328663.jpg,55e43de794f062edd10246807047ff40,dff0608735cb8638
train,vanet,train/vanet/208339363.jpg,a3d9edb6a22847ba2ce99bda39af2e10,bed1eb9f618c9060
train,vanet,train/vanet/208422550.jpg,1176a73a8082932f0e18b2716fea3146,e08fde432dde203c
train,vanet,train/vanet/208497709.jpg,ec1d2d1e69970845b4e8371c17a2bac0,d2adf69e699020d3
train,vanet,train/vanet/208593884.jpg,d4a07eca6fb1d3966bb0cf9f3c596859,bfe0ed9e60879320
train,vanet,train/vanet/208635729.jpg,22f059a5470e31947321f263597cc158,d6090f7638f7884b
train,vanet,train/vanet/208707423.jpg,0f1fb71aa8bee4d34f748f81e2f19c3f,8f68f23434336d4d
train,vanet,train/vanet/209014176.jpg,5b1d37593e9a585bd6e722f6c64eb08b,bee1c59f60c489b2
train,vanet,train/vanet/209096424.jpg,50b621e38037b66269cdce69259db333,b1cb9c98c325c39e
train,vanet,train/vanet/209271297.jpg,40c01f1665afab1d7fba2536999bfccc,9748e807cb38c73e
train,vanet,train/vanet/209493858.jpg,dddc7ab683e94c7b1ab7082a2464d33c,b5bb3f83982d032c
train,vanet,train/vanet/209501291.jpg,d4991e82e90af3c456aa1cd7da589c75,c08f3dc2d23d37c2
train,vanet,train/vanet/209780947.jpg,a32dad909a65387113c3d8f97812a206,c1877ed22d96c338
train,vanet,train/vanet/209919775.jpg,ffab9c7f336cf699cbd2443473668e30,deec3fc324648b90
train,vanet,train/vanet/209937838.jpg,e61435f17d2a413369a8de6aa8cdd4d4,f08bb9969338b938
train,vanet,train/vanet/210121027.jpg,3a9d59cb565bb934734152fea6bbea9d,9052ef41e33cb06f
train,vanet,train/vanet/210379308.jpg,f10fdec0fdcf0a898951b2e776e1f2c1,9ca5619e676398cc
train,vanet,train/vanet/210908141.jpg,40edf8102dafc92c83dec82436aaa986,9f7c618b309ece0c
train,vanet,train/vanet/211821251.jpg,aba03afd4db3cd1a33e1a6cddd1e80ed,d25ead42ef2dc029
train,vanet,train/vanet/211868443.jpg,9483d1f8f7592e97e0c8e297c0b93308,84767f29c02deb34
train,vanet,train/vanet/212130689.jpg,a39e2f7ef0bf420b86df0537589557c5,807e817fa25d67c8
train,vanet,train/vanet/212177980.jpg,c363686545e4307e417f4ff69cb249c9,de3fad1e9260e441
train,vanet,train/vanet/212179510.jpg,bb328073de4308140b6a1af67901f643,e16af815872d961e
train,vanet,train/vanet/212199241.jpg,d15fe39fee376594e5051250c3b9dd8a,fd3d8d80635b603a
train,vanet,train/vanet/212246766.jpg,d9281fa2d72c88b9c8e2e08f66573e6a,87f439c36425c3cb
train,vanet,train/vanet/212286109.jpg,b897c7ce7cc9ee5ace1dfcb4c86f0f84,d28529d395698b6b
train,vanet,train/vanet/212465016.jpg,16a6658ade4383519b8370cfcbead27b,d3392dc2c62d92ce
train,vanet,train/vanet/212665899.jpg,646b6076917b2d711d568038074a1a0c,852fde41fa1ce05a
train,vanet,train/vanet/212755321.jpg,322b5cb89a67332d0c52e565c0aeb798,c60cac5c966d7533
train,vanet,train/vanet/212899489.jpg,2653d0886b428addb3a364ebebbc317d,d2a128969f6bc762
train,vanet,train/vanet/213024260.jpg,e255d682ea6349d816827e673de96167,8e3434ce69c791ce
train,vanet,train/vanet/213201102.jpg,5e61094429805def76ace46ed4aa0320,fe3cb464922c8fc8
train,vanet,train/vanet/213213974.jpg,0d118cc2dfd1f4904d0157875400d66e,d56aaa87aa6b8538
train,vanet,train/vanet/213474257.jpg,19b73ffcfc75a1afd24a830600fae480,802cff05ffc2c0da
train,vanet,train/vanet/213499081.jpg,a42fff562fd51d445cb91070e13e0636,dabdacd2c361c42c
train,vanet,train/vanet/213510187.jpg,33e3fd8fb45d809d74cc979814423081,c849ad40d23f3cbe
train,vanet,train/vanet/213512974.jpg,cff2f6faf998ba6073b67d4e19ccfc9d,f82d8a5497783da1
train,vanet,train/vanet/213516467.jpg,2a9accd39e3eb655036fe109a5226c7c,f7b629b5d5c2c808
train,vanet,train/vanet/213788075.jpg,6f53fcec51b130bc20c24f44db6a90c4,d5b52996a569ca94
train,vanet,train/vanet/213797207.jpg,5591b07232f817f02166717561d4682c,9e7ee002c368e36b
train,vanet,train/vanet/214048101.jpg,5f7fd3af6220b5a3324a51947fdbc681,c32fa8da9769b025
train,vanet,train/vanet/214176969.jpg,f7a4d28d254758182eccd21fef350895,aae03dc3c33cd1c3
train,vanet,train/vanet/214534544.jpg,2fd700eb47ab207a9b2df3d048d2a624,bd9134c29b2dc2dc
train,vanet,train/vanet/214570473.jpg,1e8df118a5c0552dbb14d802d822ddef,d4a0ac968c686f7e
train,vanet,train/vanet/214572271.jpg,4794eeafedf7f9590809d589ca8c3351,d7d6387821d36c61
train,vanet,train/vanet/214575134.jpg,6cb0dfbaac6b61aed97158e04629ada2,c20faf179768686a
train,vanet,train/vanet/214596732.jpg,17cc1a62bc15ec7757f8fdec7f12d858,d258ad16bc29d569
train,vanet,train/vanet/214679839.jpg,612ee17e4d117e118cdc4923066967de,fa6b29c2c769c348
train,vanet,train/vanet/214716307.jpg,4e1bc535b35932e4d2edd896b3bd8473,f88bac96c3398798
train,vanet,train/vanet/214726285.jpg,af4011ac660a5c58c8e94ba334adb8fa,81c16fc2923f36cb
train,vanet,train/vanet/214758714.jpg,3dcb19bfc78744077937d6ec8bb1b6a4,d73ca947b83724a8
train,vanet,train/vanet/214776623.jpg,2d287d5cb8a7501444cfdeb253741ca5,af967c12823c9793
train,vanet,train/vanet/214844236.jpg,ef3cab770c805c85aa9b94f05499e0ee,a625d4d26866d6da
train,vanet,train/vanet/215621022.jpg,6bea5faf852ed3b809d9b63a43abb376,c2ac2fd224cd927d
train,vanet,train/vanet/215649880.jpg,5112906b2fca7731baa837a638349070,d42f2bd02f48b06f
train,vanet,train/vanet/215698156.jpg,c1930ee50cb40efab0212e0ca1716313,b7cae4c1c26dcb90
train,vanet,train/vanet/215738096.jpg,4484f07e96ee8abb84368251822c5d16,d7b4d25a2ba19961
train,vanet,train/vanet/215891603.jpg,1b13ea77ae3d20a684678ba15c1ee797,d760a806c369b67d
train,vanet,train/vanet/215977687.jpg,308cce39c4b531fd749598b2d79a9ae7,d677ed12b14d9032
train,vanet,train/vanet/216034128.jpg,f7299ec40d6d3bfb690fc6c82247e891,803baf22f23b2b95
train,vanet,train/vanet/216107182.jpg,a5afa4a057a0fb1f8126e5bc1f98d9bd,a5d6cbca3b2b8191
train,vanet,train/vanet/216342000.jpg,5945f404487f8780782d10d001338510,d2568752bc287d2d
train,vanet,train/vanet/216352099.jpg,293be47d486e4b9ee0594b78efd985b8,b47fdf00a25fa026
train,vanet,train/vanet/216462815.jpg,d397d05dd187f8e317d0fb31cf3b2573,810f7e30e367817b
train,vanet,train/vanet/216485447.jpg,9ecca74d1d4d03302a1654f80551569b,826dd339d337cc22
train,vanet,train/vanet/216566708.jpg,885fb7e6f9299053832d76df733ae6b9,d3ca2cc3c33c96c3
train,vanet,train/vanet/216608800.jpg,81b46d650cfaf9a006132108eec9843c,d57ad98778856a18
train,vanet,train/vanet/216618067.jpg,28dd5a64d55a5920067285ad3f1ede36,8716fb0bc13dd02b
train,vanet,train/vanet/216713191.jpg,9d07618a5c6a56922b29529a06507d29,c78aa8949ea9e1bc
train,vanet,train/vanet/216797745.jpg,96c8bfdf7446d42bbff21efaeb5101b3,903edf01ea59a56a
train,vanet,train/vanet/216830335.jpg,4bc55855d5fdf17f2ede685b7ed44bb7,9537fe74d48620b4
train,vanet,train/vanet/216849972.jpg,c0618eb6d613660fde300b139e683fff,d4252b52af7dc02d
train,vanet,train/vanet/216972735.jpg,743fb41fe90c8c9e77d9ef058623652f,d729cad568969562
train,vanet,train/vanet/216976584.jpg,a3d3539a81313c9a6c95f433d4bdd10e,a825bd4ad278c796
train,vanet,train/vanet/217018686.jpg,e4694fa0c52d6de61c19eb20a69ca98f,842beb90b34df037
train,vanet,train/vanet/217021452.jpg,bdffe742f7f5ce1cb1f7132a3ef13c32,92e125f2c9cdf306
train,vanet,train/vanet/217097271.jpg,e99f9bad329058037d603a465092fc75,d339a912ad67c60e
train,vanet,train/vanet/217170964.jpg,fb842d9354c81142e0c2434d7e0ff447,f67aaa3e90c02d87
train,vanet,train/vanet/217178596.jpg,feefba050750c332eb273f234c939660,c8c92dd0f03fb2d2
train,vanet,train/vanet/217216852.jpg,a48545d74c000b6a246de3781f43e7af,c52bb885fa58e478
train,vanet,train/vanet/217260102.jpg,defa1cae015d5af68d4430b7bb582c70,f4b63f96c22d248c
train,vanet,train/vanet/217279618.jpg,5dc7e03e7c8f8e7dca574315d8c92e0e,95d67e07923c2716
train,vanet,train/vanet/217515157.jpg,aaf4bf70ff56473353f6f150dc2ac6fc,c3907ccf2d05d671
train,vanet,train/vanet/217558673.jpg,d07f7a2a84bcce38610870194395345a,87c07e876829f798
train,vanet,train/vanet/217570438.jpg,6cbd2200a451eefce0b42b8a308a16af,ab359516fa61d065
train,vanet,train/vanet/217829551.jpg,3a144e56076e0e1b60fd9a1c06df74ea,815bfe09c23c3dd2
train,vanet,train/vanet/217834045.jpg,3ae4726355db6e8f445b30d6ee11c512,9616fa5b8179ad41
train,vanet,train/vanet/217881286.jpg,f9645266dd57503df946fa05878774e1,d03daec22d68e9c6
train,vanet,train/vanet/217881742.jpg,76ca7d03c43f50bdfc2d4b41d35361da,9273fd0ac23cb2c9
train,vanet,train/vanet/217970196.jpg,2a46e7a8d9a4dcd8723ee84ebde97f89,8b2fb810f050c7df
train,vanet,train/vanet/217981226.jpg,3db0e0ec4adcd20c16e773586dc8185b,f8218178a5392fcf
train,vanet,train/vanet/218044166.jpg,38b568fec86d58cb23c038725ebcbab7,a429d3963359c679
train,vanet,train/vanet/218059558.jpg,85be5e72cdd051c0f84a59f2e5778755,aae1614785789e97
train,vanet,train/vanet/218080336.jpg,4d7835421fa54894bd3f0248fb268e94,a0a7b4d22d259f5c
train,vanet,train/vanet/218080868.jpg,ee59b1bf646822e6ded35b7ceead426a,d42f0fd02f0df00f
train,vanet,train/vanet/218088144.jpg,3008183153075011652eb662e2376c5e,a53e7c813a98e51e
train,vanet,train/vanet/218101940.jpg,2780847ba886c012e5866289d583b557,a16bfa039265d28f
train,vanet,train/vanet/218130945.jpg,7d666557195e7cb1c4aa75a367486945,d6393d876936c648
train,vanet,train/vanet/218189460.jpg,f871c895447b3b673b0ed38df51f031d,f3a124da8f649a59
train,vanet,train/vanet/218206335.jpg,78c1af80289c0f4d87cbbb93d8d51ad6,c0d46b97f43a85d1
train,vanet,train/vanet/218259572.jpg,42a63d1a8261f7f48da03ee2a1993ee2,a47cfe49c33ce032
train,vanet,train/vanet/218269888.jpg,eeea40ed93252889ff6c93912f0086ce,f1b45ccacf299648
train,vanet,train/vanet/218299620.jpg,636e8a3f3dc33db9c7f07939e2df6f16,d1983ad58161e7dc
train,vanet,train/vanet/218481035.jpg,3d66b05d8a7d2d19fe7fa3b6ba34831f,af25d75ac055ca4a
train,vanet,train/vanet/218511513.jpg,0e06fe1dc093a02ec5913307d541c086,f0630f946f1db063
train,vanet,train/vanet/218514544.jpg,9371eee65d1ff55a1682ca4dd4a73c8d,9515bcd6856de252
train,vanet,train/vanet/218516808.jpg,74f6c1e39b05dc575e9fd6e312330418,a5295a967379c670
train,vanet,train/vanet/218571705.jpg,46a1d398d5225fe651d8548ccbb2bfa3,f5a9abd269618a58
train,vanet,train/vanet/218579053.jpg,f040b63ef53499e618d7f1ede78203c9,b4f0ca87e071df18
train,vanet,train/vanet/218602877.jpg,af1f89b65b6ba5bc8ed91bfe30d06649,96f5e9029a3cf192
train,vanet,train/vanet/218619586.jpg,a3f8cdd18dbd02e507424bf6469a0eea,bc35f57882383e34
train,vanet,train/vanet/218621398.jpg,7a1b721df7daaf38862761b063b9c3a4,f434bc74943c252f
train,vanet,train/vanet/218653329.jpg,bb72a8c396c344e9307bb7f142544a59,a484c39f6d87317c
train,vanet,train/vanet/218667942.jpg,db5a3a3f84d945e580fe2852d7215be2,f92aaa05ae1aa5ea
train,vanet,train/vanet/218753316.jpg,fdc095eb126ab61cfe6eae24207702db,e961b136c369d296
train,vanet,train/vanet/218785295.jpg,2d7b203c787b40a887836330bc100ed6,d213b91b9373a338
train,vanet,train/vanet/218844658.jpg,a48492da152ba41dab8e83964e9fd5e4,d5399b26635584d9
train,vanet,train/vanet/218844932.jpg,b8e6106b986dba6062e94583333bf277,cd37ca7403c9708f
train,vanet,train/vanet/218890033.jpg,bfb866126ab7cd89852563664746b9ac,d575a90ad5389476
train,vanet,train/vanet/218912535.jpg,a0970273d8c2dd3b2205cbab5ab47d81,87cb6c89163cc7c3
train,vanet,train/vanet/218955810.jpg,a5744de44148eebd8f0e7acce251fef5,d231a551c83dffc0
train,vanet,train/vanet/218980394.jpg,9ab4f7ae8d282848c051913a85493696,f43f8f51c25a5829
train,vanet,train/vanet/219013565.jpg,18efe45d3e1c05dae68b80469f75d7cf,f47ba8528d1b90cd
train,vanet,train/vanet/219037231.jpg,5b2e2cc7b6678907c6d28ad07054258f,c12a8d9c3e9587e3
train,vanet,train/vanet/219127494.jpg,384eb2ac7439cd3363cec845d10f6eb0,b5b54bc1ec2e84d2
test,ambulance,test/ambulance/197398569.jpg,e6342dd87d203adae79690c547ed41e4,829d7e92619c9e69
test,ambulance,test/ambulance/198860064.jpg,611e340eac96a33f146cbf040f0caf0a,a1d7587d307a8669
test,ambulance,test/ambulance/200396165.jpg,0964d02afe54505714ecfc869ffe8a8d,bed370226135c33d
test,ambulance,test/ambulance/205374292.jpg,ac102e4556536e793cafcdd6dd7fa5d1,c3d7781231d6c369
test,ambulance,test/ambulance/206980891.jpg,143c25ab13eac87ce3d0198fde78d466,8fd9252530da346f
test,ambulance,test/ambulance/209860183.jpg,bd85c704b0e7c8bda33345b2f3c6005a,81816dcfd43dcbc2
test,ambulance,test/ambulance/211589404.jpg,a51154f0cf047107706c1e6b42448e87,c0a989d16d6fd41e
test,ambulance,test/ambulance/212112327.jpg,083e696300d1efb7f5d8b1d838a471f0,85c65e95d10fe788
test,ambulance,test/ambulance/213375240.jpg,cef59601c4cc6e8544cea4f1297eb103,81d3dac0962b639f
test,ambulance,test/ambulance/214215422.jpg,0d78acba9e25671c8b07af899ee85173,d4d46bd63f2b8019
test,ambulance,test/ambulance/214830125.jpg,ec25c5583502d34e020ba30d77fad5d8,f0c0c148c47dffc5
test,ambulance,test/ambulance/214896720.jpg,4cdc6e124dc97aae1557ade2cf1b306a,a4d5ff4a901cda13
test,ambulance,test/ambulance/215056292.jpg,41799a4d466a9fc5a36584170c96c778,a9d1f78d91616b24
test,ambulance,test/ambulance/215093049.jpg,b2364cdbd788d56764d6db44106eed34,90d27fc2c02f73b4
test,ambulance,test/ambulance/215164070.jpg,54558bf97690264d50d2e7a42e826648,8153df0bc16d7994
test,ambulance,test/ambulance/215180455.jpg,d5f57382fe4bad2fec20fd3a64403eb8,eed265c2d62dc0d4
test,ambulance,test/ambulance/215713763.jpg,a0f8b2d0f8c277f0074151953cd28c82,c0aac1e53ff4c3c2
test,ambulance,test/ambulance/215714439.jpg,993f10896f31dbb34a33f09384aaf697,fc882bebc0cd0f62
test,ambulance,test/ambulance/215884349.jpg,115051c54e7911f9a5921e4e6573e84c,a4d6d703d2347a35
test,ambulance,test/ambulance/215936132.jpg,8b70962758cf8baa19438c9cd544fdfa,c38b2d9697743436
test,ambulance,test/ambulance/216081108.jpg,34dccbd8db42bcba5e620af4b2edc052,804beb11bc2f3c7c
test,ambulance,test/ambulance/216095686.jpg,d50a8665b259dfa33c66b550292e04c4,80807f97d46f6ee0
test,ambulance,test/ambulance/216676395.jpg,0df26961a946fabc8460bfdfe522a3d4,f8c0c2d0682bb5df
test,ambulance,test/ambulance/216915758.jpg,5313108b129fad2bb55f6e209772f7c2,e0838fc2c26f3acb
test,ambulance,test/ambulance/217040489.jpg,152bc5c80a73ba5ba5a6c81e283d6dec,c1cd6dd03f3447d0
test,ambulance,test/ambulance/217064467.jpg,d7a1333b71657a91a9fa3d7ab1d46004,dd852a9f816c1ee8
test,ambulance,test/ambulance/217073157.jpg,ba852b01896ea9f1c62dfb85d60fbc47,d050ff42d279cad8
test,ambulance,test/ambulance/217165853.jpg,d470c7cb9c10eec71ce41cd91c30d749,e0bd8c80bd7b383a
test,ambulance,test/ambulance/217206506.jpg,efc2b5d0ccca42c8b857361bca9bf23f,95dbd3857ca88a83
test,ambulance,test/ambulance/217239890.jpg,05ca46713279e66b971e733b1b26835d,fd01831f85c15f17
test,ambulance,test/ambulance/217240526.jpg,7648bb9d7d453b1ad87d75ebec2c9fc8,95964ad0963f69c5
test,ambulance,test/ambulance/217260292.jpg,a1e6d7d14a3cc9d0318f89bb84404c31,d056de40d057547f
test,ambulance,test/ambulance/217268786.jpg,53f9cf359c597cd21545bfa0e640f890,c0dbcbc0dc2d252f
test,ambulance,test/ambulance/217369634.jpg,af9f5e623ea755f61597a1e44eb85643,f9d15dd0d42fc214
test,ambulance,test/ambulance/217401029.jpg,e49e2bc7119f6e53f600cdd70cfe78d6,92c8edc4763ec662
test,ambulance,test/ambulance/217498407.jpg,51861666737fa1ba18af72711697e14f,a4d03fbbd08c6ad2
test,ambulance,test/ambulance/217777782.jpg,3990c44bbe57ce22c66f7cf1d1c42b22,80c8e985757dd6c6
test,ambulance,test/ambulance/217955115.jpg,41afc40e1ae6d95cacf60ac1c6cbbfda,940f0fd0632f34fc
test,ambulance,test/ambulance/218067329.jpg,ced36ae78b156b8e2c96736ac3ef492c,d0d82fc9d06f499c
test,ambulance,test/ambulance/218089422.jpg,7fe58e7645f22107750bcfb8a474cf22,c78d3876359e6261
test,ambulance,test/ambulance/218107250.jpg,290ca0da02fef3a0cce1479f7901297c,92166d6b26c5933e
test,ambulance,test/ambulance/218157597.jpg,5a6b7e097d82b7089e7ceba89aa92b55,c38babf03cd09eb0
test,ambulance,test/ambulance/218314722.jpg,da6fb6b55f408610cfb615bb35877324,8f853436389e7569
test,ambulance,test/ambulance/218366611.jpg,220a2eac3221f5d5db724958b7787bac,a836d71ad0155ed5
test,ambulance,test/ambulance/218417129.jpg,fac6c642267a0fcbc2098f372fe00892,d0d26bc2d26b4acd
test,ambulance,test/ambulance/218950212.jpg,2591fee5da141cd1e16d10cf76b397d0,eaf5bdd0816866a1
test,ambulance,test/ambulance/218976274.jpg,2f5b4a4230a03e7e4e5c36287f133d8e,a5d5de87a16a7221
test,ambulance,test/ambulance/219052793.jpg,7ccb97ea68d27fb17db5bab8ca53c265,9050fb0bd27e6aca
test,ambulance,test/ambulance/219072781.jpg,1cc2762783f6d0adf9cf277cde2299b5,e3788f7487409c8f
test,ambulance,test/ambulance/219100814.jpg,88ef021f29ee33d2a30ba7697a8a6ff7,f5a9299dc21d6938
test,autobus,test/autobus/193573320.jpg,bc3d86585c016d0ecbfd6929dfc6f35c,da9c87922997653c
test,autobus,test/autobus/194271877.jpg,050d21b4e666ff8160cec98486a84e83,c6691c8e6967c761
test,autobus,test/autobus/194420546.jpg,ff660bf2fc233f0ddda485341147980f,c562189d636b9d63
test,autobus,test/autobus/194466821.jpg,63deab380a01e5a4aa5b5e2a2915363b,c74f83c32d8728cb
test,autobus,test/autobus/198083967.jpg,d045279f71faf133d63c272f91ab3984,8bc5d76960c6789a
test,autobus,test/autobus/198127139.jpg,8bb8002a26376bbf3cf30501823d0c20,ba9ad79c38698199
test,autobus,test/autobus/198195343.jpg,59b819c5f9aa34d037fa4a294c2334c1,d2bf6065c33c98c9
test,autobus,test/autobus/198384601.jpg,f3f2d11ceb3d2c271cf91f4722b3b3ee,8b8da7c72c30d43e
test,autobus,test/autobus/198431566.jpg,3d84b384e27fe14d41084c763f1d6f00,87cf6c3287398559
test,autobus,test/autobus/198592842.jpg,8abf2646852173284133e03d8fff701a,da9e8682393d8747
test,autobus,test/autobus/201816308.jpg,a90d95f83e641ef0160408b312f962c7,e9c7c2a573333330
test,autobus,test/autobus/202148987.jpg,a3882fada3f58161ff0fd41ddd140dfe,87e834349279db3c
test,autobus,test/autobus/205096821.jpg,cced954a0d98c0bd157dc879608ce339,8edade2b6822651e
test,autobus,test/autobus/209712474.jpg,db77fb3d670a776a1a6869be032397c6,95d414b0b83dcdc7
test,autobus,test/autobus/210029256.jpg,9858ea069ac6adb174a534ac6f12891b,9ee5e5ab8115619a
test,autobus,test/autobus/210733650.jpg,6dd3ebb810caa653802d421fe77535a5,c34dc77c3c96381a
test,autobus,test/autobus/211089191.jpg,e0a4f00eff96474f4cd00856bd3e0e5f,c74d8b7c3c923991
test,autobus,test/autobus/213632540.jpg,287fb6ad7ddb3a8dc9e88b971713d9f9,833dd32dc4c43ec6
test,autobus,test/autobus/214052917.jpg,c0f02949178ac877d3829ae7c1c5bef5,ebc3d06c3cd2309b
test,autobus,test/autobus/214357697.jpg,982785fd9060726081830dea97c51a52,ff20a0fdb268b0e2
test,autobus,test/autobus/214795472.jpg,892cded1008ee4e6d8a92fef06a7b407,c361cf61619678d6
test,autobus,test/autobus/214804942.jpg,37564cafbcb60cb48a6107113368047e,8108d6372f42f57d
test,autobus,test/autobus/215056927.jpg,d018452c411bd587c51361ee81856a94,bd0a3ad50a18f5cb
test,autobus,test/autobus/215678079.jpg,829948c6ca2c297cfe594ea40a20f486,da2c923d31c363c7
test,autobus,test/autobus/215792046.jpg,370b50c59fbf963559865fa7e938d78b,d6699a3c68967992
test,autobus,test/autobus/215799691.jpg,810f9edad53cd512ab72a6f211a7eba8,d980c1d45a79a78f
test,autobus,test/autobus/215923574.jpg,848f229966c125acb06c5554b6b5b33a,a05f9f20c65fe116
test,autobus,test/autobus/215989141.jpg,e48fb8a7d778547a3e450e616cdfb163,dd00d85f825e77d0
test,autobus,test/autobus/216118215.jpg,372744cc5d7f8e4b2993d48afcf2ed45,de1c923575932786
test,autobus,test/autobus/216169926.jpg,3657933632e2b727b657dfaf8c31af65,da0c9a7931c36787
test,autobus,test/autobus/216309415.jpg,7b68f140e79b0b7002effa75d3e0a881,d5d10d81cb1fa197
test,autobus,test/autobus/216357562.jpg,88115c40164c8d1e2469baa6f808620b,f5021af5567aa5c2
test,autobus,test/autobus/216463669.jpg,2e52308a3a386fdc23932ce21c501ab7,c3c1c634749267cf
test,autobus,test/autobus/216586073.jpg,4424f0ca3234f68734012662a1dd1b30,8fc17538b6937892
test,autobus,test/autobus/216612009.jpg,106f5575be2f46149e87d425c67abdf8,e1818ed779632b2c
test,autobus,test/autobus/216625091.jpg,d7cf03d5ea7ea715b2fafcdc4f33644c,d0899f7875d34b81
test,autobus,test/autobus/216758328.jpg,a8f7a2925fba3d5abbe5012351f06e00,96919279d5c36a99
test,autobus,test/autobus/216919635.jpg,d0bda11ea739b249a824c5883132e7a7,8a78db6929c73592
test,autobus,test/autobus/217008397.jpg,1ee09c310c98cbe0d02f6391461a4a33,837cd36939c33c92
test,autobus,test/autobus/217020493.jpg,136b4ac3105bb7f5e705ea4c6f339032,837cd36929c33d92
test,autobus,test/autobus/217138019.jpg,b6335b871b1b44213c56c39d1016fe7a,c269c32474d67ada
test,autobus,test/autobus/217405547.jpg,0071378d53d037a4b0370c8342b27542,da98923835d76a9c
test,autobus,test/autobus/217784510.jpg,a1a4ff954d070894b7f8d8b0408ba2c4,cb858f5334f2921b
test,autobus,test/autobus/217948652.jpg,2948f560bacb6c89bacca85476dedc97,da0c9e7133636387
test,autobus,test/autobus/217986817.jpg,93248d188369986aad33547b0a97f402,da9e82833d79213b
test,autobus,test/autobus/218113258.jpg,15da7c529b51b48ce4c3f552467a42db,e54707e15e0df01e
test,autobus,test/autobus/218660636.jpg,dfa16f266a7dcc2224727e176d775753,da0e677831676386
test,autobus,test/autobus/218693703.jpg,d0590c09bce52b59dd80c685d92b5dc0,c7cf6c2436923a39
test,autobus,test/autobus/218796237.jpg,88506773bd6d2b514e01110ac7ed37a5,f40d40f8c3b5fcc2
test,autobus,test/autobus/218858344.jpg,f396719ab0679041760b762450a288bd,fd169e69c701289e
test,kamyun,test/kamyun/194250338.jpg,099cc6a3236aba944a66c0d6618da81d,a08fb5d03c6c67cc
test,kamyun,test/kamyun/195970927.jpg,9cd78f38c3e02819531de93463a29989,fa85b1d04f782b34
test,kamyun,test/kamyun/198521389.jpg,dbcb43be8979d63e9938a3a5f4f78116,8fc1c66560cfc969
test,kamyun,test/kamyun/199634694.jpg,35067b99ceaab07f079aeaf36b99dcdb,818b83c57e3d3d83
test,kamyun,test/kamyun/206203223.jpg,65bde25adb6e9ff4a57dd82220a9fb79,afd278c97078c296
test,kamyun,test/kamyun/208920165.jpg,7c8de6c7a9b984668f8655bd3189182a,d26bab743c62874c
test,kamyun,test/kamyun/209037146.jpg,2516ec905f4ea6d2c1049de65868540d,fa8961c73ec2c09e
test,kamyun,test/kamyun/212763412.jpg,2e6de2796451669194c5ed6af289fed1,c3ad20617cd3cd8d
test,kamyun,test/kamyun/212881811.jpg,c80119bae411046631e2ab828916655e,a878d540d02dfe6d
test,kamyun,test/kamyun/215104031.jpg,8ce7fdb576ea7a285fafe0ad81751d77,8485af17c37eaa68
test,kamyun,test/kamyun/215479247.jpg,cc24b7058cd86c8cc343a7b010ac8247,dad6240cf3c89b96
test,kamyun,test/kamyun/215524992.jpg,b2fe9ed9d0572f7e081771259b770daf,83b53c523dc3c569
test,kamyun,test/kamyun/215619169.jpg,2236d128f978430e19992b2c6a96f73b,d4509e97876ac7c1
test,kamyun,test/kamyun/215662509.jpg,bac5f69053d3b5a75f011b6dc2b21090,f0978f57614ec740
test,kamyun,test/kamyun/215683633.jpg,f6f6aa5c8c36792b6249f9be5b587cae,d156fe54b46ac2c2
test,kamyun,test/kamyun/215684233.jpg,04ead7f18661c54d138e4411ecd97152,dbe063d234863675
test,kamyun,test/kamyun/215785627.jpg,e472fed5bfde5f59cb873c4ee776daef,f5c30b3c3f0fc230
test,kamyun,test/kamyun/215806835.jpg,c48750040090ae90d25d13d9dfcf06cc,daa7259c639991b4
test,kamyun,test/kamyun/215824473.jpg,df10a46f413780f23bc7e215705f19e6,d62c867998866f71
test,kamyun,test/kamyun/215840960.jpg,50d68135521765b0014e5ce296e75f22,83847fc23c93f62c
test,kamyun,test/kamyun/215908494.jpg,0ec4be76717119117d26455ae82e70ef,c76b876c6c948e45
test,kamyun,test/kamyun/216005873.jpg,12c57f13b8fed4863e0be887cb301244,81803e3ff1798f89
test,kamyun,test/kamyun/216034399.jpg,4f2518f42f180d4457ef57620653815f,c3c12c3e36323b9b
test,kamyun,test/kamyun/216474870.jpg,428d3c01f44593ede0b88d625169afa4,824d72612de2c7f3
test,kamyun,test/kamyun/216498548.jpg,9d083bcdd34a17a281d997ce34ee5436,fd2e8250b06b97d1
test,kamyun,test/kamyun/216529238.jpg,31d2a0bbbf5bc6629734c45c3fc3a3dc,f0c00f696a56d735
test,kamyun,test/kamyun/216769012.jpg,66c5fd11a1d836e411625d46d71ae9c7,fd90c2fdd5d580c0
test,kamyun,test/kamyun/216852176.jpg,5db1d7f178a82e925e2d3a44c563b00a,da8760da2db99364
test,kamyun,test/kamyun/216888567.jpg,0845c40b3b2e2741cababb0c9ba24725,fdd240dde1d085c5
test,kamyun,test/kamyun/216957598.jpg,6e9636ce3e7cf4c435b3713b27f2d086,8b9834d26231dbcf
test,kamyun,test/kamyun/216963744.jpg,488f68cad73bbdca726730bf886536cf,c285bd523c9ad731
test,kamyun,test/kamyun/217001556.jpg,99d00cb230d7b46024be4050a6e4f4ca,ea8dac2c757486d2
test,kamyun,test/kamyun/217042755.jpg,5f38053112965f8cec55aff636c34b99,b5c1c37cf83ac606
test,kamyun,test/kamyun/217129195.jpg,81c194abb443889a1a713783a91498e0,c14e694ec5866dce
test,kamyun,test/kamyun/217258940.jpg,01d00786ed830147d7d9b776148c0db6,d5818f97c16a7a2a
test,kamyun,test/kamyun/217403425.jpg,26766ffb7ea7150c41d8d0fdef96662c,ebb8b0811fbb8f10
test,kamyun,test/kamyun/217835143.jpg,afed6e2630a1477a600a5aa0a650a20d,80823f0163fff378
test,kamyun,test/kamyun/217924264.jpg,f56fb8865659c58679d075ee1b6219c7,c34b2db43c3598b6
test,kamyun,test/kamyun/218185920.jpg,e50e8c561a30aafd3a9e98bd939a77ee,d6fce36880672cc6
test,kamyun,test/kamyun/218240914.jpg,21000da537899928cdd1c7a2e71e0f59,dadef0016de28b98
test,kamyun,test/kamyun/218328645.jpg,44a5c125bc09b750ae82e91772b94d27,d19969cb2d85cd64
test,kamyun,test/kamyun/218464353.jpg,8ca32cedd8bde6278d04289143bd49e4,daa5e0001fdf8abc
test,kamyun,test/kamyun/218606314.jpg,6fbc9eeb5738472d7ef8b897fe7de302,db0634f96538c3c6
test,kamyun,test/kamyun/218618273.jpg,2c9a6a34addb939e8aa879c6330225e5,c25e38e7649ac72c
test,kamyun,test/kamyun/218699876.jpg,18b1b681b0af64b7c4d8792bc90b9b5e,ee98be1507cf1c18
test,kamyun,test/kamyun/218716785.jpg,74fa2ab25d7709d4cf5f68130341dfa5,d3b983c37821cb36
test,kamyun,test/kamyun/218789288.jpg,d2acd4c13749ffeceb7ccb9d758f151f,d8b5ec821f93cd28
test,kamyun,test/kamyun/218815698.jpg,4fe593b99342be8eb7def327151f2089,dde70490865f0b76
test,kamyun,test/kamyun/218947259.jpg,6dabb2a7ed2bc4670a07f5f30da4c894,d28f87906f296947
test,kamyun,test/kamyun/218992950.jpg,fdd5dea8cafccbfd40ba0ad521030965,d2de7fc020236d8e
test,kamyunet,test/kamyunet/196728966.jpg,e68b17a94f04a1df401547b733e4c910,de8aa135619cd64b
test,kamyunet,test/kamyunet/197190996.jpg,9712639aa8be7586e5277cd95f0aa6ce,9494da96617ec768
test,kamyunet,test/kamyunet/197231871.jpg,5d915da0f34bb8599cd25a0e697bc532,c28d2976f29a6563
test,kamyunet,test/kamyunet/197786918.jpg,5c6c85ad110ffeacb7df5769f8d41a7d,c28789de61ca9e69
test,kamyunet,test/kamyunet/198434168.jpg,51747e1440d2507e915a2d3e3e491e60,d22d6dd6259c1d62
test,kamyunet,test/kamyunet/198439783.jpg,11431b6992c24fffaf4579cd11d8b43e,da85ad56346ac32d
test,kamyunet,test/kamyunet/198636917.jpg,3a2eaa4bf363deba10034646eb6b62f9,fa9728742195c34f
test,kamyunet,test/kamyunet/202686425.jpg,cdd284f98810a4990ce3dc069b863ced,9ed16369986a6197
test,kamyunet,test/kamyunet/206769671.jpg,fe06b14bb2b4a67957765e1f5c2f7357,dacaa56d2070837f
test,kamyunet,test/kamyunet/208853947.jpg,d7fad8abbe00ae1ca063ba05382c19a2,d3872c4b71db8e24
test,kamyunet,test/kamyunet/211050468.jpg,6b80c5ba2484380b26e30b43ed666379,e39d4b3924303577
test,kamyunet,test/kamyunet/212731940.jpg,a5984ef2f2e455d37132807d1a0b3b27,aaeaa24ddfe8a01a
test,kamyunet,test/kamyunet/213294319.jpg,73356a5faaca935b17c9186270219d8e,d4c23ac29a6b2f2b
test,kamyunet,test/kamyunet/213821508.jpg,cd502525729c9fa6365e5bb1d41388a8,82a71c3c74d67565
test,kamyunet,test/kamyunet/215094485.jpg,1981c4fd1dacfb815cef551b0903710c,cbcb3c9634ca9361
test,kamyunet,test/kamyunet/215104991.jpg,74acb691901210f5dcba5d867f9ba36d,c38f387995b430da
test,kamyunet,test/kamyunet/215770886.jpg,217363607578d01e790a4fe3785c8ccb,c0c0a3d2357d9bb6
test,kamyunet,test/kamyunet/215773348.jpg,6e30860d063cadadb26a1fd545c818f5,fcd383c0343ff02c
test,kamyunet,test/kamyunet/215773663.jpg,7e898753b32acff500e36a0e1f6a14b4,d21c2d7960c371d7
test,kamyunet,test/kamyunet/215957360.jpg,0d90c5ceeb31e5d5fb2406a74f83416b,db8b3c7830619f8a
test,kamyunet,test/kamyunet/216013078.jpg,71165ab6c8113fa075737ecab4fa0f22,d2252f756c8b30d6
test,kamyunet,test/kamyunet/216061835.jpg,abb555f9f97ace23e9b3a7cf9d839290,f51f80508b72bf43
test,kamyunet,test/kamyunet/216084517.jpg,938e38bf1b1df4163cb5053eb36c3d2b,d24bc242df303dea
test,kamyunet,test/kamyunet/216102144.jpg,d9a0804bb828f74d1a3db86949fdc8ea,90976fc2b03c9778
test,kamyunet,test/kamyunet/216156914.jpg,4b24cd388bc1ea91c103e2e4c42c1911,c268093479d79e79
test,kamyunet,test/kamyunet/216186618.jpg,7cfcb69c359de2d4a693cb630d755442,e57ebe15e240b438
test,kamyunet,test/kamyunet/216282044.jpg,afa8fb28f77a9e192aa2b2bc3a5ece2b,9a0c3d71616365cf
test,kamyunet,test/kamyunet/216393244.jpg,059d6b4b178d8bba908f896e2b251f23,8e9ebcdedc642424
test,kamyunet,test/kamyunet/216580566.jpg,d773e2da7990fe7f9d7d5d2e366c6917,81869f815e7961de
test,kamyunet,test/kamyunet/216584019.jpg,399a1c6dee2527363be9a53def903db9,da0e2e61696b61cb
test,kamyunet,test/kamyunet/216736518.jpg,245c099fb96eacf6618c40a98d3a09b7,9507eb47c57aa261
test,kamyunet,test/kamyunet/216842673.jpg,116393fd4de0862327016eb19bb6131c,c6b87833e3c68c72
test,kamyunet,test/kamyunet/216959516.jpg,bb7c53230488357ab713810e0cb87319,d2b42c6e67c63589
test,kamyunet,test/kamyunet/216966952.jpg,a8bcc0ec8508bc03bb75d24867d98687,81d7df00d22b7d32
test,kamyunet,test/kamyunet/216999155.jpg,4286a4009902d901010c70b393b20343,8bf0349631cbc73c
test,kamyunet,test/kamyunet/217029557.jpg,f21fa9e2206ef1c611d98a8e6e453b75,cb8d345e2434757c
test,kamyunet,test/kamyunet/217166297.jpg,e3a846d4aa3512878d5c58b7285da9bd,de8f3e7c604321c3
test,kamyunet,test/kamyunet/217378853.jpg,16ec229b8653637de1f7e7f9e9d7e30c,d57787418b68b48b
test,kamyunet,test/kamyunet/217950577.jpg,37b913527ca8aca0b92d87df9e645f7d,dbbd7070808b6771
test,kamyunet,test/kamyunet/217955504.jpg,657bca81adab1d40eb5c44806f01ad82,da8c6cc82971dd87
test,kamyunet,test/kamyunet/218055101.jpg,0b9502312c4b5341e142b2e48b79b2aa,f4c2d3d48a466b2b
test,kamyunet,test/kamyunet/218090961.jpg,ebf14692855a1afdb894d47c25378164,c3813c367396339b
test,kamyunet,test/kamyunet/218129415.jpg,f225aff516c24dfeb7743cbefa7b30a8,d2ac39638b9f6560
test,kamyunet,test/kamyunet/218134493.jpg,436a4baccb749a532598f0ac98203ec0,dac765da648a38a3
test,kamyunet,test/kamyunet/218383949.jpg,f8f38d53f78933df0d506d3f830e8397,da9cb9c0c1cb3167
test,kamyunet,test/kamyunet/218702481.jpg,9de6f5770615b5543f8c55791ca01234,d55082d4a53ad7e5
test,kamyunet,test/kamyunet/218866716.jpg,95b410c397fd361420ac3fb4f90c412e,d20c0b3f7996ce34
test,kamyunet,test/kamyunet/218956226.jpg,b692257e9825b9529f41318754236e20,d2d2cf42c306d637
test,kamyunet,test/kamyunet/219022599.jpg,a63f5591b84e419e8c284cb9c0ea7e6f,c4b0116f9f956db0
test,kamyunet,test/kamyunet/219119368.jpg,01973bc26d88b7d523426d82c357d23a,a0d465b5d370d457
test,minibus,test/minibus/197110576.jpg,04e45ab0f3ca1d990ee6a73b9b434af7,cbc13c3c7a923a69
test,minibus,test/minibus/198362799.jpg,df86f15a52e735040f32df4288ca84ce,9fc3e03d60989e69
test,minibus,test/minibus/199907770.jpg,a0661b83161fcfcbc5bebf39a3234887,8fc974247096736b
test,minibus,test/minibus/204478559.jpg,ce738d49bb5ce9ee0c36b4800e0629c1,daf5a8642dd27449
test,minibus,test/minibus/205787928.jpg,3f21211e4337dad9632b292a86c67fe3,da9479694bc22eca
test,minibus,test/minibus/205923148.jpg,29f444831b7240e302b813743d86befe,92352c716dcb6c3c
test,minibus,test/minibus/205940059.jpg,237646db984858ba601dc93b3f16f54a,8a96343561c76e6e
test,minibus,test/minibus/207051574.jpg,76b50261fd05644a8f15bbacea22c980,87de542574d23a63
test,minibus,test/minibus/210100934.jpg,f28e812c780c2c0593c7b5ffed5288d4,d7da2ad0d4f2284b
test,minibus,test/minibus/210115332.jpg,7c2319f5134540f1efba60df86728ce3,d874cc549769e332
test,minibus,test/minibus/210126898.jpg,33c40b501efccbd7519dbfffb65b625b,94639e459c6b3c27
test,minibus,test/minibus/211453726.jpg,40d2613ad5cd34f94e0a892a7e8aff6d,c7886663309e6b6b
test,minibus,test/minibus/212140261.jpg,538e9cc0e670a8fd24de3c46e040554b,fdc08a68d573943c
test,minibus,test/minibus/213563060.jpg,fb39670690e4bfbb0833add6ba152d18,c76334343a9e3b2c
test,minibus,test/minibus/213611520.jpg,53450a427276caf9d320ae6d823bb782,ab6fd318b280e0e7
test,minibus,test/minibus/213711965.jpg,ab41d24878fb17aebeadf52d8f13cd1b,c1c52f856f3e3898
test,minibus,test/minibus/214496054.jpg,3428d79a8e7653ac4e5320bdc8e9211c,badad8918a729571
test,minibus,test/minibus/215119023.jpg,0ace9a1cd84fb7640f7e08d739b8c282,da9e3c706583c33c
test,minibus,test/minibus/215128581.jpg,1b9d9634221d891ea52572d8509c0646,9a1c397165c76c96
test,minibus,test/minibus/215507730.jpg,639ab78044f9c661ffa95ae29baff76b,d4dacad0bd0b4a2d
test,minibus,test/minibus/215779841.jpg,f5a4d7e7dfcaab2f1b899fd296cae027,daf861c36164c774
test,minibus,test/minibus/215792583.jpg,fd6bbc80cefb0aba7ca54b5d715a24a5,c3cb693438966379
test,minibus,test/minibus/215808924.jpg,e1655bdcca9303ded05e59be406ef927,da0c29616dc76d3c
test,minibus,test/minibus/215858014.jpg,67cfa9b279c2ea17292527a1a9d6e048,9545cf05e77aa06a
test,minibus,test/minibus/215973871.jpg,b8b09dc9f8dcfb15335529d0e0a90561,b99e36397561c324
test,minibus,test/minibus/216053678.jpg,2ccb9abb5cdb2d7c9e0b7c254c069d0b,cb8975723096c769
test,minibus,test/minibus/216138469.jpg,c14e0747b7d5dcde86b68e2a0010258a,cba924743c967939
test,minibus,test/minibus/216155350.jpg,726b54dbe9c173a87ba69e9f504f5736,c9cba73534989678
test,minibus,test/minibus/216241825.jpg,606edee137d55ca0e9b91cc7688d88f5,8a9e7c6161c3c765
test,minibus,test/minibus/216249951.jpg,297c67bbbc7c3d86710fcdd3fcfee726,9a9e706127c76c3c
test,minibus,test/minibus/216335737.jpg,6005c15db5a65894c69dbae3050e97c3,9507cb01af36e87a
test,minibus,test/minibus/216737437.jpg,7fd5ac4f4896b039a6e5023231bff8ff,9a9e7d6021c76d38
test,minibus,test/minibus/216740055.jpg,3fd6776f6057948a0630f65455b850d6,951587c5c13a3e9e
test,minibus,test/minibus/216761671.jpg,38ba86e84fc1de59dd0708adf04c53ad,da9e606327c76c38
test,minibus,test/minibus/216806221.jpg,5badfa9271013f01b40b7fbb0e645d2c,c96c9636e249b672
test,minibus,test/minibus/216839173.jpg,5d9cb692a028a62ed4d5031aad50d5e1,d0038341c367f73f
test,minibus,test/minibus/216850683.jpg,08d6d57715bab0401b3fd69779caa789,9a9c786123c73b96
test,minibus,test/minibus/216950277.jpg,bc266ca4d2df0e0dfc4a9bbe828fe7ee,9f2d657432c27991
test,minibus,test/minibus/216954877.jpg,bdc7dde1f750b62e91d005ffdb4f0a9f,dab665fd3cc22038
test,minibus,test/minibus/217234709.jpg,f76b14667ed00a838d9b53b5f616af19,cdc59a91b52c2f4a
test,minibus,test/minibus/217959147.jpg,b03bccfb9d84a761ab8d30cdc7586bbf,fac4ec7820c7613b
test,minibus,test/minibus/218138154.jpg,9bafc6b878c48e260df87363ab4c8aac,9eaca4d47a8669d1
test,minibus,test/minibus/218307381.jpg,a3d3a127b420c082cf017f67a1a652f0,da9c706127c74f38
test,minibus,test/minibus/218328619.jpg,b4554eb5a6ec2f6e504015abb9c850b6,da9c707023c77d38
test,minibus,test/minibus/218333282.jpg,018c40fec1fd6f1f6b8add242b82e272,cb8f2c703cd2c378
test,minibus,test/minibus/218590836.jpg,941e11d0e82e954d85776f6a1fe62931,da84653829c77d1e
test,minibus,test/minibus/218605367.jpg,43399da2aeab2d8d4184aa13936c3a9e,989f706129c7c73c
test,minibus,test/minibus/218643730.jpg,e50c2f9f605a9317bea4e24af5c78d12,da7460613dc73d94
test,minibus,test/minibus/218849745.jpg,86cebd9364303ecd413eb96c412a5c3b,95058f05c17a3f3e
test,minibus,test/minibus/218911207.jpg,72dd6d1044c9b87511d65ad75bd752f9,a4159517951ecb5b
test,savari,test/savari/195238770.jpg,329f891071c03a4018be50b6be3d553d,9a9c2dc234eb9e8c
test,savari,test/savari/195766645.jpg,d9affe848cba26eb7d046c5fa69f0978,9bd934c76624cb98
test,savari,test/savari/197096867.jpg,da661b9f3547a64928158ae09410b946,e7942cd296619cce
test,savari,test/savari/197666500.jpg,7c7ab153e6db59f43e530fbd9557d0b1,8e61b8977198cccd
test,savari,test/savari/197813029.jpg,953e9ed2bb93036b5264428a89e34f8c,e1c3861c9a3d7366
test,savari,test/savari/197814306.jpg,1216912b3f06060434ade428f393564f,9ec9619e936198ce
test,savari,test/savari/199994379.jpg,f9aa33d43e966eafd0c8bf2865ca7d6d,e89661cb97619c8e
test,savari,test/savari/200081418.jpg,15572602ba48f3fdaf53add9a87ca761,caa535dab3215c8e
test,savari,test/savari/200989560.jpg,35e2d796d0906828dc5addf7c575be98,ee8d699e336086c9
test,savari,test/savari/202058797.jpg,31ad69754609830021a7f13b87dfcc67,967c0fe721c78a98
test,savari,test/savari/203382686.jpg,b0746a3a5fddb91b2e09b5a4dd203d52,9cc4619ef76198cc
test,savari,test/savari/204027920.jpg,af5e209e10251a25511ba857a2fc61c2,8ee97c92613499ce
test,savari,test/savari/206134948.jpg,3a93be35e74402f05f4b618750da10bc,bfc0610fd230cdce
test,savari,test/savari/206456878.jpg,10642411c7bae57fb281529f619fc2e1,f8c88443d77fc324
test,savari,test/savari/206559296.jpg,2f68ddd1db2267b88a01ede1cde77e8f,cbc434cbe224cdcd
test,savari,test/savari/206606848.jpg,446c16cc03fef9f84d1ffc38c2197563,e085daa63532cf9c
test,savari,test/savari/206757757.jpg,52ec675b287c58ece45df53cacfc7c12,9ee96c963098cec9
test,savari,test/savari/207140641.jpg,e28a6bcf64f579b129402fa0655eeb9c,9ec5619e977118cc
test,savari,test/savari/207481567.jpg,3687d611e667d619a6b705c6e3887f3b,c39e7893306dce8c
test,savari,test/savari/208336353.jpg,01327fd2effc888aa0d7e8084394f46a,caad289e27319cce
test,savari,test/savari/209168112.jpg,104b2854e6e81d28dfb5fb959c469b2b,91b42dcb3664cb9c
test,savari,test/savari/209361107.jpg,0a9371c0ca74b8320e0accd1aa5933f1,c06dae03b23dd31d
test,savari,test/savari/209427269.jpg,176f22b6bef0dd5d2f9a6fde61a1a824,dff0608fc630c4cd
test,savari,test/savari/210317139.jpg,83c992b30b281e75757bf70bac89cf01,8f95789a336198ce
test,savari,test/savari/210627739.jpg,77f65e335721251370f0f29389d8c68f,966c69967069c6d9
test,savari,test/savari/211212134.jpg,042e1629a82855ed8e5824aa756e0156,96c9698f33609b8e
test,savari,test/savari/213046686.jpg,15591b478f1003286310990823bb3a6e,cb9c3cd232618ece
test,savari,test/savari/213155633.jpg,e97b26a3773a1929251d037d22d32d3d,c74ded17d230b252
test,savari,test/savari/214403682.jpg,d9de9248c938c77d89af5578bbd31efc,bd92d8ebc849c23c
test,savari,test/savari/215887510.jpg,a4420e19cc573e05a80e03ae1ff2a4bf,c077a4c0db3f1b38
test,savari,test/savari/216136331.jpg,e092f0ff5702cd57b150de56877e473f,958e7a9361696167
test,savari,test/savari/216216502.jpg,0b50ee5e619e4eb013bb03557f51e752,c040ed46d23f3f93
test,savari,test/savari/216218291.jpg,2581c6cee18e609e1ed138f981671646,834bef0fc0446dcb
test,savari,test/savari/216419216.jpg,508ea8945889461578273e9e28b99da6,8525e847a7d807e7
test,savari,test/savari/216755450.jpg,1fbab909206dcbd6aebac5773887760b,d36964a49b3b1c9c
test,savari,test/savari/216767398.jpg,d057a1b7a391d8cfe6c878b23efde47d,c769ad87b830b436
test,savari,test/savari/216882674.jpg,966460ef72ca41088880233cdfbca4c4,8a241e9331cecfd9
test,savari,test/savari/217371599.jpg,0511d7aac0f420c5627f8cbad8134b65,de90ac758461afc3
test,savari,test/savari/217665283.jpg,94fbf986cbeb3cb6d286c6d67c700fe0,d2b725d21f3f12c0
test,savari,test/savari/217712581.jpg,40244f6cd105e2a73f25356a8b209090,c26def43d03cb434
test,savari,test/savari/218163369.jpg,b2311354198c468fa5dc8efc4c22bc0a,c0cf6f00d03cbf33
test,savari,test/savari/218363990.jpg,48430991e3a971777f502c62acf4072f,d50c2ad29f71616d
test,savari,test/savari/218429844.jpg,0ee8b597fc29cf18ea28e6562ab720b0,c66939966131ced9
test,savari,test/savari/218484994.jpg,b171ccb07723fc72dbb2673cf2fd4908,cb9c3cc36624cb99
test,savari,test/savari/218701858.jpg,2926729853ce0c778b5c2baea559c17a,d466b8d78c6ac28d
test,savari,test/savari/218769351.jpg,90c8871e8f565c6a4ae6f0ab90b6acd7,c22c1fda25c0fb39
test,savari,test/savari/218778142.jpg,2481cb37727834a63eb6a10c425df71f,9dce31c59469b658
test,savari,test/savari/218814576.jpg,910590c6f5df956694df414ef7d978de,cfd9ec06d23cb046
test,savari,test/savari/218913098.jpg,b2ccbb4044abbc4ad824f22f4e2d57ca,95f170976a6a48dc
test,savari,test/savari/219072151.jpg,b32699294ab5b996dfb100dbeebcb85a,af7a81a5588578da
test,taxi,test/taxi/196245220.jpg,583864e465170dde83f807b2078537e8,98cf6198ad6594dc
test,taxi,test/taxi/197138182.jpg,5bc54ee276546634fd7d8fe665f734a6,cb8d3cc2e33dc9c0
test,taxi,test/taxi/198048924.jpg,a6431dc0d177607c2c49873ed801971a,c38d29da92619ece
test,taxi,test/taxi/198068531.jpg,8549a2e883775d56e503264bbd25f994,9cdc6398af61998c
test,taxi,test/taxi/198096713.jpg,923367ce8f7d7348f7f982b27d34f3ea,9ccc61be9763984a
test,taxi,test/taxi/198495096.jpg,7c8cf23d3b718882d8f5d24180e61918,84299ec3619cdb9e
test,taxi,test/taxi/199826528.jpg,23ef1b46539fd61b00e69f087c818cda,9fc1e09e23319fc2
test,taxi,test/taxi/200411889.jpg,f33ccc5639f54a8f4b87f42f825f2759,9e4b699c25bc86d8
test,taxi,test/taxi/206264188.jpg,b1f76e805c1805c3c52f1224397d7745,9ee0e9933139966c
test,taxi,test/taxi/212609713.jpg,6e749e30013b5166f6bba70ee0769f0f,80797f86f03c3179
test,taxi,test/taxi/212732215.jpg,ae4c6275dfbb29c28e76fa3d02cb589e,dd44cd4bc0683eb6
test,taxi,test/taxi/213302210.jpg,6e8b9c6ca63961d3e9776f5cf21d9cf6,d74dedcec0683431
test,taxi,test/taxi/214712572.jpg,8358424e7f5cb5cf1638f83df9dae6e6,caa535ca3f2d90f0
test,taxi,test/taxi/214805594.jpg,811907478ccc652bc5380b7693f8cc7e,87cd7892e33c9670
test,taxi,test/taxi/215165181.jpg,3a9f3a2895a21efb5beac2eb1cc1ad0e,f08d6592633cc6da
test,taxi,test/taxi/215670318.jpg,0ba6bac0a545622d1965619c829af305,c325bc53b83cd34c
test,taxi,test/taxi/215828804.jpg,d17990dc114af032fcd82a79b6a82cb5,87c8f807e131c79e
test,taxi,test/taxi/216060007.jpg,429358f9852e5ebab13e99bf5095bfa2,c7de39923261e698
test,taxi,test/taxi/216125436.jpg,f257c9c4c21c68501c615c1c09aa07b5,d29829d2276d8ade
test,taxi,test/taxi/216190755.jpg,a0d09cd468825208c0937870e9c54e92,c04ded46c23d36f2
test,taxi,test/taxi/216324691.jpg,fa4578e8068eccb83915bbb56fe13322,e987529a6171e59c
test,taxi,test/taxi/216465138.jpg,f664fb2b6c2cd5aa18313a76fddab525,85e86f956a3a3127
test,taxi,test/taxi/216497125.jpg,3d777c34297b4ee4bf1079ee3dc36802,d019af47d23cbc70
test,taxi,test/taxi/216563328.jpg,4591b96c5c62d1b91dba4f928226075e,c6a92d9512722f9e
test,taxi,test/taxi/216640530.jpg,a095991ac784ed5eec00f909468475db,920fef42896cf22d
test,taxi,test/taxi/216649147.jpg,08aae00921812ad4a959ca5eb938542a,d669619669d29669
test,taxi,test/taxi/216659419.jpg,a24a7dc42ad23512cd75c4149ac2197d,86708f708f8df08f
test,taxi,test/taxi/216753720.jpg,c6c791294142a7e0efcc25339419db1e,876cf887632586da
test,taxi,test/taxi/217286174.jpg,cfcf3535feed19e565da4c92a771edfd,8a4fad43d23ce4f0
test,taxi,test/taxi/217369619.jpg,077a7238dc0bac08d83a07feab2b08db,d896a5c0123f9ecb
test,taxi,test/taxi/217447082.jpg,9629dafded86d37fcffe78da5a9f848b,a182ffc1c03ce937
test,taxi,test/taxi/217470423.jpg,62b8814ec30c47cfc9f5e33273952938,df887992303c86cf
test,taxi,test/taxi/217726063.jpg,2ab34b3074a50357e0d1bc5f77270fea,ec97689e6134929e
test,taxi,test/taxi/217909207.jpg,516fdc8b6a7fc7f1b07fa53bd7060267,c00f3fd2bd31b161
test,taxi,test/taxi/217932617.jpg,2678b430bba5566e132a1979172822d0,ca27a540db3f12bc
test,taxi,test/taxi/217977521.jpg,f14ae4efcc7e9e23448463c2542859cf,8341fd4bd03c3796
test,taxi,test/taxi/218033613.jpg,8b4430d13100d82d7fa03fcaccc7b3da,cfbd34d2b260988e
test,taxi,test/taxi/218058543.jpg,d38a7c071cc67aafe5d0f8347b167067,c224a5d6fa3f84ca
test,taxi,test/taxi/218150166.jpg,5c6ab58f8d6ee3dba55639f6d816dff2,d29869c76768969a
test,taxi,test/taxi/218155625.jpg,75eae6bf4c8fb4042c2a3c307e589d8a,9a1c3dd236336467
test,taxi,test/taxi/218164022.jpg,a7474fcc528075a864f86487e0745602,c72a299764783477
test,taxi,test/taxi/218235081.jpg,05660b2386cda4eb31afa0a838a71067,c045ad4f923cb637
test,taxi,test/taxi/218318751.jpg,26aa9a88ac6656bd11cf9e3b211d0fde,c7c8699732783666
test,taxi,test/taxi/218520736.jpg,9d4bd0ee30a2a9f8b0a7fbe5df70f6d8,d21ca8c2972de567
test,taxi,test/taxi/218586145.jpg,ac7ea190c6314cfd114444364cc0d230,c0ad2fd2387d83c3
test,taxi,test/taxi/218648571.jpg,cbb873e177bfd6e4c977192758f9306f,d02cafc392773433
test,taxi,test/taxi/218713530.jpg,aea9289a9b02bac204bdfa94e7b08827,ca9d3dc236256167
test,taxi,test/taxi/218720521.jpg,2d36556d4aee80915370bc60a604db78,83adfdc23834938d
test,taxi,test/taxi/218879405.jpg,88df8f6e7db1eb4ecb2e2c3805e964b7,d208adc4de7fb700
test,taxi,test/taxi/219092271.jpg,84a475dd1dc0c5bfdf5a9f2d07d09e3c,826dff02f03c93c3
test,vanet,test/vanet/195003645.jpg,c1e274fbf3405d3cc6fca49177d5ceb0,b9c5d09e23d96534
test,vanet,test/vanet/196356494.jpg,8463a1eb7479a065102f26642b08d90b,c98336cf3931c333
test,vanet,test/vanet/196511721.jpg,78fb25ebb4c6c1441e9bc752d7b808a9,fbd965c6822cc29c
test,vanet,test/vanet/197277284.jpg,c3667f0e8f0f44821fe37f25eab1a042,9492969edb38686d
test,vanet,test/vanet/197500908.jpg,82e56034258845709c215939e2c6cf8c,a8839e9e619f3067
test,vanet,test/vanet/198062095.jpg,100c152555073dcbd67956db6459809e,e9c334cb340dcb3c
test,vanet,test/vanet/198081331.jpg,77f77356692593de64bedac0ff8840f0,adcd600f9769487c
test,vanet,test/vanet/198532786.jpg,db91c2aa15a95ebd2a32f0c83b0602d7,fcc16ba1689e3263
test,vanet,test/vanet/200792774.jpg,cbc97eb8d063d68a5581e96363a9f21e,e89785cb343c8b3a
test,vanet,test/vanet/203362157.jpg,229cb0296cdc38dbce04adb0a93651f5,cbf060cb2625cb3e
test,vanet,test/vanet/203938980.jpg,ac11f627e2ba5ad7a5ffbc37e0b24428,e8c765c36567c22c
test,vanet,test/vanet/204405545.jpg,0737ec59ab606921806e8620baea1f53,e8e125ca963d9734
test,vanet,test/vanet/205788026.jpg,d82c20e1cbde5be7d222da7ded1876fe,ab9631ca8f309acb
test,vanet,test/vanet/206000639.jpg,eb927edd6974fe841f0c45323bb4fecd,ca9734d2348bd62d
test,vanet,test/vanet/206157146.jpg,b4e69bb070133b12b07022f6a0b244de,95da34cb7992a5b0
test,vanet,test/vanet/207078479.jpg,c6f9639353844681f7cb2ecfc9736795,dbb570ca259ccb30
test,vanet,test/vanet/207089258.jpg,a4a7c792d3a1b7efa43e2e1df8362e1e,f2f2e14acf60258b
test,vanet,test/vanet/207588795.jpg,7d96ac06fa64a0e3d8ea2607f3758ab9,f6b858cf699c9620
test,vanet,test/vanet/207595119.jpg,bf4a9f5f38ba3789cea1079151b82375,9ef461c334cbce30
test,vanet,test/vanet/207772050.jpg,8a9963dd4f4a69bc7f3c244f4ad7a1c4,e3b029daa8259e5b
test,vanet,test/vanet/207864719.jpg,f0b01566fab9dd081d6e2507b937d596,dee0e18f30dfc80c
test,vanet,test/vanet/208195180.jpg,2a9110ba573002f50b6e11d7ab896931,cabd35ca65699078
test,vanet,test/vanet/208431179.jpg,40e01cc746d7e5ae4106aa95a82b0c21,a9c29cdb3064cf3c
test,vanet,test/vanet/209303406.jpg,113e921ca28b7b93e4544356429e2fe0,80de3ec9da3d1516
test,vanet,test/vanet/209893847.jpg,3d827bf5b920d53e24d21335ca0cddc2,8342ea47e87cb479
test,vanet,test/vanet/210576543.jpg,91105f8e92e4ea992b6d25058223570e,cb8438df34d8ca74
test,vanet,test/vanet/211397697.jpg,7b4533dcd2ccf1305fefc3139c271e0b,daf4315a9a25e598
test,vanet,test/vanet/211681485.jpg,6a9e606ce558368c6c541d59f574672e,8776fa43c7363424
test,vanet,test/vanet/212205108.jpg,06b548719812c6d3155a7e8d79bfcc31,c6c72dc2be3cb038
test,vanet,test/vanet/212916547.jpg,a74e8c48ca90e35f680ac4113a51813c,8044ff2dd46ec587
test,vanet,test/vanet/213393744.jpg,8770e82cc29b1e3734d2e5fe395658d5,852feb40b61fc0f1
test,vanet,test/vanet/213775881.jpg,f4dbb1a190488b549b312f43e3733408,a436bf41823cb736
test,vanet,test/vanet/214782972.jpg,8dd0418ccf47515d2a6d89862bbd6184,fd6a8b1fd0d0d092
test,vanet,test/vanet/215607701.jpg,9c462cc115444d1b1db9f20c882cbb9e,a5f6f803923cf81a
test,vanet,test/vanet/215692075.jpg,e44b5fea85c20c11a90aefd43ac64fee,854eff0fc22c3cb0
test,vanet,test/vanet/216011516.jpg,ee6c0240db98ef105a5fbd1cc72572c3,9faa7855954a3562
test,vanet,test/vanet/216279064.jpg,4fc0abd0607ddd1e843ea0e1b688fca7,d43baf1e9268f064
test,vanet,test/vanet/216558081.jpg,a94b6d3c9a3d11894e36b31fcce9582b,a16b7a70d17ec056
test,vanet,test/vanet/216727686.jpg,153161773bf11b8efcdea53ccee2dc07,d46b9a866b94645b
test,vanet,test/vanet/217150802.jpg,1ad14971893345970ebd78375e14044a,d225bc5287658b8f
test,vanet,test/vanet/217192410.jpg,aabff5137792138c14af82da00a151ff,942faf90af0df026
test,vanet,test/vanet/217551389.jpg,06210c00939f4c4509af0c9f295951e2,87cd7c039034cfcb
test,vanet,test/vanet/217951013.jpg,f67a10b4fbff2e0a8e747b629ed57a6c,94366aca876c63c7
test,vanet,test/vanet/217977559.jpg,114620cd4bfa66ff701ea48a23fc2ff0,d42faf1d93738026
test,vanet,test/vanet/218061222.jpg,7304cb32de8fa74679bcff92bc943c26,acf0b012c76d9a97
test,vanet,test/vanet/218311235.jpg,31ba01442aa41c8a619868d19009758d,8409be37d33f8515
test,vanet,test/vanet/218438512.jpg,465ad3c78b470248b30f8df269e02af6,8f21f8d7707e8238
test,vanet,test/vanet/218886563.jpg,669122ac77dae71100bdc078a7827a42,d46aaa169e388d2f
test,vanet,test/vanet/218939246.jpg,a74f3b90e4b0da77937ec012ce5d569b,8fdf6d81947c3490
test,vanet,test/vanet/218939947.jpg,b84b8d8ea97bee8084648d5ab2b0d0fd,a57a4a857a58a57a
unclean,ambulance,unclean/ambulance/198197588.jpg,37171f26efee91489e759bab458f1d08,ab8bacbc34719625
unclean,ambulance,unclean/ambulance/199038575.jpg,3854d7b8bf3c7d17fe65b2710a6af299,87ce313636399369
unclean,ambulance,unclean/ambulance/199656777.jpg,1d7dab0bef9e5c7c388e52d668a93985,8fd2703e70389679
unclean,ambulance,unclean/ambulance/199984667.jpg,c8b7572f399aa7e3ad2cc8e864b40abf,ca8d3d6237319665
unclean,ambulance,unclean/ambulance/200105319.jpg,9be8074fc014b90cb0d4ce4b869e2b5f,aec7712d72389661
unclean,ambulance,unclean/ambulance/200180166.jpg,4a7ce4b981721c12eb9f9cef1a545a96,c687495e256c9667
unclean,ambulance,unclean/ambulance/200396165.jpg,0964d02afe54505714ecfc869ffe8a8d,bed370226135c33d
unclean,ambulance,unclean/ambulance/200420286.jpg,6317711530ff355202f2e2df13d9cd7a,b5e00987f26dc734
unclean,ambulance,unclean/ambulance/200605434.jpg,e55a4722ad22eb8e3a105e451e941939,b5d20acb708d877c
unclean,ambulance,unclean/ambulance/200771627.jpg,830247badda393bccc23a1d042970158,8fc26436303ad76d
unclean,ambulance,unclean/ambulance/201232370.jpg,bd394d77829cebccceb29b548284561b,dabc637165c73830
unclean,ambulance,unclean/ambulance/201944291.jpg,96f52962d5e037925dd857492d8f27fb,e3c77c3630d2c269
unclean,ambulance,unclean/ambulance/202045377.jpg,af33ed2f19916e16c517651fbcdb7071,8ecd71926198de65
unclean,ambulance,unclean/ambulance/206808986.jpg,d936377e2b32b1f0993bccdba2ad953c,8b957832799e3368
unclean,ambulance,unclean/ambulance/207226876.jpg,1db2b50349d3f0a14f5354af163046e6,dfda782070c3d22d
unclean,ambulance,unclean/ambulance/208738861.jpg,a4402ba2db81f9ada97ff0792df2b0bf,8f8f793630389669
unclean,ambulance,unclean/ambulance/209258888.jpg,88170a60eb0411ebe3facf4f5e38a37f,e0818d5dc66d8fc3
unclean,ambulance,unclean/ambulance/209524502.jpg,70f389d2064c2be9eaeea401d244c3d4,c0efc5f23f9088d8
unclean,ambulance,unclean/ambulance/210118911.jpg,3a3e879f6b95ad5283bcb7b95199f786,c17c4dc27e3f8648
unclean,ambulance,unclean/ambulance/210178416.jpg,df0934a05fc8054625a1c42db51832f7,e0838b49857dafc3
unclean,ambulance,unclean/ambulance/210925845.jpg,246079b622e61b2ba43c26df21d959b5,e391f0346733986b
unclean,ambulance,unclean/ambulance/211184410.jpg,f8ddff3f6d4f0bb555de023eaa45c134,9ccf611663399867
unclean,ambulance,unclean/ambulance/211531125.jpg,232e1c5aa196203d923c4da1cbb4770d,80d2dfd1c12b769c
unclean,ambulance,unclean/ambulance/211874554.jpg,3e1691e209f3b719fd9478597bd65cd7,f0a08bc2c27f3a6d
unclean,ambulance,unclean/ambulance/211881113.jpg,957a436ea64cde48792e9b96f2daa4ba,ff75c072c06acac2
unclean,ambulance,unclean/ambulance/212001982.jpg,71026383d9d66d527a178a86dfb16a89,d460aa7a81dd47c7
unclean,ambulance,unclean/ambulance/212170320.jpg,ad21b98f8526b7a07e095c70268dbd2f,d4d02ad2d03c2ffc
unclean,ambulance,unclean/ambulance/212304509.jpg,328084a893f6e20519070e826e3549f6,d5852e9e85789e91
unclean,ambulance,unclean/ambulance/212360232.jpg,34b96bd66859534200ed6e8f37f8efda,d4feaf49d008c963
unclean,ambulance,unclean/ambulance/212759904.jpg,ba6060db3f633dd62656961a03ba25a6,f0a52dd2d23c21db
unclean,ambulance,unclean/ambulance/212836783.jpg,126596d373dc965f5bc8a391a4ad5314,c0723fc5ca1e353c
unclean,ambulance,unclean/ambulance/212921984.jpg,047e7b2372d26efde9a1268c5b7ef229,80d0dbc2d06f6b3d
unclean,ambulance,unclean/ambulance/213231064.jpg,3b8be89758a8f662e41b1a6efaf45e86,d4372f60d24fb036
unclean,ambulance,unclean/ambulance/213260411.jpg,8b8b03c3a4117b6b3550e00ecee39c42,807fca7fb0ca0ba1
unclean,ambulance,unclean/ambulance/213342200.jpg,278746eb592f64791fe0f0b3668ce317,94d2dbcbc02d2fd0
unclean,ambulance,unclean/ambulance/213495669.jpg,6bb837ecc3752f4b55751c90d2ef9a6a,a892df1f8585c707
unclean,ambulance,unclean/ambulance/213615902.jpg,b0e320d7b7340b3b45018e02fd6d7c46,d5538a42c42d2fbb
unclean,ambulance,unclean/ambulance/213796534.jpg,33d7db950befc410facb9bb91dbf4d71,f08aaa96c13c97f1
unclean,ambulance,unclean/ambulance/213801906.jpg,f350bbe595668f370f6ae8bd204f068f,a9d6ebc26d2ec0c4
unclean,ambulance,unclean/ambulance/214289809.jpg,9552c7d2921257279b656e24a13a6a86,fd852a15814e3f87
unclean,ambulance,unclean/ambulance/214343204.jpg,bffe3d415155ae5003916e80e48ec80d,80eb76d47f24d2c2
unclean,ambulance,unclean/ambulance/214375238.jpg,bb17ac23144d4758a5aa2f02ba9990f2,d47e8e50e14f60d9
unclean,ambulance,unclean/ambulance/214491147.jpg,aac3c3d95f6f32ff8df132128584082d,d1806ad7d01e6b2f
unclean,ambulance,unclean/ambulance/214536826.jpg,3326ec0d1958ba09658d9ececaac074d,dad930cb6624e1ce
unclean,ambulance,unclean/ambulance/214632265.jpg,40fd0aff88d63c855e238df3d1301b27,9452da55d11ac97b
unclean,ambulance,unclean/ambulance/214639587.jpg,bb98d52567c6a9d1d8fc5b391cfd2dd8,f1938bd0825a9f69
unclean,ambulance,unclean/ambulance/214644650.jpg,b32a771fdcce0e9b9eb2aa9902ba7de8,941efa909979e169
unclean,ambulance,unclean/ambulance/214721739.jpg,d6932b86715d64567c0cbe76657ef71c,f4cb0bd42c2c3c37
unclean,ambulance,unclean/ambulance/214735836.jpg,81fe9f952119a8b265ff2f942fd7333b,bd57d740d04e40fa
unclean,ambulance,unclean/ambulance/214830125.jpg,ec25c5583502d34e020ba30d77fad5d8,f0c0c148c47dffc5
unclean,ambulance,unclean/ambulance/214851600.jpg,476c6fefdc10a96dd44ea47357ffa9f2,81d33fc6c069339d
unclean,ambulance,unclean/ambulance/215068423.jpg,1cb79dc23ec6cc4814c4b7cc8ed66451,add53f6ad08d4360
unclean,ambulance,unclean/ambulance/215080857.jpg,1ca3945a7b7e0a0692bef5cc0fc9b599,add4c3c2c02f6ae9
unclean,ambulance,unclean/ambulance/215169753.jpg,bd1a514d90f082e5386c857c3dbe6db4,d09bde582bc22b2b
unclean,ambulance,unclean/ambulance/215417394.jpg,6636f827b33368d88311b2720ad9c0f7,d02fab50d01f35b6
unclean,ambulance,unclean/ambulance/215578376.jpg,6ad829c0163a73b69ae9186059c88c63,d7d6aac2802f2f38
unclean,ambulance,unclean/ambulance/215630754.jpg,094bf86692b2daceaccd2bede025e02f,d5812b81c17f3fb0
unclean,ambulance,unclean/ambulance/215692641.jpg,59aab855e919b8d8f2b1ab94d0fb48e4,8505fe3e81197e87
unclean,ambulance,unclean/ambulance/215713763.jpg,a0f8b2d0f8c277f0074151953cd28c82,c0aac1e53ff4c3c2
unclean,ambulance,unclean/ambulance/215726067.jpg,e3649002974cce1e8c3133029918dd66,d0a9a1c43f3f96c2
unclean,ambulance,unclean/ambulance/215775075.jpg,ea2eadec6bff9f896fc74cb20fbf94a1,d0d86bc0d03b993f
unclean,ambulance,unclean/ambulance/215776808.jpg,dfc302db37a5a76589ea80936f83f32f,f569af47d06ec0c0
unclean,ambulance,unclean/ambulance/215784252.jpg,eb3b363c169166933d1445c7947e755e,a4d296c2c24a7f2f
unclean,ambulance,unclean/ambulance/215802717.jpg,c1753f9da4707d9f8fca9af6c1a94975,d5953c9591789a95
unclean,ambulance,unclean/ambulance/215818698.jpg,7fed635084790a32da3cf81551d9c39d,96d27b8381292df5
unclean,ambulance,unclean/ambulance/215942342.jpg,0c9d53776bbcedf59bab73988f384311,acf42d2af6978382
unclean,ambulance,unclean/ambulance/215951291.jpg,aca8ad82a8822f4fe13c84f5f873c641,fdac80d4c42f6595
unclean,ambulance,unclean/ambulance/215973116.jpg,7e5982a582197de3aadcaa0804879233,d64e8bd0d151ce0f
unclean,ambulance,unclean/ambulance/215980770.jpg,3732c926e7174c561cda6065a2f00fea,85535fd4d20f72c1
unclean,ambulance,unclean/ambulance/216021723.jpg,30367a02c9e6397554fa79ab62af89df,9575bf2bc1c520f0
unclean,ambulance,unclean/ambulance/216050566.jpg,69bcd8fa37f388bb86de8ffc5d5b7691,d0d07fc3d22949dc
unclean,ambulance,unclean/ambulance/216056611.jpg,1cbfc55688ce9f9bdf1bf84473a948c0,80d27b83c27b2aed
unclean,ambulance,unclean/ambulance/216082736.jpg,a2ff153338ea221b509339cc75051959,d4636bd0d0ce72f0
unclean,ambulance,unclean/ambulance/216086363.jpg,84ecb6205891ca74b0f6f29bdaa3ef59,82d27fc3c2383c3d
unclean,ambulance,unclean/ambulance/216095686.jpg,d50a8665b259dfa33c66b550292e04c4,80807f97d46f6ee0
unclean,ambulance,unclean/ambulance/216216403.jpg,9cff2a781603a43e2ac24eee0e219dcd,d0c02bc9c03d3fd7
unclean,ambulance,unclean/ambulance/216219333.jpg,4c045b2e0f5492c2e134c84789f08eb2,e9d12fd3302fd2a0
unclean,ambulance,unclean/ambulance/216222707.jpg,bab99bd5de9f5aba5b116fe31bfe5608,faab2dcac26988c9
unclean,ambulance,unclean/ambulance/216235901.jpg,0a4ce2cda925ac5cf84c9f735934d00b,fa287a3e91589875
unclean,ambulance,unclean/ambulance/216291191.jpg,a787e4a2b626bcfa086c5fe362fd1581,9a9a78c68229f19f
unclean,ambulance,unclean/ambulance/216292398.jpg,f0108e2094bfe52fb7b823b9f5c38fbf,d4df4bd0c9282d0f
unclean,ambulance,unclean/ambulance/216347959.jpg,8a39b2bb185d03a0c8843eb3400dc671,94c8e9c4cc362e3f
unclean,ambulance,unclean/ambulance/216362224.jpg,2b088cade23f465a85733b7178d6938d,92924bc37b3d323c
unclean,ambulance,unclean/ambulance/216456892.jpg,fba528840eec3a267a5c91f3d4025f8d,d0c07dc3c23db53c
unclean,ambulance,unclean/ambulance/216529830.jpg,f159802f46b6acb02e107c7ee611ab08,d5d4aad281682bed
unclean,ambulance,unclean/ambulance/216576768.jpg,3041383c8909e172fd48f65d26d12e15,84965e97c3697cc1
unclean,ambulance,unclean/ambulance/216625195.jpg,051c03afd23016c10f989156819151a8,d4d52a1ad4fd42d2
unclean,ambulance,unclean/ambulance/216662289.jpg,7cf75d807d584944d687809a3f2affbc,85233f94d04e37f1
unclean,ambulance,unclean/ambulance/216676321.jpg,624d614153ec13e30788ab0f2b6826fc,d5853a6a851ccf27
unclean,ambulance,unclean/ambulance/216685886.jpg,7e219e111c0e2c1911403b6e88040f33,adda2dc1d0cc6bc2
unclean,ambulance,unclean/ambulance/216702100.jpg,adf096722428817482529cc6e62e8a2b,a9d0d9c8c06def94
unclean,ambulance,unclean/ambulance/216756276.jpg,5864fb8209edad2fab1b2219b3c14b6b,d050ab53856d7db8
unclean,ambulance,unclean/ambulance/216771004.jpg,5de1d4f297f447b7da00619e2ac9b28d,ff86d0d2e82dc4c4
unclean,ambulance,unclean/ambulance/216841428.jpg,43ccee22608bcb21bef588fb838b8283,94db52c2c35a6d2b
unclean,ambulance,unclean/ambulance/216999633.jpg,96eaeee4cd298c23593b36b23e501fcb,90db4bc2d12dac1f
unclean,ambulance,unclean/ambulance/217040489.jpg,152bc5c80a73ba5ba5a6c81e283d6dec,c1cd6dd03f3447d0
unclean,ambulance,unclean/ambulance/217064863.jpg,12b4c30ba9ea8fd1af3de88bfcacb15c,80c0fd43d23dcb3d
unclean,ambulance,unclean/ambulance/217161744.jpg,be3570d9cdbd4e82db070f99d323870b,818e5f95911b317e
unclean,ambulance,unclean/ambulance/217165994.jpg,2b6a871830b6c27a99b3db9da9211e83,add4d402d0757a3d
unclean,ambulance,unclean/ambulance/217183766.jpg,788bd2752907f86d47d66b71372915a3,c0c26bc9d42f2f35
unclean,ambulance,unclean/ambulance/217200843.jpg,18047cb148485104e8bffdea4c302418,d153ef41c26aa578
unclean,ambulance,unclean/ambulance/217206401.jpg,aca9f4257b67a350da5af3b330d03fb2,fc80d4d2c02ff1dc
unclean,ambulance,unclean/ambulance/217219997.jpg,27e53c5f4dc8eb218eff452ad87a638d,e840d24bc03d3f6f
unclean,ambulance,unclean/ambulance/217255744.jpg,5d8d200e28f430d7172818eb87089698,c243af53923c3d3c
unclean,ambulance,unclean/ambulance/217282219.jpg,cffaf687242762f1577131896eff6b09,c0d0cacbc03d6fd5
unclean,ambulance,unclean/ambulance/217323165.jpg,b167cadc438325b6a3f07af05796f1c6,a8d0fa6ad03e2e36
unclean,ambulance,unclean/ambulance/217377073.jpg,886b04d5b0188e18cce80f2111bf594c,858f78549716b578
unclean,ambulance,unclean/ambulance/217399746.jpg,b5aebad2d6d7c4fe6e81e2ee20645425,851fdf47d238e20a
unclean,ambulance,unclean/ambulance/217408246.jpg,e98d9a12fd55ecf69a9465b0de278669,d07b4bc0772db0d4
unclean,ambulance,unclean/ambulance/217479305.jpg,428c7b7360bbcc0a607c4ea190969d30,d0d22bca96ca8bcb
unclean,ambulance,unclean/ambulance/217495327.jpg,da8b476380fea1a72477c41cb0c0a25a,d0ebabc0dd2d3425
unclean,ambulance,unclean/ambulance/217579130.jpg,52af0a940be189a555d3feb2bce1ecdf,acd697822d6bc989
unclean,ambulance,unclean/ambulance/217676452.jpg,d9ef4b5a358853e76546c650d746043b,978ffc948569884e
unclean,ambulance,unclean/ambulance/217696116.jpg,57beee62ef5bee85b10e229c2817b8d9,d5763bc7d01e23c0
unclean,ambulance,unclean/ambulance/217782582.jpg,a2bae5b17f07f9d85b482a6de5df6507,da9d2d52346dc334
unclean,ambulance,unclean/ambulance/217813096.jpg,887f74a97284d9b454a8433df7aebc5b,b4d2db85c02dd3c5
unclean,ambulance,unclean/ambulance/217896022.jpg,083099fa658fdb7c91197ef9c423c51c,85c31f94d24f73d0
unclean,ambulance,unclean/ambulance/217941976.jpg,ea894db484d832556a2f3d725696ac24,84cbdb976c2c2d31
unclean,ambulance,unclean/ambulance/217998219.jpg,15e0106adb844c65a99ecdeedc0be249,850a3fd1d359c1cb
unclean,ambulance,unclean/ambulance/218069485.jpg,b6bc360e754155b6cbc8dbf3287a9db6,d0d26dc9d26b033d
unclean,ambulance,unclean/ambulance/218070390.jpg,1ab54bd5aadfa77efb26eaed2fa9aac7,d506fa508716b97a
unclean,ambulance,unclean/ambulance/218080033.jpg,f7cc7739235f498c72823f158e7e3b2b,d052fb49d01f0fe1
unclean,ambulance,unclean/ambulance/218089422.jpg,7fe58e7645f22107750bcfb8a474cf22,c78d3876359e6261
unclean,ambulance,unclean/ambulance/218166278.jpg,1b24991334e0840cf30062710118d513,8134fe37d41c6bc2
unclean,ambulance,unclean/ambulance/218171063.jpg,6afc02c622e9c79238e5fe7c6685b926,8254df42d27c62db
unclean,ambulance,unclean/ambulance/218179131.jpg,ee1cbeeeef66c111f1f4fdb854800377,ffd0c2c1c02da93d
unclean,ambulance,unclean/ambulance/218197220.jpg,16a08ec66839f2fa38a5edfef995f685,fd808a90855f7ee1
unclean,ambulance,unclean/ambulance/218214695.jpg,1feff6e13fc1be20eb935e149c1a45cc,fda9299fd056c288
unclean,ambulance,unclean/ambulance/218275571.jpg,d0e6f1640fbdee511d7b1e2d7c5d571f,fa93b89a93383561
unclean,ambulance,unclean/ambulance/218335016.jpg,b29055d854036ea53784302408d47235,c38b8fcc3c9296f0
unclean,ambulance,unclean/ambulance/218352247.jpg,aa8cfc79d22846e44632990879869f25,95d67a83c32aa89b
unclean,ambulance,unclean/ambulance/218460563.jpg,e63f15be2fee92cf3b4de983e3af1257,ff90d4c0410b9edd
unclean,ambulance,unclean/ambulance/218461482.jpg,5e186953aa5a9a786abb19c6796649c9,ad7dff6b9018c240
unclean,ambulance,unclean/ambulance/218591595.jpg,16ae5af2c0d39b286681718d45d04eeb,d5872a94877d6163
unclean,ambulance,unclean/ambulance/218644798.jpg,b76c2a57052d890e842bf618c08e10d6,d38d3c7238937155
unclean,ambulance,unclean/ambulance/218653505.jpg,6e8c552ef8fbf7c2768a8a68b1a12eb4,80cbefe42f25d4c4
unclean,ambulance,unclean/ambulance/218665571.jpg,8a837d4502766e7d98d93c8557d8cdfd,87963e876a29949e
unclean,ambulance,unclean/ambulance/218666389.jpg,1061e95ef55021053e61f779bc408c8e,c172fa6b851cae25
unclean,ambulance,unclean/ambulance/218718826.jpg,8ef1468bc083aecd17db2af3f4fb5453,d676a929d60d29f0
unclean,ambulance,unclean/ambulance/218739355.jpg,261dd3d315da5f6152b455ac4d233aef,d052fb43c07a6ada
unclean,ambulance,unclean/ambulance/218756593.jpg,7682db6357bfe12a034581f80e2bb0a8,d0fb4bd02d2d9ce0
unclean,ambulance,unclean/ambulance/218771670.jpg,98e2da631c913fb41c4e8a39aed12fe5,d575ab0ad58d20f4
unclean,ambulance,unclean/ambulance/218775859.jpg,33b9f8deaa0a1278bc697cfa6107743b,f0e22bc0d04f70df
unclean,ambulance,unclean/ambulance/218786704.jpg,42f150f2803a357b05e66bc7bbb40df6,c8c42fc0db2f3536
unclean,ambulance,unclean/ambulance/218825718.jpg,1ee6222f6e5ce747a6b4d444f0ac9608,94dede8568387037
unclean,ambulance,unclean/ambulance/218868478.jpg,996fb0920ba5acb0194adc0d950812ea,fd808ac2c07d2f6d
unclean,ambulance,unclean/ambulance/218940365.jpg,4ef6ee51f34d662e1dc22b5a5a2074e2,8736fc02923e7cc6
unclean,ambulance,unclean/ambulance/218966979.jpg,91f88bb6eb0957ce09cbe4f4c3fd4b86,ff2dc15fc07c02b0
unclean,ambulance,unclean/ambulance/218967792.jpg,0f46df1dc7d340042f9f7d9e8a36f316,c59e8e878b7a3a60
unclean,ambulance,unclean/ambulance/219020835.jpg,c6bcc7b5fbdd921cd6f4a0491e3c598b,ad54ff2bd00dcb20
unclean,ambulance,unclean/ambulance/219035975.jpg,ec130ed2cae3def97704c345155bb6d8,81d2cb853fc5cd16
unclean,ambulance,unclean/ambulance/219036698.jpg,13fc4c79ac706566fbbc9f8fc4bf86b6,d48a2bd2d47e889b
unclean,ambulance,unclean/ambulance/219046558.jpg,e47dee77d819b15160a3e500c4289b42,a8d03fcbd09d69e0
unclean,ambulance,unclean/ambulance/219048928.jpg,e9b5d0224318b3bd0ea2374abdf16f92,f801fe7e8198786a
unclean,ambulance,unclean/ambulance/219052707.jpg,1ecfd982bac353a2788be9e848ebf934,f0828bc72bade12d
unclean,ambulance,unclean/ambulance/219063107.jpg,2af721fcd974769e2854cabbd19f1d95,c0c04bb13fd14d3f
unclean,ambulance,unclean/ambulance/219077664.jpg,4a00f7939dfc18f01b6647ab05e3b4b0,c3832bc1617b97c9
unclean,autobus,unclean/autobus/193597587.jpg,06dbe386ebf7bffd219492a6ff5cbe5e,c24f83c36b2dc46d
unclean,autobus,unclean/autobus/193813673.jpg,4a2dce0327dc4b369e1712eeda956dbc,c0ed82fcbc92bab0
unclean,autobus,unclean/autobus/194458934.jpg,1d7c58ca3eb804312f7ffc4b31ab8e83,fb82903e36d4ec8c
unclean,autobus,unclean/autobus/196191533.jpg,51485e90bc43e06548de309820a0f4aa,a02df892db7c9cc2
unclean,autobus,unclean/autobus/196526860.jpg,026652dbf5b9e8b9eeb0b44f940085ef,d945c22bc9b469da
unclean,autobus,unclean/autobus/196595859.jpg,39f017e83f3d04b8f17a315d136025ab,aad29d9f60c26363
unclean,autobus,unclean/autobus/197331533.jpg,e9ec1e470c5a6f08790c83a86470102d,96dcd65a78846897
unclean,autobus,unclean/autobus/197977992.jpg,1bcc381d600c65c7aec05cce77afe055,83c9cf242c863e9f
unclean,autobus,unclean/autobus/198272507.jpg,90bcb62560037fa9e8f59448af3d55de,dedaa29868c378d8
unclean,autobus,unclean/autobus/198274798.jpg,b5613faf7a4be312ad251404917a390f,9a9ed69878e88999
unclean,autobus,unclean/autobus/198385240.jpg,8441d06b4c0d3606e2c93a66b6111598,dfcac2c33c34c22b
unclean,autobus,unclean/autobus/198451326.jpg,edfae2659322888fd4da987059424a98,affcda82ca3e82c0
unclean,autobus,unclean/autobus/198482481.jpg,a3b81d7797d8e9804f573b91cea78582,afc3202c7cc69e69
unclean,autobus,unclean/autobus/198693556.jpg,7aed59b8149be7c89b690aee315a4663,da89a57de2c22c87
unclean,autobus,unclean/autobus/198756999.jpg,305cc02acd3ab2b3724cb115feabe347,c22dd33c90c33fd1
unclean,autobus,unclean/autobus/199115928.jpg,79e3b3c748e401bdfc7cb2f617aefd99,fa81c07e2c967a93
unclean,autobus,unclean/autobus/199205393.jpg,0d8451866a2455355de3331da2710594,8ac79c2cd0d02fd7
unclean,autobus,unclean/autobus/199209846.jpg,c6c7fe77589372a3550ce5343ac5ac2c,9edad3c82992613e
unclean,autobus,unclean/autobus/199713076.jpg,c44b1fc964f78dbbe3598559efc98780,8fc8da8f2d3d8560
unclean,autobus,unclean/autobus/199917107.jpg,50c16f3be3f290321f0434ce14f03b8f,dbbd20387bc22c93
unclean,autobus,unclean/autobus/199961601.jpg,dfcbad2a7f3919c5793c7655ce88b25c,de98f161c7c60c65
unclean,autobus,unclean/autobus/200139637.jpg,39ee524c4a7a07906d2bd8b73f319d68,dadac26931c06fc6
unclean,autobus,unclean/autobus/200600907.jpg,a3f21efe58f2689661cf892cc633402d,8338d26929c73dc7
unclean,autobus,unclean/autobus/200603886.jpg,541753fab0d1fd9b5f5f4c8c85b3bc36,8bc3c66b6194789e
unclean,autobus,unclean/autobus/200699667.jpg,e568aada2d47d360172bddf7d3a9f0f8,fa979638299f6092
unclean,autobus,unclean/autobus/201226148.jpg,a2861f8ca98511d76fffca95fcfcc5b6,c3e9d768941e3a31
unclean,autobus,unclean/autobus/205217960.jpg,7f49378957c5c1249e22cbea434dc3e7,dc9a96966935d168
unclean,autobus,unclean/autobus/205990197.jpg,8c61cc7a844d5ff6fd0c4501d1bdee65,8fc5c26570d26e9a
unclean,autobus,unclean/autobus/208014403.jpg,e837272c64a2355347442b3d2c0e7bb3,9efcc221a987ad86
unclean,autobus,unclean/autobus/209489102.jpg,3acafccd39a510baf51e20483f56ad62,c3c3c7707896383e
unclean,autobus,unclean/autobus/210000620.jpg,e18d65cd4fccdf4367eaecacf1edad8c,bcdc92977920616b
unclean,autobus,unclean/autobus/210100636.jpg,ee64a4d11d8d8066c027d30d49426c8c,bf6f7fc5e128c000
unclean,autobus,unclean/autobus/210108251.jpg,b4d79fbd07ba4215e9e2fe8de1b13e2c,913b5b893a5c6e46
unclean,autobus,unclean/autobus/210452880.jpg,c68b6dfa958c139166c4824ee10e3dff,cf0d8778389239b3
unclean,autobus,unclean/autobus/210750784.jpg,9d2f498bc54128d06429966591b10b92,8ec763ac60969679
unclean,autobus,unclean/autobus/210758346.jpg,01d07a078e5865eadc6b221b34c2a48f,9fd2823e2c347ec2
unclean,autobus,unclean/autobus/210882256.jpg,ac03b1873606b3bc29250b7b1498a260,8fcdd668a2348f34
unclean,autobus,unclean/autobus/210955520.jpg,0ab3a167e09b1ba9c6cd8bacb9050b33,c4638c639c987abe
unclean,autobus,unclean/autobus/211425528.jpg,83c80170c446e9fe4f89a1274895a420,cb9d837c35d03c92
unclean,autobus,unclean/autobus/211954710.jpg,fb5f5498d3bfb7db1f70a3b34597269d,d42a2ad5af6ac12d
unclean,autobus,unclean/autobus/212025778.jpg,64ff92af8c773cee1986be83929c01f1,f54640f51a31333f
unclean,autobus,unclean/autobus/212199633.jpg,a5931166cb65e386c5457024bc417f8d,df5642c04ac5ecc7
unclean,autobus,unclean/autobus/212480589.jpg,70da9dbab9c13c2ca51b5558ea9bf817,d02a01d55f74adcb
unclean,autobus,unclean/autobus/212513253.jpg,a023adba120ff4adab0112bfec1d6580,80585cc2ff72c07f
unclean,autobus,unclean/autobus/212866341.jpg,59e608272b4cfb7adcc37c0d0a2e145a,bc160be8d21ea8db
unclean,autobus,unclean/autobus/213351498.jpg,02811cfca48c99f6cd245736cc237d0b,c3c9c7c764c4347c
unclean,autobus,unclean/autobus/213387462.jpg,b2e642f21bbd9a8d1d5084eb68d41f9c,c34f25363a963837
unclean,autobus,unclean/autobus/213441216.jpg,0be891c50b01ec9b3b40bdfd4c5bd0ba,c3c9ce616196789e
unclean,autobus,unclean/autobus/213497548.jpg,c64b093b89f3cb9328a83d326b335d6b,c3818e5761cb3ada
unclean,autobus,unclean/autobus/213512673.jpg,64fabbd1054581524154850518915d40,f8c3d7686f82e160
unclean,autobus,unclean/autobus/213538203.jpg,9cde7760d530a22d20c1ebef19c536d8,db8dcf7434d23013
unclean,autobus,unclean/autobus/214366235.jpg,14e2cc76b9d9ad26f47cf61719557a09,bd05ca41c86cd56f
unclean,autobus,unclean/autobus/214366241.jpg,feecc181d2b21552e78bf6a075c4d05e,f50b8a7480563dd7
unclean,autobus,unclean/autobus/214543193.jpg,bdb26b2b5e13a57db1f79acfa92cc5f2,971dbc13ea75c188
unclean,autobus,unclean/autobus/214708296.jpg,c23090f163b8a23403f625879554c5ec,92dad6696dc46ac2
unclean,autobus,unclean/autobus/214775316.jpg,1c9662795aeaa8c4d35db41579312805,b0023faa4a35bdd3
unclean,autobus,unclean/autobus/214778708.jpg,68c06e416cbbc0aa1a445c6301b02702,cfc0e46036967b96
unclean,autobus,unclean/autobus/214799092.jpg,2dd9e586ec7b6ed4e0fd5386d9013d91,80877b80e27f959e
unclean,autobus,unclean/autobus/215105897.jpg,0b472eb06ad7f7ff1dde21aab1b8d920,add4965f74c2309a
unclean,autobus,unclean/autobus/215129619.jpg,4164a444fc36e6fde126ed6401c821a1,8378d36929977992
unclean,autobus,unclean/autobus/215151704.jpg,425595a06629343b503a10f29eb766c6,c74cca64e4c73cd2
unclean,autobus,unclean/autobus/215161403.jpg,26fa6985bbd68cd1c476b7e67db21bd7,a05aa7a85f59f20b
unclean,autobus,unclean/autobus/215468137.jpg,67f9938541fed0034925c06a49d7499b,dadde9216fc62c80
unclean,autobus,unclean/autobus/215504509.jpg,44e2c8f1a2f49eff1145e741a49ad4fc,827cd26969c72cc7
unclean,autobus,unclean/autobus/215521655.jpg,75ea00820151a944cd23177f78213d04,aa5515c23e77d4c1
unclean,autobus,unclean/autobus/215551069.jpg,57f3b86390b8723d6d43612ccbc55ded,95c22afcba0a64cf
unclean,autobus,unclean/autobus/215573481.jpg,e2e24db3d254ae4abd753610543a232e,da8f8b7c64e06c91
unclean,autobus,unclean/autobus/215587537.jpg,4c397420b81fffa672efc301ef69bff6,ff3c00f0ff639802
unclean,autobus,unclean/autobus/215642404.jpg,09d037fe158f2f3ac2a6e32a9006f1a2,c3898ec66567b968
unclean,autobus,unclean/autobus/215646286.jpg,443c9d31b9a5b615a0e84a48c040be8b,8778967965867986
unclean,autobus,unclean/autobus/215674095.jpg,0de23cb8fb114f48875ee719079fafdf,c30fce3038d33cd3
unclean,autobus,unclean/autobus/215685399.jpg,58d466d77b0eac99a743e9442615d645,b55b8b35ca0fb403
unclean,autobus,unclean/autobus/215700578.jpg,d6e92dfade450fb0d2a9948778e3c562,c38dab873494746e
unclean,autobus,unclean/autobus/215710729.jpg,2786d1d3e166215a95fe061ddfcbd151,c68a9ccf63c52571
unclean,autobus,unclean/autobus/215713565.jpg,aa442f706fcd98ab40106392108165c7,c2a1b3b9584cce4f
unclean,autobus,unclean/autobus/215769366.jpg,6bcfd8a16a36cfed3a4c248e7569390d,dc08873ddd326395
unclean,autobus,unclean/autobus/215792010.jpg,854052cf3ee1adb0c51a930fff3d4e12,d7480015df7ff508
unclean,autobus,unclean/autobus/215825871.jpg,9d279b55ab5c599b4f2f19e0b47f3c48,d456c2e1875ce5c5
unclean,autobus,unclean/autobus/215829949.jpg,3cdae234ad8f53c7f473d6919bfd3cd5,c3898fc33167327a
unclean,autobus,unclean/autobus/215831614.jpg,f1c027c89f2ccc29fd536e72ad28c57d,c5639c63a7b0789c
unclean,autobus,unclean/autobus/215856085.jpg,d9643ac29042b3ad335018c56d780f35,fd464ec44e5ce09a
unclean,autobus,unclean/autobus/215856791.jpg,3821ba4659b64957707b0f43045a7bd0,f7088075ff7495c0
unclean,autobus,unclean/autobus/215865757.jpg,612e6c7eb4215cd435a7d03ff042e71a,9ac8da8f2925f49a
unclean,autobus,unclean/autobus/215872433.jpg,0d54121f5ea09bdb8cad6b500909368f,dae2e6e820877cd8
unclean,autobus,unclean/autobus/215893121.jpg,41a97d1325857cf9b779713d48631b8b,da2c8239b1632fe5
unclean,autobus,unclean/autobus/215943907.jpg,c8bfd69fdd42d2d752f2646dd043f47a,875c5dc72986c738
unclean,autobus,unclean/autobus/215981206.jpg,36e26d56ffbe5295857cf295beb24c7e,dd62b0ddca00fb1a
unclean,autobus,unclean/autobus/215993552.jpg,88858fa6bc1e413298d483b664bfcd57,da0c8e7131e76987
unclean,autobus,unclean/autobus/215999914.jpg,d2d7bce17070e1388a6087a864297731,cb8da76434d23633
unclean,autobus,unclean/autobus/216016488.jpg,a55da598b0ae1387ef82ec43982ebf44,f51a7ad51a68850f
unclean,autobus,unclean/autobus/216022475.jpg,5c9747cf98ec280b0cb7d45030b5a761,f5168271825afd65
unclean,autobus,unclean/autobus/216034928.jpg,4b82119e92200e02660086d4260f0ddf,c3cb65343293393b
unclean,autobus,unclean/autobus/216036079.jpg,22d7367129dab060528760da0331ad99,d21c9a7131c367c7
unclean,autobus,unclean/autobus/216037448.jpg,b38393b5450dcd8293846fab04d832c9,def4832d78c23ac4
unclean,autobus,unclean/autobus/216064635.jpg,1a443ba4032ff55807668cefb53acb01,f55f2bf50a48a44a
unclean,autobus,unclean/autobus/216072125.jpg,be629d9226dd1e6e85fae9e1937f744c,833cd76958c729a6
unclean,autobus,unclean/autobus/216084543.jpg,70eca58a67f25688704a1afd92a03537,b9e8da2d2926dd30
unclean,autobus,unclean/autobus/216086020.jpg,5ca9828af632c60821b8c8eac4393a6c,8278d3492dc76d96
unclean,autobus,unclean/autobus/216087654.jpg,6bc13a2b2285dd355e4234e77e95fbde,d95d09f0df13a816
unclean,autobus,unclean/autobus/216103002.jpg,28f9fe782563be1831e56d7ee850c1d7,ff3d8123a23ab438
unclean,autobus,unclean/autobus/216158622.jpg,b2f7106ca56e865f075042741e03e497,c56cd36c6c873994
unclean,autobus,unclean/autobus/216159953.jpg,b40aca5e4406255f69539082d161441e,d0699f679dd05894
unclean,autobus,unclean/autobus/216162374.jpg,40c53e2cbc95951b583ca2273587b6a6,8778d770d8876986
unclean,autobus,unclean/autobus/216169980.jpg,f506919309b48caf6b820a8cea4ff34c,807f823d827ff08b
unclean,autobus,unclean/autobus/216171296.jpg,6dc36a103632810398f1bdfc297a1bdf,9778967171966986
unclean,autobus,unclean/autobus/216198078.jpg,49d3db814e5c435aff243201e78872fd,def8c38025cf4c1e
unclean,autobus,unclean/autobus/216256289.jpg,17bdcb939a60a5d9b635c1cb9f806320,c57f3fc00e25830f
unclean,autobus,unclean/autobus/216261915.jpg,5c96406bcc507cd0b4dc5e4d926d03f5,c769c76061966e96
unclean,autobus,unclean/autobus/216265509.jpg,58800cfd25645b94e683b65090954719,c361c32368c67cde
unclean,autobus,unclean/autobus/216269810.jpg,80360d84a4611db21e479792dea16ea9,c3618e71659678d6
unclean,autobus,unclean/autobus/216273878.jpg,08339ee37ca101b0b978ee78a6418f1f,c07cd2692dc33d96
unclean,autobus,unclean/autobus/216275103.jpg,8d0496e802f633fe4de51ff80cf1395b,ec43967c8319fe42
unclean,autobus,unclean/autobus/216279911.jpg,ddac3d7c5ba7ebacbcdd3f8756b8bea6,827cd72d28c63dd2
unclean,autobus,unclean/autobus/216324107.jpg,be787124f7152c7e310e862e2d7e659a,f51a8265825ffd42
unclean,autobus,unclean/autobus/216360643.jpg,f76cb7fab511faeedf40f230ec27ec6e,837c526999876d96
unclean,autobus,unclean/autobus/216410090.jpg,ddad9238e0c1a5c079fabe52e39318de,c369c23065c77dd2
unclean,autobus,unclean/autobus/216426389.jpg,7a58590a1bb1fa5413e7b3d0ba9013a9,bc5f8720fa15a07a
unclean,autobus,unclean/autobus/216460431.jpg,4d98cf7782385373d237d6be7ce1a56d,805f1f85ce7ce08e
unclean,autobus,unclean/autobus/216495787.jpg,37d35171c6bc97503a0775120982be46,db888a832dd4726f
unclean,autobus,unclean/autobus/216583468.jpg,d77125dfc3d2e4829b3dc3f1b0d8abfb,da8d8fcb3825943c
unclean,autobus,unclean/autobus/216594094.jpg,fa4478e918ff441fd13325426dba31a1,9d2d9439d26363c3
unclean,autobus,unclean/autobus/216637123.jpg,4c7235f44a31c2c20bdcdf1bd02480af,ed2ce875b02abc61
unclean,autobus,unclean/autobus/216639197.jpg,60da0f3577131bd6a7b5a54fe8eb4d4e,c7618661cdd4789e
unclean,autobus,unclean/autobus/216649816.jpg,5c6a2616ea1a901f70eae2e50617da34,f50e0af5865af087
unclean,autobus,unclean/autobus/216652655.jpg,14a7f7e215e4bdba27143af57b2651ac,a07eff20c21d60fc
unclean,autobus,unclean/autobus/216658438.jpg,fd2ac702a6db2ae560a1fd101bc727a1,fd034af5024fa743
unclean,autobus,unclean/autobus/216709950.jpg,1bcc84bd21b4c9bfac2701fa78ab8165,f55505a1ca7fdd00
unclean,autobus,unclean/autobus/216720717.jpg,417282a5b72a48685191b889fb1f01cd,8a5cd32b2cc73333
unclean,autobus,unclean/autobus/216732326.jpg,8f5dac90a683afcd92cc2e951c33e42f,da0c927cb4c333c7
unclean,autobus,unclean/autobus/216735885.jpg,af68687eb3c3a239f1a1f9813e30a928,929c916963e66ec6
unclean,autobus,unclean/autobus/216735981.jpg,08e7ef807dcb0f61248ba07dafc0390d,da8ad67839c36983
unclean,autobus,unclean/autobus/216782041.jpg,353cd4549c5e822a0633ecb23b90d6ae,c3898ed261e7255e
unclean,autobus,unclean/autobus/216797922.jpg,b623da4788f54830b457b0eebd98f177,c269c33064d67bd6
unclean,autobus,unclean/autobus/216865540.jpg,1955ea2ee7e65770a927f8b44740d112,d6698661d39a3837
unclean,autobus,unclean/autobus/216867892.jpg,cc8294835ad3b54c3faed6f2bf94c9a6,c76187c661c6e678
unclean,autobus,unclean/autobus/216869309.jpg,7bab731a009d8ef0199d9e1e495c92fe,f523ca75834af503
unclean,autobus,unclean/autobus/216870701.jpg,9697fb340a482ee92054871157b22bd6,8978d26969c73c96
unclean,autobus,unclean/autobus/216913762.jpg,ff23bd616b49ebd2df23d2bc96c3b776,e98c917a9e71a1c3
unclean,autobus,unclean/autobus/216917990.jpg,50aba8527d6455891dcdd9bd71bb71c4,831ed2796cc73992
unclean,autobus,unclean/autobus/216933271.jpg,fdc72dafd33a67a0a4921ae6d55e0b77,d09c823c75cb8f8d
unclean,autobus,unclean/autobus/216939494.jpg,2c62ebf1126c24436aa932eac6a054f3,c4619c6f639471dc
unclean,autobus,unclean/autobus/216946438.jpg,09ce57459c4829249782ad50d9238cd8,c269876171de78d2
unclean,autobus,unclean/autobus/216947203.jpg,5fea80e502c82c49104b686ff0b44e53,da1c9a79716386c6
unclean,autobus,unclean/autobus/216967854.jpg,42f6ca26a543effece7a8f8c7178191b,c38dc33464d62e97
unclean,autobus,unclean/autobus/216977351.jpg,7683c6edbba4f19112561b949f52f49a,e88d837c5e70a89d
unclean,autobus,unclean/autobus/217002020.jpg,53edda722458b544b62c69aaa4c7c8c6,d29882333dc70b9f
unclean,autobus,unclean/autobus/217005583.jpg,6e4c58e4b88dadd3d4256986aa11cea0,833fd3392cc32d92
unclean,autobus,unclean/autobus/217007082.jpg,92ecf2e6dc3aecddbe9240cfe9b5fc79,92199b78658763c7
unclean,autobus,unclean/autobus/217008884.jpg,fcab28a845db9b9e9b0082a2b8e4c97d,d51e6ad5a34aa1d2
unclean,autobus,unclean/autobus/217011802.jpg,434f991930427d7b033c8ea83d10436c,c669c661e7947896
unclean,autobus,unclean/autobus/217056270.jpg,5876a61b6c8cf240f3e04f0695fd3802,c3919e67615ab89c
unclean,autobus,unclean/autobus/217071340.jpg,42d5635382b0c3a773b26e1ad3f4aafe,edd3c06d0ea4859e
unclean,autobus,unclean/autobus/217094566.jpg,32eb1e26dc6cf46963d233c472ec96de,f52f8275aa04e17a
unclean,autobus,unclean/autobus/217116492.jpg,40f993b6f0f4866f5e941f5108dbfa7d,973cd264c5c969d2
unclean,autobus,unclean/autobus/217131284.jpg,5f2e0280b91d746bfcacdea9dfec54f6,c6618661e79a7987
unclean,autobus,unclean/autobus/217153827.jpg,9aa532993bde86684efa48a18d251241,973c96759261cb25
unclean,autobus,unclean/autobus/217199412.jpg,79210cea9419b8cb6444169fbd31d44e,9715b187ed3c8469
unclean,autobus,unclean/autobus/217200065.jpg,8ae3f0f27eb387eeae4b9b488bb0a867,fe0a8247ea6a91f1
unclean,autobus,unclean/autobus/217207859.jpg,cc9abd0e95b1d9a8daf18f546c22bb68,dba7a1385ac339c1
unclean,autobus,unclean/autobus/217405807.jpg,be923f76c88c4b49fa8a2460b2484aaf,d43e8a71af48b1ca
unclean,autobus,unclean/autobus/217414585.jpg,fbb859897119b932a61f62272960226a,c7490d6761c6f878
unclean,autobus,unclean/autobus/217564030.jpg,643b04fb0cf1bb715a6ed81bbad1881b,803c7cab2f2a4a5f
unclean,autobus,unclean/autobus/217713976.jpg,6d3f53097775abd6df8fceec4512a210,9485ffa96e1682d2
unclean,autobus,unclean/autobus/217735260.jpg,0f5540daf15d44720ff09e957b912556,c3898e6521d63ade
unclean,autobus,unclean/autobus/217768428.jpg,99317bfc32b1ec9b7b5e46985fc9b360,c46b0e67639c789c
unclean,autobus,unclean/autobus/217784847.jpg,791c32d4f4863d7c47905f737cabc95b,d09c83343cc31fdb
unclean,autobus,unclean/autobus/217852671.jpg,7fbf6b3691f5d6e1da83123add4fc62c,fc0a48fd1fe0a54a
unclean,autobus,unclean/autobus/217892348.jpg,940715064654544172ed5ff3df1dc1e2,dd2b06fd8254bd42
unclean,autobus,unclean/autobus/217923117.jpg,31fbde022111aa50afa1737b6b972b1c,c2698e65659e7896
unclean,autobus,unclean/autobus/217924220.jpg,39e581bd41406cb141d66061346651d9,836cdec32cc3653c
unclean,autobus,unclean/autobus/217925813.jpg,55f6ebfce90a8ef8827f1d1283bcbffe,f51f0af50ad825c3
unclean,autobus,unclean/autobus/217979622.jpg,00e8d70a6257f801b324f9717cf0a090,c7619e6161ce7896
unclean,autobus,unclean/autobus/217992551.jpg,b7c7fd38e1e5cfe5da4045c9f6c027fe,8718d69268cdcf39
unclean,autobus,unclean/autobus/217994375.jpg,6ad873a0c0b69ae4e603f46a7ebcc97b,d4631c67e5907a9c
unclean,autobus,unclean/autobus/217999361.jpg,bcb1d7585de5a1c839207108828aabf5,c761872369ce70da
unclean,autobus,unclean/autobus/218010594.jpg,7bfe438667259cfb5dd7f49a788e28de,c34901243dc75f6f
unclean,autobus,unclean/autobus/218041355.jpg,e293e6dae8c7075e036dd2c1229a5cec,821cd7cb68c3e13d
unclean,autobus,unclean/autobus/218042517.jpg,53841d2edf7947a52f1f13e6d099fe6c,bd5008fd525cff02
unclean,autobus,unclean/autobus/218048879.jpg,e27d2a350fa82f72b61e5e2e62b4e025,c3618dc661c7b678
unclean,autobus,unclean/autobus/218088953.jpg,2b8dd0f0530848ce9ab85b0a8f3b884a,da0c967139c36597
unclean,autobus,unclean/autobus/218187113.jpg,f9d51e6c3e91145d0d4476ff5d38a9be,989ed22975c31b8d
unclean,autobus,unclean/autobus/218199792.jpg,f5388b79d8c0495cf6ab6be6d6ad0157,8adbc82d96c32dd2
unclean,autobus,unclean/autobus/218208038.jpg,22c32b8a1f91c76f21608c62457672a1,8ed99b2c27932cc6
unclean,autobus,unclean/autobus/218214929.jpg,1acce37cd14a32d7c5c83b07a6d862e6,c3418e6761c6787e
unclean,autobus,unclean/autobus/218267459.jpg,df053629d545b6016c4e00f8292b2f27,f18dc3039f708d6a
unclean,autobus,unclean/autobus/218337345.jpg,3f809fb85209457b3f93a6ffdef4abe8,cb8d2c7630d33d38
unclean,autobus,unclean/autobus/218374242.jpg,ac27cf302c15546931ee81c15cd632b7,d29c8a3234738bcf
unclean,autobus,unclean/autobus/218384939.jpg,2396100f97a5d39ed844b3e4e628bbfc,80639e618e6bbc57
unclean,autobus,unclean/autobus/218398681.jpg,0ab96b704bb5bf896fdc5e2a7887cc31,ed259578865da82e
unclean,autobus,unclean/autobus/218405806.jpg,36f13657f19279511639bbd371a3b54f,833cd269bb833d92
unclean,autobus,unclean/autobus/218426058.jpg,c9fd0340e1da2d2f9fb45a992b31e27f,da0d9a31319367c7
unclean,autobus,unclean/autobus/218434288.jpg,8940fbe6ee95cf5c179eebc40eed23a9,da0c967193e36387
unclean,autobus,unclean/autobus/218486197.jpg,f3a98a36c5aada7eb490b99abc7aefe0,de8fc7347c90289a
unclean,autobus,unclean/autobus/218544249.jpg,b03159d0ef8a3a92d7d6f87b98788cc7,9515d5c1c34de2ea
unclean,autobus,unclean/autobus/218564482.jpg,96e1fc195e21aece2743f019171042da,c2cd8e6361b6719c
unclean,autobus,unclean/autobus/218595025.jpg,6cdb461fe4d4d60456ef2ade2a6b569d,d29883313d718bde
unclean,autobus,unclean/autobus/218634883.jpg,6d4826119746cdfaa816de9663378e4e,ba2a3b812a1fd1d5
unclean,autobus,unclean/autobus/218691159.jpg,a118b041ffcf7266fb93f6e6454f5711,afd296292dd52583
unclean,autobus,unclean/autobus/218703717.jpg,6f868eee33817fddd09fd7e9d3c26902,fdd9c68f61816132
unclean,autobus,unclean/autobus/218705074.jpg,981ee31dfedd1b2e6a6385ad5f60ecd1,87ad7572b2c33892
unclean,autobus,unclean/autobus/218710860.jpg,70f15184fa0bc9313d305e02ae115115,da0e9e3039d36363
unclean,autobus,unclean/autobus/218712334.jpg,fbd6308964ae40d58a19e1ac002fec26,c361c73071d678d6
unclean,autobus,unclean/autobus/218725809.jpg,d3510e53fc43965ad3f89e743cc59bdd,da8de9610fce2cd0
unclean,autobus,unclean/autobus/218729799.jpg,3be1a9ef5f975abc5e327b5ddd6d4280,ff0f40d7e8708e60
unclean,autobus,unclean/autobus/218729996.jpg,9f5e045d156fdc14e5d5f756935ef764,c7498361cc669ab7
unclean,autobus,unclean/autobus/218732478.jpg,0380842a07174af287c960841f75a2cd,814fd6cb69896933
unclean,autobus,unclean/autobus/218737467.jpg,3d672892dba9cf9869aba1c6555d09e1,c34fc37c3cc23c92
unclean,autobus,unclean/autobus/218751068.jpg,c5dcbddc62ce45932ad2c2b28d5e21f2,cbcbd3c32d946438
unclean,autobus,unclean/autobus/218754987.jpg,b24543b7d1f4e4e0f782dc4c21239354,f50a0afd875ead02
unclean,autobus,unclean/autobus/218755990.jpg,73d08f2782e0344a29f2370fd74be9d9,df0e4e84ce0eee82
unclean,autobus,unclean/autobus/218783127.jpg,1848871062b236c5580eb8ad5d0cdb9f,bf52c22b807e6fc0
unclean,autobus,unclean/autobus/218800911.jpg,11081be9a56fe4cc401a763453c6e0c7,c389ce6769922c9e
unclean,autobus,unclean/autobus/218875399.jpg,0286e62e38d1f2ad824ea896f94225ef,ff2fead02a20805f
unclean,autobus,unclean/autobus/218900005.jpg,1a5d1a3a13c840be4969a900b8cc9145,d30f8e7838d568c6
unclean,autobus,unclean/autobus/218905236.jpg,a0a7580e3edd486f28f8cf5c1eb18737,da97812b7bc071c6
unclean,autobus,unclean/autobus/218905897.jpg,0be5a13a519f7d356170481269c5c424,c48acd19d2f636e4
unclean,autobus,unclean/autobus/218907601.jpg,7a5787bf5260c20e1ff04f04deec9e53,f88f8b387ed0e181
unclean,autobus,unclean/autobus/218932712.jpg,4f590db34e4c1fcbc5b32022d96c7837,c60c96783dc33973
unclean,autobus,unclean/autobus/218933062.jpg,b77a5746940c3a206f40a5b2c9e3d214,cf9a3ac96992258b
unclean,autobus,unclean/autobus/218939231.jpg,faa1f02bb6a731df03a138ea74baf530,ef716df080553b41
unclean,autobus,unclean/autobus/218955741.jpg,2d8d5642dd2cfdf301d2c9ccad77ad4d,cf0d823c3cf233c3
unclean,autobus,unclean/autobus/218962057.jpg,d7c18227c863e7206190574bb4d533ea,c7889c6f639761b0
unclean,autobus,unclean/autobus/218988618.jpg,74ca41ba122ddaf4dffe39f35a2b88bf,e187837ccf70a44e
unclean,autobus,unclean/autobus/219027510.jpg,dce528dac70ba04b52995cda4c29039b,980d9e3531c367c7
unclean,autobus,unclean/autobus/219055285.jpg,ef5e27af5488983abe88ac632835e180,f60c00f0ff548f55
unclean,autobus,unclean/autobus/219067267.jpg,50326f09519f2e8eb6a2ed9a311363b2,fc0a4cc44afca38f
unclean,kamyun,unclean/kamyun/192927834.jpg,366893491eccd6a8f9e6d71e256ffc40,d74a21787cc79632
unclean,kamyun,unclean/kamyun/193072517.jpg,eb4f7f3304f8e6ed2c016a5fb502516e,d3de64c660399ae4
unclean,kamyun,unclean/kamyun/193873079.jpg,bfd476555212ec8239000ffa8f4729e4,8e8f717c8aa3d05c
unclean,kamyun,unclean/kamyun/194253735.jpg,5028f62c57f994215cade631c7344eba,ea83a53c6cc1923f
unclean,kamyun,unclean/kamyun/194273205.jpg,d278631e08e8a523fab88f1a20d8f6a6,e57128e41c0ee6ed
unclean,kamyun,unclean/kamyun/194280486.jpg,8e48f64416987c720b5b77057d232252,97eb68973ec38128
unclean,kamyun,unclean/kamyun/194484076.jpg,b35b64086fd78103a88c8dd5f12c225e,82d2702a873d9df5
unclean,kamyun,unclean/kamyun/195660529.jpg,bf84edaa23cc3d1b55ff6464df87f4df,f28ba23d3d656826
unclean,kamyun,unclean/kamyun/196417710.jpg,275988dec2b259c4a11a48b590bd6235,dc1e6199956b6835
unclean,kamyun,unclean/kamyun/196424170.jpg,812a484aa6009c8da4bebbb44a0e3466,c2cfbc347c2dd0c2
unclean,kamyun,unclean/kamyun/197203445.jpg,f1c4e9668dbca96feddb6b595d8ec5c8,ea8584de897ca47c
unclean,kamyun,unclean/kamyun/198181313.jpg,7e461304e35e31b9906538b8bee469d2,96d6e6d6384bc28c
unclean,kamyun,unclean/kamyun/198248492.jpg,e3fc860f8578e9dea584d130df5c8681,f28924352d6ee1c7
unclean,kamyun,unclean/kamyun/198280548.jpg,845beed5b789c1f1774715bcfc2496ff,9dcb62738d669891
unclean,kamyun,unclean/kamyun/198440602.jpg,7a441a5baf4a75f15a74ac632d53edf5,d2de71c36d20e1ca
unclean,kamyun,unclean/kamyun/198461875.jpg,13a4c847bd8c61e474c848f86f878979,d3f860202dd39f3c
unclean,kamyun,unclean/kamyun/198657567.jpg,e4009207aeeec87fc5221cc4d263825c,f2cf8fc2827b3230
unclean,kamyun,unclean/kamyun/198714516.jpg,b242de0d6b95e9b49ed45742c5cf9520,cbdb35600a9331cf
unclean,kamyun,unclean/kamyun/199575055.jpg,8342c79f163a03b5e27d3f54e95f86a0,f88783b63a2736a1
unclean,kamyun,unclean/kamyun/199605657.jpg,e2392ea58f8d5a683a6ea97dc2623b5e,e994f0c2977c86c9
unclean,kamyun,unclean/kamyun/199636802.jpg,34a51fec7a2a2ccf29d2097270dac16c,ca89b5343dd6c9a1
unclean,kamyun,unclean/kamyun/200457547.jpg,59c34e55a44fce6d8b9006a920ddbcad,cab592e9686163cb
unclean,kamyun,unclean/kamyun/201501771.jpg,3f4b8350447dc16d3a12164c74cf54d8,a88bb5b034b793ca
unclean,kamyun,unclean/kamyun/202364275.jpg,ecc81383afc397b8f74fbabbd85ae91b,cc637a9c67279462
unclean,kamyun,unclean/kamyun/203161511.jpg,af0ab128c345436e8e60218a4bd1471c,f08f357b83873530
unclean,kamyun,unclean/kamyun/205327106.jpg,e6c1990da806c605ad32c140e84ad3cf,be96e146c296e362
unclean,kamyun,unclean/kamyun/205437377.jpg,00b8f33483de8e7633d20a9d0e86b8a7,f29efc1027f8602d
unclean,kamyun,unclean/kamyun/205439945.jpg,1ac846b84b2e362f5818067f42ad8361,82d2fcc67c38c3cc
unclean,kamyun,unclean/kamyun/205904567.jpg,6a1d729ebee0bcab7f4176c9d1f2df12,823dd369aac6663c
unclean,kamyun,unclean/kamyun/206728823.jpg,dbb863974151339b7a5471a6091d267b,8ed362e671686387
unclean,kamyun,unclean/kamyun/206812424.jpg,44da7e6fbd3c63a0fafbf73eada54daa,87974793dc865349
unclean,kamyun,unclean/kamyun/207936351.jpg,4423bcb6b8053f30efeb55ddc4efebeb,e2dec2a96968e9c4
unclean,kamyun,unclean/kamyun/208307172.jpg,9b92e52687f78feab031e73203527e45,ffd2206d3c83834b
unclean,kamyun,unclean/kamyun/209332179.jpg,873c5add309be48d76fcce05f41ad438,fa4ac424abd8b42f
unclean,kamyun,unclean/kamyun/209576488.jpg,6570ae70ec6bc3ff5a3caaa75a593e62,f8690170fdab8707
unclean,kamyun,unclean/kamyun/209859136.jpg,d19d9faf72c3dc3c4a106551df770b3b,80c0bf87b53ead2a
unclean,kamyun,unclean/kamyun/209981626.jpg,fd13ea5cc90dc6ed916a1abbd011716d,96f8fa7168c66264
unclean,kamyun,unclean/kamyun/210254715.jpg,d25b655d17038deb13e4e1f3e1da6949,fbad20c33831cb5a
unclean,kamyun,unclean/kamyun/210778693.jpg,0130b86ca93403271c0344d873d8ad82,ce9c316663634e33
unclean,kamyun,unclean/kamyun/211010019.jpg,7d7f40828a5c612a13d30c8a571f731a,c30a29b57a3d87ca
unclean,kamyun,unclean/kamyun/211410411.jpg,6bc111d4e02cd11a9d2c0378587e14ca,96da6986693cb43c
unclean,kamyun,unclean/kamyun/212008183.jpg,a500214a7e124b5c4d0995b207b9f488,caccadca942692d7
unclean,kamyun,unclean/kamyun/212492339.jpg,1e1a5991ec4b197c81ee96d24f0eee45,d7976a7cc09a85b0
unclean,kamyun,unclean/kamyun/212511089.jpg,b6c29d5a13ecf9091d52636b85dee5bd,fe815d35809c97a5
unclean,kamyun,unclean/kamyun/212564070.jpg,1db1ffd7b61a0af405b873b721818517,aa7ed43cff2a8005
unclean,kamyun,unclean/kamyun/213234314.jpg,3cec160f1ff92b2ab47153a9661a2d64,9fde6863692430d6
unclean,kamyun,unclean/kamyun/213331158.jpg,28f65b304b67508226c4fd71a3e82fe3,e7887466639a9b98
unclean,kamyun,unclean/kamyun/213750078.jpg,e738ee42532f8f5e6a60f40874a3c86a,c569c4c0798779c7
unclean,kamyun,unclean/kamyun/213879581.jpg,31cd5af30d13bf7cdb5649b512e1bfe6,b28dab928ccaadac
unclean,kamyun,unclean/kamyun/214034569.jpg,c1c9427e68d2126ce69d5616e7b1b852,83c26e6a68d69db1
unclean,kamyun,unclean/kamyun/214288744.jpg,473b13e989f4099f517f075919056a61,bebe71ce809887d0
unclean,kamyun,unclean/kamyun/214493117.jpg,cbfea0f76b515cd5e1df48b9a72c00ca,d5850fd490dd926d
unclean,kamyun,unclean/kamyun/214632229.jpg,23e55dd4fb7d0f4724b38fdf7026b6eb,a15adf05c22c9da7
unclean,kamyun,unclean/kamyun/214646142.jpg,1906a430ee8eeb87e97b379700c258d6,9454d310f13fc36d
unclean,kamyun,unclean/kamyun/214822567.jpg,c264e7227b8735f8e6aea85b6846c365,8036fe6ae3098bf1
unclean,kamyun,unclean/kamyun/215406388.jpg,83f90d06f39184e54efc573bbde882f0,9a0faa3b39922973
unclean,kamyun,unclean/kamyun/215416939.jpg,8596fa3e39b4403abe4d3d9a087428b8,d72f3838389269e3
unclean,kamyun,unclean/kamyun/215435203.jpg,c9e032d5bbc9cfdbd02ab6efd97f32f6,fc9e05b58a98816f
unclean,kamyun,unclean/kamyun/215545975.jpg,deb292af541226ed197c4f1459648b89,83bf3d723ca09299
unclean,kamyun,unclean/kamyun/215581956.jpg,e9d98f5aa9bbbc09fc38c71e08f7f24b,c38a8ebd2d3564d2
unclean,kamyun,unclean/kamyun/215657122.jpg,2f3e7a632e56dd68064a7a9b02017e1d,da1f2c633d30c3cc
unclean,kamyun,unclean/kamyun/215675761.jpg,2bae2285df59fb24b9c813a37951bf69,daf5e9402dde8099
unclean,kamyun,unclean/kamyun/215678322.jpg,6293dcb9d5c7bfa6d94eef249fa6a970,d22f207269b3e786
unclean,kamyun,unclean/kamyun/215686425.jpg,379f6fe32ec99591ac0adbefe1cc2e6a,d2bca02f69c29a7c
unclean,kamyun,unclean/kamyun/215696402.jpg,16a219bd7b4a00de08becc3bbe709e2d,839679693c92646f
unclean,kamyun,unclean/kamyun/215697977.jpg,afdd91ae25f5dabe1d8ade2d2230679a,dad634e020cfde34
unclean,kamyun,unclean/kamyun/215704325.jpg,dc2fb02b103c84718f14268db20e86fb,c28fa7dc2c606d72
unclean,kamyun,unclean/kamyun/215724393.jpg,5c8efd12229353095d4b781a51b423e5,ffbe78f0908a4861
unclean,kamyun,unclean/kamyun/215743151.jpg,829e1758f9cd278a001a0ff79200ba8e,d27d20281ec379f3
unclean,kamyun,unclean/kamyun/215762954.jpg,2583d6640f5dd14eb2baf7168a1d1ab4,d20d187069e3cfc7
unclean,kamyun,unclean/kamyun/215798585.jpg,ed8c32d8014b8b1a7fab28a8640af8de,fda000f5d5c8a1bd
unclean,kamyun,unclean/kamyun/215807286.jpg,722a0974e2dcfc73287fd57c61f2e468,caac34c770c7ca2b
unclean,kamyun,unclean/kamyun/215809652.jpg,06da20622c08fd3ebf17a0c15ee8a891,814bcbe9ad647c26
unclean,kamyun,unclean/kamyun/215816828.jpg,194591bd4e2b690680c4604a19ad3a8d,da6f203166d33c66
unclean,kamyun,unclean/kamyun/215829124.jpg,667baa24b51538ba36cc25b835dff6f5,b4815a67c141bf76
unclean,kamyun,unclean/kamyun/215894307.jpg,183ad584380a355493e1365b33a23717,dea1259671c69267
unclean,kamyun,unclean/kamyun/215897723.jpg,1b225f3e5705d53c60303762a839b32d,cbfcc00b2fcb7803
unclean,kamyun,unclean/kamyun/215908637.jpg,c27e3c5d7f0d5b8bf31afc8c94a5cc25,d0c00b3ff45fd243
unclean,kamyun,unclean/kamyun/215910955.jpg,75080db7e6cd5de1e68b83f8b9974d8a,de4120656975e3da
unclean,kamyun,unclean/kamyun/215943238.jpg,bb775678b1105bc3433cc71385c594e4,c048191f3d368fcf
unclean,kamyun,unclean/kamyun/215956539.jpg,a618232a374a0a8bcf87ceca861fde1e,e3fe60c28e8e6c38
unclean,kamyun,unclean/kamyun/215958562.jpg,7f3c6544ec28b5beeec0e187bccf732d,fca83cd4d82da0cb
unclean,kamyun,unclean/kamyun/215969701.jpg,2d110d34622bad0f5f960943883bcfc5,fd976890c0abdf20
unclean,kamyun,unclean/kamyun/215976288.jpg,675d8b5f04709f171c2fa6b094db588a,d70f0d7478316b26
unclean,kamyun,unclean/kamyun/215987359.jpg,eea14a7d3bfc74e7844750f79b72f192,b416d63cb612da74
unclean,kamyun,unclean/kamyun/215994997.jpg,60dc933c9499bd2930644c56a6901873,cbc988153c72979e
unclean,kamyun,unclean/kamyun/216019497.jpg,962e739b23c568d7872bbe66d9856450,caf5e0812dd6ce98
unclean,kamyun,unclean/kamyun/216023198.jpg,69558ad40afb5ce21e9f748f61b3b67b,c28f3d703cd28e2b
unclean,kamyun,unclean/kamyun/216025066.jpg,1aaa0491e0c4b9300d1547de03c99d48,c3fce2202865f796
unclean,kamyun,unclean/kamyun/216033092.jpg,c8b450113bb333a566da1a45e1527882,c2bcbcdcfac22521
unclean,kamyun,unclean/kamyun/216037426.jpg,3b61f14897f484d9519616863cdf390c,ca8de2607dc2877c
unclean,kamyun,unclean/kamyun/216044993.jpg,5db7eaa5264c8917176d2cb2175685d2,d555941edbc96183
unclean,kamyun,unclean/kamyun/216047322.jpg,44f3bd639792e4e9c017daaea0f04ecc,9650926378cf9e95
unclean,kamyun,unclean/kamyun/216055748.jpg,911e17e40fb9397e2e93d8a5dbd98ecd,aff5e5901496cc98
unclean,kamyun,unclean/kamyun/216061754.jpg,4e88e4eb3cb14cc2d2df1f818422be95,e188a672de7cd862
unclean,kamyun,unclean/kamyun/216073290.jpg,19a3b7ae84c615cff929064d05aabfe2,8ed1609c7ac69b66
unclean,kamyun,unclean/kamyun/216087919.jpg,967509533e19698ca50775d775f03070,8ea9bf16759a0a89
unclean,kamyun,unclean/kamyun/216104141.jpg,44f80d2b8f03ad309dcb808aa8c4ab90,b8a171da8b798627
unclean,kamyun,unclean/kamyun/216108515.jpg,058e8442df0ddc3d8bbbc27b3fb574be,8385756b3c9e8339
unclean,kamyun,unclean/kamyun/216109678.jpg,c4331691758544e1ee956355b5bc8121,aecc6cc16d7cc2c8
unclean,kamyun,unclean/kamyun/216144484.jpg,8388caec8799cfd00fca64d796c42eee,c30f873d3c343c33
unclean,kamyun,unclean/kamyun/216147957.jpg,17faad3c2d44655e0f0d072260990cf0,d040973fae3b6686
unclean,kamyun,unclean/kamyun/216165956.jpg,3a570d9ba9b19b7dfca55cb951ae7b6b,abf574821e9e9498
unclean,kamyun,unclean/kamyun/216204473.jpg,426004f9cf63b40ae493267c74cd2a88,d2fce0006dc7c6ce
unclean,kamyun,unclean/kamyun/216211899.jpg,8380ea988fd88771ee89b1a4e280ffbc,d2dca0c12fdf2c32
unclean,kamyun,unclean/kamyun/216212208.jpg,60851cbc6d4050e8ca42a43fe7ffdc62,9cda6543619ab86d
unclean,kamyun,unclean/kamyun/216231496.jpg,fbefec6594033b20c2056a1966c8f1b7,ca9e3c7025cba734
unclean,kamyun,unclean/kamyun/216324458.jpg,91fb97a137ffe6450abd6712ce537ae4,c6b131c6da736469
unclean,kamyun,unclean/kamyun/216328900.jpg,2b3499c7af30f93d6e25e75726851285,d5de0ac0b58fd234
unclean,kamyun,unclean/kamyun/216353860.jpg,f5838473b78af5c57bd61f4febd6ab13,807fd46b38833cf2
unclean,kamyun,unclean/kamyun/216393221.jpg,0c37ea3164376dfd3a5db33674391b5b,d57f8255817f2928
unclean,kamyun,unclean/kamyun/216410031.jpg,e90d072aa0c9569676834cbcad269c10,abd9a107d7a43839
unclean,kamyun,unclean/kamyun/216422242.jpg,de6d0bf42c654dddf67f9ed62e049f69,9b24252b7cc3cc73
unclean,kamyun,unclean/kamyun/216427325.jpg,8a979c5a3de33d010aa7ef4bb0b4d330,8307be7e814d8f43
unclean,kamyun,unclean/kamyun/216434062.jpg,5c4f33899663969c517787b9d7784229,c171f928ea08ddcd
unclean,kamyun,unclean/kamyun/216454111.jpg,8b30dfebab5166c96625f5451b9037e1,d38fade12d5282ca
unclean,kamyun,unclean/kamyun/216456908.jpg,4c78c9e50f4d5e7d9d2b3e23ac795b19,d20c2f72edda21c5
unclean,kamyun,unclean/kamyun/216484088.jpg,d6122875411334fdab319d94ce192119,fd518235bd079703
unclean,kamyun,unclean/kamyun/216533545.jpg,4c408f801144b67aa017e77188825ffc,abb7f0831f9a9830
unclean,kamyun,unclean/kamyun/216536045.jpg,d8f02c2501110dec93e7252432d6a446,cbbdf0833c86ce30
unclean,kamyun,unclean/kamyun/216537889.jpg,3a7aebc53dddd7b4784cd9003332401c,da0f267039d6c693
unclean,kamyun,unclean/kamyun/216560083.jpg,bf91502cb27a85edf08da81cf9dbb7da,d29ffc80293583c7
unclean,kamyun,unclean/kamyun/216560895.jpg,bac2c9acdfe239a184c5948eeb28eb05,e2fee0216dd68698
unclean,kamyun,unclean/kamyun/216568882.jpg,f3b476da9f9487079940a649bdafdc8f,d22d067b39c36d32
unclean,kamyun,unclean/kamyun/216596453.jpg,696b8dfac602ad6ec4aabfa030f40133,832ded972d86863c
unclean,kamyun,unclean/kamyun/216616423.jpg,98bbf3fcc0d62f0bef7bb3210c163958,d505a342cb6f2ee2
unclean,kamyun,unclean/kamyun/216637785.jpg,7b7c8ed16266d012c0593b5a15851554,f876973d871a60c2
unclean,kamyun,unclean/kamyun/216647985.jpg,027037d2c472152e74e45d58b3d2a6c3,d38faf703470898d
unclean,kamyun,unclean/kamyun/216648052.jpg,c1a36045c1e3ae044fb1b19831d89e0a,f38b8f702c78306d
unclean,kamyun,unclean/kamyun/216677011.jpg,115109278d2efc93e1b920ca754f0ee2,d2fd20299fc2389b
unclean,kamyun,unclean/kamyun/216739511.jpg,ffe9a0ef85d2277f024e948aa21187ca,929c74e039e3e1cb
unclean,kamyun,unclean/kamyun/216768621.jpg,a6ac8590b3eb304770d273dd0bfae923,cbbde0829d9e8938
unclean,kamyun,unclean/kamyun/216792837.jpg,f2f8cc979ac361aa89c493035a330b95,c28e183d6f6d29d8
unclean,kamyun,unclean/kamyun/216797255.jpg,647f349994885045f4de95cfea9bdaa6,844ec6e76a876b70
unclean,kamyun,unclean/kamyun/216849455.jpg,9365f0c3922684817b3ece72275722cf,d98ce6c3a524a7c5
unclean,kamyun,unclean/kamyun/216850292.jpg,9b1139f353e6fb2f924352200372c79f,daac2462cbcd2d71
unclean,kamyun,unclean/kamyun/216854596.jpg,4a8ef21f10abbb08865bd6cb476f5ad3,d06bed7878d26861
unclean,kamyun,unclean/kamyun/216864895.jpg,3ff31272962fd5661ae4e2f4c18813e1,d2350e616df3cc92
unclean,kamyun,unclean/kamyun/216891505.jpg,f67a73724fad426efe9327c5ae9eb8de,c2adfc7038d2dd28
unclean,kamyun,unclean/kamyun/216926294.jpg,ddd1359849829465863ef10e3244b405,fd02c67d827ca742
unclean,kamyun,unclean/kamyun/216962905.jpg,c8cd6311c4d7d7dc9830a6465216a852,cbffe0810f5c8e88
unclean,kamyun,unclean/kamyun/216972904.jpg,2af0ac1aff00c405b4f2ed753df8238f,c3817c3d77703a98
unclean,kamyun,unclean/kamyun/217000647.jpg,b6073d90c8cbff74bcfb1d36a32f1206,f56bea60ca41e10f
unclean,kamyun,unclean/kamyun/217031763.jpg,c4f66395d523ff561880e3ea7912f45c,cbc0ca933ccf30ce
unclean,kamyun,unclean/kamyun/217050719.jpg,08f6140db877467c75b330f3d61f82e5,a3df2007de929738
unclean,kamyun,unclean/kamyun/217066957.jpg,9909be71344607a2a6d6aabdcd431b4e,8f8be9c46164c7c3
unclean,kamyun,unclean/kamyun/217070577.jpg,6bdfa36be020460efe13f73e73e1ff33,efc221db862d3668
unclean,kamyun,unclean/kamyun/217072267.jpg,b7310578d620b37c86cda3264e914362,f28f6170389a96ce
unclean,kamyun,unclean/kamyun/217114315.jpg,6708b2af72110b62b3129ae58d536ebc,d4632c3e7b9c6360
unclean,kamyun,unclean/kamyun/217168731.jpg,324efb1496169c2a71ba7346de08679b,dbbda45234cb8c25
unclean,kamyun,unclean/kamyun/217183554.jpg,48335b688c34d4535a6c570d87365dd5,d3cb8fd52c20852f
unclean,kamyun,unclean/kamyun/217187069.jpg,a09ecefcdb778d8b6bd44630117fb431,c3a5211f9e927c71
unclean,kamyun,unclean/kamyun/217190222.jpg,dfdf002188252978d166b18af7c89a24,c39fd01f2d346136
unclean,kamyun,unclean/kamyun/217273409.jpg,5088f10d9ea4486af083aaa7011fc6b8,8ec8619e729a7669
unclean,kamyun,unclean/kamyun/217309460.jpg,a89a2c42f9bbd99e4e54160c38607def,879778705649e13e
unclean,kamyun,unclean/kamyun/217368931.jpg,298f0bccccda676bb0a7d8fa5da85572,f5558b3cbd0bc230
unclean,kamyun,unclean/kamyun/217382212.jpg,cf4f8e3611583c85fd04785724ec65c2,825b53492dd26f6c
unclean,kamyun,unclean/kamyun/217393780.jpg,911509b835707dbbec10d503be5b1a2f,921f84953b39ece4
unclean,kamyun,unclean/kamyun/217433211.jpg,c801e9cf268e3872b46e365ecbe4339d,c6d0652f38963979
unclean,kamyun,unclean/kamyun/217634183.jpg,706f4cc5f5a831de4285056ca61ef0a1,80957f83704c8f7e
unclean,kamyun,unclean/kamyun/217694641.jpg,f4f697af6e9d5d86e1d73a2e287e2701,9959d058fb59d581
unclean,kamyun,unclean/kamyun/217832581.jpg,fd421520059444f698ae5ae32a908fa0,c3fca0033ddb9a19
unclean,kamyun,unclean/kamyun/217892920.jpg,c7aa0cc5fa30fadf22c163220c849294,9625353435d76d38
unclean,kamyun,unclean/kamyun/217903362.jpg,671e1421fefaf521f8cd0022f759bc87,95a56a3db748d02e
unclean,kamyun,unclean/kamyun/217922047.jpg,c02c2ac736737138800d0f293fc16a2a,d32c2e7029d7ce61
unclean,kamyun,unclean/kamyun/217940022.jpg,44fd12e345d3a6537402a28ce851b4a6,da2c267129c76eb2
unclean,kamyun,unclean/kamyun/217967481.jpg,707553fddc3344633ba56c03c730ea9e,d2968b3661998f9a
unclean,kamyun,unclean/kamyun/217989700.jpg,c7777fad77a77f19fee188785634ba6b,d48383d52f2c2c7b
unclean,kamyun,unclean/kamyun/217998174.jpg,11e631c572f9771a56b9d31aeceecab7,837b5f3834273c92
unclean,kamyun,unclean/kamyun/218028621.jpg,8fb32c91d8495887b0c91af07242508e,d2cfa02ddfc04d38
unclean,kamyun,unclean/kamyun/218036546.jpg,a36bc815e571ea8831ca29b492b6d09a,a01edfe1cf15a40b
unclean,kamyun,unclean/kamyun/218039449.jpg,687cdab3071b0bb1298f80f4cb750fc5,caf3e36ffcc20088
unclean,kamyun,unclean/kamyun/218097257.jpg,69b209a2b61ba198f39881827074f640,fdc140af028d51fd
unclean,kamyun,unclean/kamyun/218106127.jpg,07b2fe62c782e0cd5b6138e3212beb6e,a88d873e3c98987d
unclean,kamyun,unclean/kamyun/218134792.jpg,675ce20b14e572476703a446351054b7,df2b216439969a9c
unclean,kamyun,unclean/kamyun/218151052.jpg,459c35b04eab3c229fa6e0e0188da249,d2f9612869c3cf1c
unclean,kamyun,unclean/kamyun/218163443.jpg,4b8030bcb1a74e27f53dd8fea98ea789,efc2dc2d901e70b1
unclean,kamyun,unclean/kamyun/218164341.jpg,06ac5a3aaaa8a8e70e04c1c188de198f,d2c9e22d77c79a08
unclean,kamyun,unclean/kamyun/218182764.jpg,a4a0fc84a7176a6e749e8b9272a3b971,fd518055c5d5859d
unclean,kamyun,unclean/kamyun/218199412.jpg,5693bf4a9c798ec322d655cc1cb3e298,c36d8f3cbcc224f0
unclean,kamyun,unclean/kamyun/218206526.jpg,9b7819fca1fc99c16e3241771a554de5,d5c75e286a5a05b5
unclean,kamyun,unclean/kamyun/218208780.jpg,2926752ae1fde47eb2b9f768ff8b2e93,c3c98e353c967265
unclean,kamyun,unclean/kamyun/218259112.jpg,7f045dd46c6b8413cdaf80d51838ee84,8514fa3af50b83b5
unclean,kamyun,unclean/kamyun/218307800.jpg,60191b76eaf988849007b980478f10be,c3893d372e32319b
unclean,kamyun,unclean/kamyun/218330500.jpg,e6ede186e7db284d3cd98587b27e9a2d,a85e2dc3bdd0d0d4
unclean,kamyun,unclean/kamyun/218342110.jpg,89a01a71f6b460ec4cdd5e3807f84d53,caf021c364cfd3b8
unclean,kamyun,unclean/kamyun/218342823.jpg,2667728563a64009fa8c20e500388c02,d3e5603b98926d33
unclean,kamyun,unclean/kamyun/218381430.jpg,f2f15283c9f95ec1d5354319627410ba,95c0d290f06e6bbd
unclean,kamyun,unclean/kamyun/218384709.jpg,6864c480d8cab3ebd155d3420c6e3886,9cafa15472966559
unclean,kamyun,unclean/kamyun/218432185.jpg,b8390f55d0b67cb69baf3f2b79adcf83,c23a317c3cc66b99
unclean,kamyun,unclean/kamyun/218492318.jpg,b342b11e4b76ab20affe8e29f1543de2,faaf255087928c79
unclean,kamyun,unclean/kamyun/218559449.jpg,15df89553b449b53279752c54302f3d6,95763207ff0e8564
unclean,kamyun,unclean/kamyun/218560204.jpg,a16c0b0b1f47d8b92c1915cd6eb3e901,9fa371da29159631
unclean,kamyun,unclean/kamyun/218562521.jpg,4179d96943c3332347ceef2cae120b9c,dad56d60139f6c88
unclean,kamyun,unclean/kamyun/218568954.jpg,2fc575d0eee452741e1f935d5f1e9104,d29dd8803971d3d6
unclean,kamyun,unclean/kamyun/218572201.jpg,117b5bc1d0f346fe340564978a5cc3bd,d4802f34f395e19d
unclean,kamyun,unclean/kamyun/218572695.jpg,f8d6275888e6aa6666594aacfdbee007,c3bdd0613d87ca86
unclean,kamyun,unclean/kamyun/218576473.jpg,566a86224acb2e574c3a24d9ff80d07b,cb8d65747a303497
unclean,kamyun,unclean/kamyun/218578650.jpg,662646df10110f33ce6f0249db444b51,da8b21792d356553
unclean,kamyun,unclean/kamyun/218596968.jpg,4d4d6e6a0e97a3f672e7cd934106854d,f9bd34d6388ec830
unclean,kamyun,unclean/kamyun/218601432.jpg,491f6f16a535d19d2c61c568f437ce90,c36f3f743c3098a4
unclean,kamyun,unclean/kamyun/218609300.jpg,9357a079f7541ba5ebf737c1321635c0,d0802f6ff0dfd054
unclean,kamyun,unclean/kamyun/218639875.jpg,d9aa662a02103181b9fa452a7db01e0f,c660803d3f873b2f
unclean,kamyun,unclean/kamyun/218642439.jpg,ac3ba380e51bcf06dafed9cee36daec1,da0d2374cb3a2cc7
unclean,kamyun,unclean/kamyun/218666415.jpg,5ce863bcaf80d59cc0280f87864cdbf4,dbb44bd624c6c549
unclean,kamyun,unclean/kamyun/218685223.jpg,4c2a23c6827503f3ac3b8d5518d7e2d9,cbf6756960c320cb
unclean,kamyun,unclean/kamyun/218689825.jpg,e4280dda0c26bd91a575b8de1cf77cd1,abf3f46478f1084c
unclean,kamyun,unclean/kamyun/218696889.jpg,440f9dc3cbe22cb62eb9d00484df6bb1,efd9941431c79e18
unclean,kamyun,unclean/kamyun/218699915.jpg,1cf418604cdc3794ce74eb6d9fe64b3e,fd9d8015866e8e69
unclean,kamyun,unclean/kamyun/218715737.jpg,4c7d19cf500d3d9e65e1a521595ec35a,98bc636226994db7
unclean,kamyun,unclean/kamyun/218716781.jpg,5a2c53f1515e543167f10b2c00c3d3c0,d2bda00f6cc2ca75
unclean,kamyun,unclean/kamyun/218720713.jpg,363c17a72728ef115f293ebe6a39aec2,94d54bb5cbc36e08
unclean,kamyun,unclean/kamyun/218720842.jpg,3d60b543d54713b9ab4ba5744f6fd8d3,edc1b6c0811f9e1e
unclean,kamyun,unclean/kamyun/218721747.jpg,dbbcf8848647cd92ebd00c49b040b89e,d20fb078e3c22cd7
unclean,kamyun,unclean/kamyun/218723246.jpg,7461be2da4ae67305fba84ebf85a81d4,da9a8c983978d2ce
unclean,kamyun,unclean/kamyun/218755560.jpg,0d8be5211e3ec643aea830f749b3d93c,d7d2080b21973dcf
unclean,kamyun,unclean/kamyun/218771525.jpg,eb98919c95e61c3306d6ad180cf68527,d21c39867c69a6dc
unclean,kamyun,unclean/kamyun/218795910.jpg,6d29db33c3b9a41ce4ded60b906c8628,9ebe25e57d388228
unclean,kamyun,unclean/kamyun/218800079.jpg,0e6a147291d68262db507cba2ffb93a4,8cb4f2e36ccbb224
unclean,kamyun,unclean/kamyun/218830724.jpg,f58d1b5bb8c0ed87fc0bb44efbfa2148,d28f862c6cd2da1b
unclean,kamyun,unclean/kamyun/218849140.jpg,7919bd2ca7c55c0b7191a5590d7dc2e7,c661397c6876d2b8
unclean,kamyun,unclean/kamyun/218860925.jpg,d8166ab64dba49544f5358e419b65a05,960fb07939926967
unclean,kamyun,unclean/kamyun/218877388.jpg,28308761dfe16d61d3ebd228a746ed36,cc15316b672bb568
unclean,kamyun,unclean/kamyun/218906408.jpg,5fc16f7848a948614039bb48c3b118da,db80da95f05a685b
unclean,kamyun,unclean/kamyun/218913056.jpg,2285611307f63a31e9f54ec8a8b96280,ccda93f49485e661
unclean,kamyun,unclean/kamyun/218915243.jpg,cf27e1fa94706552de671763388911b5,e3db92a522663cc5
unclean,kamyun,unclean/kamyun/218916372.jpg,2b141a93abdf1fa9653fc05dfe635e62,d60b296d61949b9e
unclean,kamyun,unclean/kamyun/218927452.jpg,29a593fd18b8c8be8558d04a65883d40,d71e257838973465
unclean,kamyun,unclean/kamyun/218931656.jpg,76faca15922238416338f8e52bff0498,ff8b4000f89cc33f
unclean,kamyun,unclean/kamyun/218942767.jpg,5ef758ead45838a054499e1ebcb24de8,d5837aad8a9ca558
unclean,kamyun,unclean/kamyun/218951797.jpg,0e0b42f24105c651d2c85bca6a58e30e,d0c013263f7f7c34
unclean,kamyun,unclean/kamyun/218972010.jpg,9a2eaf006ed75fc1f6dde718597062c1,de5229657996c661
unclean,kamyun,unclean/kamyun/218978195.jpg,bdf4808997cbf3dc629746be1f078aae,f8a5a756345a8f28
unclean,kamyun,unclean/kamyun/218981964.jpg,065a52df44d3023389b03b16be1a1de0,d29a903d2dc1c73e
unclean,kamyun,unclean/kamyun/218983235.jpg,1f282651ef4b552c967ea85a86a6972d,d9ce872171b106cf
unclean,kamyun,unclean/kamyun/218984838.jpg,dd2060fcdb28e23cf9374238c210d09b,9ee4f186c320f29e
unclean,kamyun,unclean/kamyun/218988535.jpg,18c45dddada00a5bb8e66e8eec8884ab,cacba9d0356d64d2
unclean,kamyun,unclean/kamyun/218990997.jpg,e278aec79cd47f5b7c4af768950bea3e,865c756169cac379
unclean,kamyun,unclean/kamyun/218994039.jpg,c70f649856b0ae58057aefa94ae61fee,c8f2b3e8c60cc3c7
unclean,kamyun,unclean/kamyun/219012783.jpg,e787afc1fb137af56a5b3726d584f26c,dab5acd264528b39
unclean,kamyun,unclean/kamyun/219050932.jpg,7f001f59f33acca680e2c8d9210b2a68,8fb0388a793795d4
unclean,kamyun,unclean/kamyun/219057807.jpg,04570f8af0a0837da9408040b9b2e2ca,cadaed0124cd3b3c
unclean,kamyun,unclean/kamyun/219062079.jpg,2d9b1f380a0609ce6e776322b6979ea6,d294bf37e42026cd
unclean,kamyun,unclean/kamyun/219084652.jpg,054b7bf48999a65d8f9a2bcba75ded2f,d81529913d3be8da
unclean,kamyun,unclean/kamyun/219108317.jpg,0813c6b36f92b8a7c2f8ac749dceddd5,c0e92b4b1e966d6c
unclean,kamyun,unclean/kamyun/219121462.jpg,8d2a806b7191b984b92aa075429309d9,902b707d1ba5c36e
unclean,kamyunet,unclean/kamyunet/193558761.jpg,ec614b0282bd0e58627c022c7c62109b,d71e7a906969c338
unclean,kamyunet,unclean/kamyunet/193903806.jpg,acc7d2761194e10ce67b7968f985633e,d2ed60823fc7b630
unclean,kamyunet,unclean/kamyunet/194270924.jpg,d7659f964ee92cdfd98f05372a68566d,9ec33877629c638a
unclean,kamyunet,unclean/kamyunet/195416036.jpg,1bce820e0568e9784d53bdf132a408eb,86e4fc0b398fe134
unclean,kamyunet,unclean/kamyunet/195578789.jpg,0e2814215efe28a9d793bfa6437b3784,dea9aa346d828ac7
unclean,kamyunet,unclean/kamyunet/195898713.jpg,4db2cd8ace60b7dc657a5c6c2b1ed88b,dacff16190c2cb29
unclean,kamyunet,unclean/kamyunet/195918838.jpg,d80b0a95537c9ec40dc0c862bda4e585,83c27c0f693c9e74
unclean,kamyunet,unclean/kamyunet/196513453.jpg,46ca38c13c1d3b9ac6161981b53d0726,d297702869636dd3
unclean,kamyunet,unclean/kamyunet/197132093.jpg,9151d87318613e5201b338d95a22bc53,da8636393425397e
unclean,kamyunet,unclean/kamyunet/197504981.jpg,85ba9b7ecdd5d05f6ae2958b5e3f6747,ead5d862e1689e4a
unclean,kamyunet,unclean/kamyunet/198068040.jpg,5350371f42e3f2144f4cc017e5905f00,c9ed603036c3c9db
unclean,kamyunet,unclean/kamyunet/198111935.jpg,0750921b11bb2915c4496f59122dfbe5,bef82283b1dd5560
unclean,kamyunet,unclean/kamyunet/198158463.jpg,8aff9dd39a4f834ed1aa3575f2ef2974,c9969ac13d697949
unclean,kamyunet,unclean/kamyunet/198243942.jpg,69c2bf4f3d980e6a509073c320942223,dac6254eb39c9661
unclean,kamyunet,unclean/kamyunet/198264037.jpg,13635c58a904e14dcbd6f1f81ebf07b6,dac7696c2134669e
unclean,kamyunet,unclean/kamyunet/198330600.jpg,2d601156796ef4d5bd3d2c8a15dfa04b,dfd46832218fcb92
unclean,kamyunet,unclean/kamyunet/198385201.jpg,d6df1e360d9b48e64121a761f9d7c0bf,adcbe58c3234c726
unclean,kamyunet,unclean/kamyunet/198425102.jpg,3d7ffa85e2d491e30b35a794a5825f56,8638d2ca68d39e67
unclean,kamyunet,unclean/kamyunet/198465540.jpg,99aa854ec8b9e2411ed0b16d7e041a20,adfbd405cb28ca07
unclean,kamyunet,unclean/kamyunet/198991559.jpg,f46fc1790cc016de9c6cce205c1aecb8,e9d0da67688a8bc3
unclean,kamyunet,unclean/kamyunet/199184462.jpg,a033df0ae3c5f9d3386d6f37f3f9e732,8696fcc3e83986c9
unclean,kamyunet,unclean/kamyunet/199279799.jpg,38ae42b579aca9d6e8dafa3957317fa2,92d363647fc0cec2
unclean,kamyunet,unclean/kamyunet/199375942.jpg,926eaf05689a752b2aad2d6189d5de54,dbc671649e6281da
unclean,kamyunet,unclean/kamyunet/199637722.jpg,b5b4f85fd6ac5cfda82fafd25b1179ed,add82462f2c3877a
unclean,kamyunet,unclean/kamyunet/199946768.jpg,1bae29ae6c9d6b1da4e4a94ff83a1b88,9638968e6996da65
unclean,kamyunet,unclean/kamyunet/202209206.jpg,44002687179560bd7d7a21fef85ced97,8fc3e98d612d9c61
unclean,kamyunet,unclean/kamyunet/202409039.jpg,1ac8d3e88b6e855fdebd27520f982928,9edaab25d512461d
unclean,kamyunet,unclean/kamyunet/202540223.jpg,9c24e87e789ffea981e8420153428fc2,8a87357c739a3c25
unclean,kamyunet,unclean/kamyunet/203426119.jpg,d5236f8255c222b57166ef67533954eb,b9c664bc8693916e
unclean,kamyunet,unclean/kamyunet/204597188.jpg,1e04398886216932972cf01168ff46fe,e98e253a9c999e64
unclean,kamyunet,unclean/kamyunet/205243013.jpg,16e5032c1c4078ae8d6c7410c716a557,f88b8f5734789264
unclean,kamyunet,unclean/kamyunet/206862339.jpg,6aadfa5f4ee96c78ebc7c0dd064f3532,87d03c6d9c976227
unclean,kamyunet,unclean/kamyunet/207076419.jpg,bff3e7eda3095eb0f3aa94a284ad1b5f,ca94356b744bd364
unclean,kamyunet,unclean/kamyunet/207502063.jpg,9fc83419c5c4d0656835a6511d3cefa2,daca2d65d78a248d
unclean,kamyunet,unclean/kamyunet/207598810.jpg,a8ff209768ff9ef6e81d83c751b67aa7,96da293ce92965c3
unclean,kamyunet,unclean/kamyunet/208424445.jpg,a25d6956668a4e14d47dbc4c0ed75e7d,db8f70f22c3c3096
unclean,kamyunet,unclean/kamyunet/209517188.jpg,083df5029ccec183726e88c5d46eaa9d,c38b636d2d1475b1
unclean,kamyunet,unclean/kamyunet/209845919.jpg,3563d782ade56d107c4ed8cc26e61a5f,8bc13c363a9238df
unclean,kamyunet,unclean/kamyunet/210034335.jpg,d7f75e688636908d4600366eec15142f,dec229785e61d28e
unclean,kamyunet,unclean/kamyunet/210107304.jpg,1ca0d0e091fb601bccc59cfb42fd0776,fa8ecb14847abc68
unclean,kamyunet,unclean/kamyunet/210122932.jpg,3d4e70a37006917ed2010b62369a3d53,f182e1955e7e1e81
unclean,kamyunet,unclean/kamyunet/211524213.jpg,695540fc6990c0d8672191091e2a40a7,9a936b65399e61b0
unclean,kamyunet,unclean/kamyunet/211723634.jpg,87b5906f7921a68f2ee6dc86b09f72b5,8756d607c536e171
unclean,kamyunet,unclean/kamyunet/212082731.jpg,763930993bfb0f67c8829733bb2d6145,aad2a192ef7850ab
unclean,kamyunet,unclean/kamyunet/212165742.jpg,6894cad75062bca3f2f7e7a3c621a2f5,fd81d2da1f7060c3
unclean,kamyunet,unclean/kamyunet/212169487.jpg,737181e7dcd311dfab61ec709e45ecd9,ff83acd4d00f1a0b
unclean,kamyunet,unclean/kamyunet/212295113.jpg,d597388df517896cbdd18c98c670a9d6,a970df05d23ce8e1
unclean,kamyunet,unclean/kamyunet/212708966.jpg,43a879c2d99eb75026b5943cbcbe71f8,d7680768c71e2d96
unclean,kamyunet,unclean/kamyunet/212722682.jpg,2cea2c8e95b5f37defabfbbc26e72e66,a92fd400d2392fcf
unclean,kamyunet,unclean/kamyunet/212746296.jpg,0b1cef0b361910385aa1baacfc5b7616,cfcb2c24309e7731
unclean,kamyunet,unclean/kamyunet/212916835.jpg,2f3d56993a2a93baee80d1a98bcc6a94,9585a78725696979
unclean,kamyunet,unclean/kamyunet/213270925.jpg,22773cce5dbe0428994811b154cd983f,d79ea09f7c603096
unclean,kamyunet,unclean/kamyunet/213506255.jpg,c2eb01a89f2ec5446603f5310a22e107,c38f783cac363196
unclean,kamyunet,unclean/kamyunet/213511840.jpg,31b25ea6e5f468c28658d9bc068558f2,cb8f3870256d7631
unclean,kamyunet,unclean/kamyunet/213627127.jpg,825b41ad4a315d9b43bcdb40b555b606,87807c4571be876d
unclean,kamyunet,unclean/kamyunet/213853081.jpg,c8d08d25fc819e65cfa253d22d91e248,c6693c6c9b966196
unclean,kamyunet,unclean/kamyunet/214048005.jpg,7d94a438fa5342c8c92b6fa83f07265c,eb8507168d9e3d31
unclean,kamyunet,unclean/kamyunet/214105935.jpg,f84f695d66ee9fd7110778bdb6c5a544,f4d2e2d0833f2f03
unclean,kamyunet,unclean/kamyunet/214283248.jpg,8dde263429ccd9863c2134173c3c89ea,c7d6386925657661
unclean,kamyunet,unclean/kamyunet/214357757.jpg,d9db1cef3a3f91a376020846ad97f3ed,f001825e9f79b82f
unclean,kamyunet,unclean/kamyunet/214359092.jpg,fff98a0ef08e0e71bbf5f66d52c80633,d515af54aa6a386a
unclean,kamyunet,unclean/kamyunet/214490121.jpg,c373f998e563b12df5103e1fc0875ba2,c3893d353c36319e
unclean,kamyunet,unclean/kamyunet/214490765.jpg,a75a2ef92a64f193d67662d92212d935,c38b3c7c35341e72
unclean,kamyunet,unclean/kamyunet/214493265.jpg,b337ead19b369fd3a4facb30d7f2dd4a,d0d286d12b6e3d55
unclean,kamyunet,unclean/kamyunet/214731512.jpg,1e9b7e16be8537231c359d6ab300e025,828a2ad77d2fd4d0
unclean,kamyunet,unclean/kamyunet/214806720.jpg,f352b41be44ebcc780fd765fb5f31d18,c4d177c2627cd361
unclean,kamyunet,unclean/kamyunet/214956940.jpg,36a60664c6acbcb74a7c6ab102cc49e6,d08294973f3487eb
unclean,kamyunet,unclean/kamyunet/214962809.jpg,4b25391d8e209a6d97e6055e0ebb1b99,f0d38f80317fd321
unclean,kamyunet,unclean/kamyunet/215100998.jpg,a5eb6e2efc452559c3b9008706309801,ec812d1e0ffb23c8
unclean,kamyunet,unclean/kamyunet/215144561.jpg,33d43b58cc21d86b4ddd266564d3818c,def121c66d9a2269
unclean,kamyunet,unclean/kamyunet/215181817.jpg,454e0eccd83c511e42e5963e16ec5ce8,c1836a916a7a3dd5
unclean,kamyunet,unclean/kamyunet/215183315.jpg,2afa62bd40e7f93a98a27efa100c8233,cba53976cc9a2878
unclean,kamyunet,unclean/kamyunet/215298296.jpg,e1b931634902ca8853cefcdf3a63f78f,d24bab42ad39b22d
unclean,kamyunet,unclean/kamyunet/215318772.jpg,ef95424e820cdd61e26954c0e1e74a6b,c3893c353c36339e
unclean,kamyunet,unclean/kamyunet/215569155.jpg,b54b17022b9716bc25dd429c70346a1e,c3873c71749631da
unclean,kamyunet,unclean/kamyunet/215576573.jpg,52c2bf69c6a3108d0e104f0b2ca869d1,d2b13dc7c3c33438
unclean,kamyunet,unclean/kamyunet/215579018.jpg,943d46943f7a4e97bd4448523a3683e3,d4d0ead08362be6b
unclean,kamyunet,unclean/kamyunet/215628593.jpg,1f87ccfccd4772ce7b20361a172b9abf,c2699f97688639c6
unclean,kamyunet,unclean/kamyunet/215647485.jpg,2f3da67de5db099f1d64087e777bac08,d08b37742f3c9594
unclean,kamyunet,unclean/kamyunet/215676546.jpg,804e47b469b7122e04172953d57f8030,ebcee86021218fcf
unclean,kamyunet,unclean/kamyunet/215715240.jpg,0502de522ba9e73c3d1d28c58d7327d5,c2c92d9e34639ba3
unclean,kamyunet,unclean/kamyunet/215726793.jpg,46c9b54b72cf425819694fec7baf7a64,def569c1259e8868
unclean,kamyunet,unclean/kamyunet/215739554.jpg,4116c3a1299eb92ccd0b82371cd65633,c6a975534e98692b
unclean,kamyunet,unclean/kamyunet/215772684.jpg,f13d7be06cb3889463378e25307cf46b,c64b2c34739e3a63
unclean,kamyunet,unclean/kamyunet/215805277.jpg,f81127c6005ba3bb3e5890e17f1cc277,c0818fc6a77db361
unclean,kamyunet,unclean/kamyunet/215805284.jpg,8f58d3f87a21414271b636b238f14100,d60f386861c371d7
unclean,kamyunet,unclean/kamyunet/215809055.jpg,60b0e2ae027fc85b8b21cb94b83aaafe,d4739c2469dc63c6
unclean,kamyunet,unclean/kamyunet/215814774.jpg,f7c1de68f470840a9db6fd683f226f4c,85ad947cdada4853
unclean,kamyunet,unclean/kamyunet/215849760.jpg,42b37ed87989946486a406e7c335794c,b557ff2cd01684e0
unclean,kamyunet,unclean/kamyunet/215856019.jpg,63d1fc0f750744d6ef8376b14a18e2da,d52bcb813f21b41e
unclean,kamyunet,unclean/kamyunet/215906143.jpg,4a5f558d0308b85d7dd0bb0a76725030,d3b92c33ccc6cc61
unclean,kamyunet,unclean/kamyunet/215989790.jpg,edde1c6a9847d44e4c2bf3407fe6962c,da9e79782d636121
unclean,kamyunet,unclean/kamyunet/216013680.jpg,1d084cbabedb2d83a59e2a1308495108,c3872553645597b9
unclean,kamyunet,unclean/kamyunet/216023451.jpg,3af67002017d62977518100a9ce5000c,def43cd860c2c725
unclean,kamyunet,unclean/kamyunet/216034688.jpg,58a5ae2adf91c2cee8d81dccca08af8b,c3a1357c7236349b
unclean,kamyunet,unclean/kamyunet/216035343.jpg,f807078182d9533b149fcce19e4ef221,9e9c7c6161636596
unclean,kamyunet,unclean/kamyunet/216045130.jpg,0d3988e6721abc1b2f6859ec64db431c,95878e65b17aa661
unclean,kamyunet,unclean/kamyunet/216048031.jpg,3bda03d87b8c0cf3c85f35b89510211a,c587ae54687a974c
unclean,kamyunet,unclean/kamyunet/216050933.jpg,c47f0b8d0fcdddee95175cd8dc8f34c8,d45eea10be28e18f
unclean,kamyunet,unclean/kamyunet/216070131.jpg,01079f77cf70ca432950c17730c350ae,c3893c3f3436361b
unclean,kamyunet,unclean/kamyunet/216151124.jpg,3e22d62f786ca463d03061234315719e,9085ef54942fcf64
unclean,kamyunet,unclean/kamyunet/216199187.jpg,a349c8b045a37e0f33261abcaa441d79,afcb35c9907cf0c0
unclean,kamyunet,unclean/kamyunet/216223738.jpg,6fcd941a655f2b5515f42312ad1bb9d2,eb9db6528de82168
unclean,kamyunet,unclean/kamyunet/216230183.jpg,ef78b56178fd7d3d51e6ea2d2b5066d7,9e9c7860614365df
unclean,kamyunet,unclean/kamyunet/216297399.jpg,07e121694ae8a9549dcec6196b1433f6,cec9253e719a3631
unclean,kamyunet,unclean/kamyunet/216304874.jpg,d76363f66b80d37279a07b3060ef63c2,fae1c4d6c8326987
unclean,kamyunet,unclean/kamyunet/216317142.jpg,f5a94d0122bd8ba696738d5d73764abd,902aaa959f3cb51e
unclean,kamyunet,unclean/kamyunet/216323557.jpg,1c11684bb90e4559a48094d3e10c289d,cfce2979256c0a74
unclean,kamyunet,unclean/kamyunet/216392196.jpg,8d9253427992c88c4f175cc5d1fe148b,9abf7c70d89a2071
unclean,kamyunet,unclean/kamyunet/216428687.jpg,109aacd6928f9837c52caf21cac404de,87979e6f61c130c6
unclean,kamyunet,unclean/kamyunet/216430042.jpg,3a0c818c0c54aae700329f713011d430,a4cbb4da9650372b
unclean,kamyunet,unclean/kamyunet/216446865.jpg,d26955ae2eae9281d2a02b2f63aa6a4c,95958785da7a7885
unclean,kamyunet,unclean/kamyunet/216450914.jpg,f15907570402a692658a865413a79327,da9b35732a2a3135
unclean,kamyunet,unclean/kamyunet/216480042.jpg,d7b89cff4f1dfde73023f994e378edcf,f852836db579b8a0
unclean,kamyunet,unclean/kamyunet/216496874.jpg,2285f60f00e8e77cf1a1d33eac3193b4,da89a5c5ca74651e
unclean,kamyunet,unclean/kamyunet/216526240.jpg,0bea8c191414651c25e1e56d8d6dd27d,d0c13942613b9f7d
unclean,kamyunet,unclean/kamyunet/216575329.jpg,5e63d1c12cf34f2e8070cacae3dbbffe,c88287975e783a7c
unclean,kamyunet,unclean/kamyunet/216585734.jpg,5feb121f7a78aef4e5390988b69d44c8,c3878e93745b9398
unclean,kamyunet,unclean/kamyunet/216618682.jpg,a98da0e26b9195fb21a6fd5204fa8f47,f0618f47857ab2e1
unclean,kamyunet,unclean/kamyunet/216631549.jpg,eeaaa68905fa459e079aa5164f8967ac,c00387059f47be7e
unclean,kamyunet,unclean/kamyunet/216673880.jpg,bbfcfd98b0d8e1a18fd47829e636bf77,d2f021697fd72423
unclean,kamyunet,unclean/kamyunet/216696969.jpg,f7d5b8b53879f9e5a8d2c0e7a45b899c,dba9388b65ce6c30
unclean,kamyunet,unclean/kamyunet/216699823.jpg,7dda204fa35b953d44af6c6e9467743d,e9896d7a67319286
unclean,kamyunet,unclean/kamyunet/216737299.jpg,38d7bbfabab8328617fc8ccf198b7408,bccf7bd0929272c0
unclean,kamyunet,unclean/kamyunet/216742207.jpg,7d0b1b74006685cd905e5439156862dc,a454b522d635eb2d
unclean,kamyunet,unclean/kamyunet/216748572.jpg,bd837b9a3ffbfccca90c72f8b376de6e,de9e7860c1c721c7
unclean,kamyunet,unclean/kamyunet/216751610.jpg,291c973a0da86d67ca0862e958fab453,deb130c68c9e336c
unclean,kamyunet,unclean/kamyunet/216759709.jpg,5d03551d9f3601924161303e65e4f4f2,c696296975db6660
unclean,kamyunet,unclean/kamyunet/216761927.jpg,a9bd2275f762d2ffe4446ae5d8a398e0,c38d3e506fca3472
unclean,kamyunet,unclean/kamyunet/216763745.jpg,439e0995b070953c9260b5a77143510f,de9c706125cb6627
unclean,kamyunet,unclean/kamyunet/216771096.jpg,eb03678bda64f0f9d9e25b5c9be3b53b,ce8e3c70256f2473
unclean,kamyunet,unclean/kamyunet/216779130.jpg,733ad76668f8ea3ebcf652a73532424b,c38f3871253671d3
unclean,kamyunet,unclean/kamyunet/216790354.jpg,d7a18dfd6b5b96e24b1994cbaf65fbd5,833c78c76c36936c
unclean,kamyunet,unclean/kamyunet/216816286.jpg,4e97159ee4d3538edacfd152389c0d16,d5023ed728749f91
unclean,kamyunet,unclean/kamyunet/216829724.jpg,f16c45358d0c560dfff50205a40358d6,d54aaa6eaa783296
unclean,kamyunet,unclean/kamyunet/216892357.jpg,066af6d01fdd61a3e1e7547c4b28dd43,bdfcd08192cd1b25
unclean,kamyunet,unclean/kamyunet/216904183.jpg,2b69218c093d942e62908e7508360bbd,debc210f8e2961ce
unclean,kamyunet,unclean/kamyunet/216916842.jpg,1fbddc9607488d8162f523a7926b9067,c3877c6338b67192
unclean,kamyunet,unclean/kamyunet/216929918.jpg,b23eee12744e0d3db06f7ae1585a9e60,d557ca408f0bb11f
unclean,kamyunet,unclean/kamyunet/216930847.jpg,8c533ac5c5f9fc13315371a5cb438ee3,ebad686061868f6d
unclean,kamyunet,unclean/kamyunet/216941617.jpg,f16fdd7f88fb8c9e1a0f5fe27a292d4f,d41e8a41ae7ce27a
unclean,kamyunet,unclean/kamyunet/217000128.jpg,f4dab055697787d135e99878393cee40,c3c13e3e2534319f
unclean,kamyunet,unclean/kamyunet/217008010.jpg,ee6be3c97f1feb93b235c7ae41058a89,c2c2d19779869e69
unclean,kamyunet,unclean/kamyunet/217024570.jpg,27eb71d0a60ca6b2dd9a2fb03a819948,c70b397c78963c31
unclean,kamyunet,unclean/kamyunet/217031137.jpg,9413bec6701111d939e96136c57e10f9,dec834c662cac73c
unclean,kamyunet,unclean/kamyunet/217052078.jpg,0be941298ef25b251f9befb8d81d8c62,da993c3371648e9a
unclean,kamyunet,unclean/kamyunet/217083046.jpg,7cb9432a1867426a56b0ae4d3d587f81,d5028f85cb4ff05a
unclean,kamyunet,unclean/kamyunet/217154686.jpg,6c546bf330077a5e13596de5fd8dc076,c7963878216b7a78
unclean,kamyunet,unclean/kamyunet/217156552.jpg,b8bde0a7d169024f07462407a6eb5585,da9c7861214f276d
unclean,kamyunet,unclean/kamyunet/217189439.jpg,a97e163c4dd0c719e9712d1b0d90a9cc,cb8d3452302dcf73
unclean,kamyunet,unclean/kamyunet/217195459.jpg,1076bb6c566dbc95db9d783bce8f1756,cabff878d88a6460
unclean,kamyunet,unclean/kamyunet/217350352.jpg,44e5ec096b4a1f9de3ce5e6859043e7d,cbc1653e613c359c
unclean,kamyunet,unclean/kamyunet/217385379.jpg,0cae5d57352f58683a5a0a2fa8efe040,c8c3693c33727a69
unclean,kamyunet,unclean/kamyunet/217558245.jpg,fcfca306dfde8507192d58566e05ee2b,e783a4926b7c9685
unclean,kamyunet,unclean/kamyunet/217644872.jpg,07d69d1991c90cf92089a68cd3596d95,8003dfc0bc7ee47c
unclean,kamyunet,unclean/kamyunet/217739639.jpg,052df7adb7529b238fa310cc2e907202,da9e3450adcb2965
unclean,kamyunet,unclean/kamyunet/217762838.jpg,398a193a96651bc2d9685eeed2e7a817,d753ca5ed250e2d0
unclean,kamyunet,unclean/kamyunet/217791346.jpg,7984730c8bafbdae3d66a4162926c3ba,d29e0a7925653579
unclean,kamyunet,unclean/kamyunet/217801280.jpg,a6871675f8ce2ae5e6f827323a6822aa,debc68c087960ccf
unclean,kamyunet,unclean/kamyunet/217801992.jpg,fa4cb8c041c8ea615fdbceff475536d5,9515fd52e42c87f0
unclean,kamyunet,unclean/kamyunet/217804557.jpg,b14007fcfb65a13c1e7cf44eda1ee87c,95822a858568ff5f
unclean,kamyunet,unclean/kamyunet/217812444.jpg,c1fc9ae5a299c17eac80f07f07a4082a,db9ab052366ccb64
unclean,kamyunet,unclean/kamyunet/217831667.jpg,117af06d4f6a55969ae1b99c7e7c03b2,fc60aa75816aaf15
unclean,kamyunet,unclean/kamyunet/217880543.jpg,73475ea15cda66b3819695174b6c4bb6,e899ae53896ca5e4
unclean,kamyunet,unclean/kamyunet/217894393.jpg,47b9415f3e855cd84bd9c7e51389cdde,9e99717461d69a68
unclean,kamyunet,unclean/kamyunet/217895269.jpg,6ec5a7f4de53b7b8908e4efea270dad9,de94e9412dde8c61
unclean,kamyunet,unclean/kamyunet/217930620.jpg,e376bbac205b8b94b590062f8d83d28a,b6d2f629283d6985
unclean,kamyunet,unclean/kamyunet/217933127.jpg,7b89d7f6e1554525db857fe38a08dfe2,d47faf5493c070a2
unclean,kamyunet,unclean/kamyunet/217957904.jpg,8614ee5869dfe94d2e6beff9ed06363f,c38f787825367493
unclean,kamyunet,unclean/kamyunet/218007427.jpg,8426d47f686168c80fb05ac73ea040d7,d41e8e56b178b361
unclean,kamyunet,unclean/kamyunet/218018419.jpg,8e0f34ff93e00d6720c67366657a695d,c28b3d6d659432d9
unclean,kamyunet,unclean/kamyunet/218078546.jpg,35ae49734233723f6f8a214b2464e56c,debc6060c36726d6
unclean,kamyunet,unclean/kamyunet/218083651.jpg,2acf8d890f590fa92a9a00a818daa1fb,dadcf0412561df8a
unclean,kamyunet,unclean/kamyunet/218107237.jpg,cd1830381b85a1be36bfc222f6f31d80,d455db0ad2f550d2
unclean,kamyunet,unclean/kamyunet/218167231.jpg,8bee44b1129538212f1d789701b0745f,8cbc787399923566
unclean,kamyunet,unclean/kamyunet/218171998.jpg,b6a252b49607449c9398541cfea8e6c8,dbad953c3092c33c
unclean,kamyunet,unclean/kamyunet/218176905.jpg,be1f21c208f508ca5f5c77a75fbec295,f9969e786161cb24
unclean,kamyunet,unclean/kamyunet/218187809.jpg,a92230f7cd4a9863e03c7558f543a948,d28b6d687476629a
unclean,kamyunet,unclean/kamyunet/218189090.jpg,c0be0dd16a1abfab24d7a0c0146cd87d,a89ffe7874984461
unclean,kamyunet,unclean/kamyunet/218203951.jpg,5747fd1773dbfd12ccd6bd591f136065,db96386864c76365
unclean,kamyunet,unclean/kamyunet/218262985.jpg,0c0d90d45052c1f3659944ac67e47040,afdae5c0347f9104
unclean,kamyunet,unclean/kamyunet/218263496.jpg,5edd988b314abd427e153479679de3c6,ca8e06702d4f3775
unclean,kamyunet,unclean/kamyunet/218279230.jpg,0739ced01781ed7a15e878b0946bebed,f5949663c2c68e5a
unclean,kamyunet,unclean/kamyunet/218312742.jpg,cfe7c72a21ffff68026a698fa0bdad79,d38e9a32648edad2
unclean,kamyunet,unclean/kamyunet/218322871.jpg,47f9a8be42f5799bab2bbbaebe88230c,de9cf041674b6744
unclean,kamyunet,unclean/kamyunet/218340234.jpg,ab2b2a100ce27fc1259a82441a02d67d,c07f807f80cfd585
unclean,kamyunet,unclean/kamyunet/218365461.jpg,c5725f6ab7af1aa9595aced7e73d45b4,daa17d7b70963098
unclean,kamyunet,unclean/kamyunet/218375873.jpg,de3830b23f1f8dddca0acdce0c2908dc,e90b8f56c179b069
unclean,kamyunet,unclean/kamyunet/218378715.jpg,2e79fd6a6ffe5081d6ca60b52f8b1aef,d5c5a915852dd363
unclean,kamyunet,unclean/kamyunet/218391800.jpg,ab6306dba187287a7446472f655ede2a,ce89ad36318a9a3d
unclean,kamyunet,unclean/kamyunet/218451178.jpg,52b9d9fd4cf188d465dc4f5a6cade1b0,dad429213fde403b
unclean,kamyunet,unclean/kamyunet/218490161.jpg,f765e3006312952a5e302362a40c2a9c,c3899e7634723a63
unclean,kamyunet,unclean/kamyunet/218510929.jpg,b34fc1752a2b0572e467c832b2424e9d,8fdc2c25309b996d
unclean,kamyunet,unclean/kamyunet/218525760.jpg,d51f881ca4023ca3e4702247c53524bf,9a877d7b71c16130
unclean,kamyunet,unclean/kamyunet/218571589.jpg,5ce483caee0702e5da8c35f2d77b0d4d,d725242d7996709b
unclean,kamyunet,unclean/kamyunet/218592622.jpg,d8afb9bfc6f82c48eee1f199f55aa827,d052ff12d03cfa34
unclean,kamyunet,unclean/kamyunet/218607498.jpg,ca73e2dec0466236dd737b36484a4e17,d5058615ab6afa63
unclean,kamyunet,unclean/kamyunet/218623319.jpg,779e5898f56068a51a29caf7b875fb40,d0028a4faf7aba71
unclean,kamyunet,unclean/kamyunet/218668096.jpg,bc3e2ce161e87b6f380dda0c53c46dd0,d6e4696cc4c664cb
unclean,kamyunet,unclean/kamyunet/218701441.jpg,0d5276bd1c033c6735b233eee00072f3,c98d0e1efeb870c8
unclean,kamyunet,unclean/kamyunet/218719224.jpg,d0aa46fbd672dcc249018a1ad60a7be1,cb8925759e3631d1
unclean,kamyunet,unclean/kamyunet/218726135.jpg,ef0f9b6dbcb78e342b2de3cd22d593e6,ca8db55875cabc30
unclean,kamyunet,unclean/kamyunet/218729757.jpg,7a9b6e0014f8c49e22fda0ad7a66ef99,fbb8d0c0c48c65cf
unclean,kamyunet,unclean/kamyunet/218731934.jpg,df1a4be59eb59b4ce6a883aff5e64bf8,b2d8db07f8386133
unclean,kamyunet,unclean/kamyunet/218804409.jpg,7eaddba234e341323b5395a3dd7b186f,afc2b5c9929812b7
unclean,kamyunet,unclean/kamyunet/218812826.jpg,0316c6dc8eccaafabd2969997c27466d,805fbf808b6a3e95
unclean,kamyunet,unclean/kamyunet/218884519.jpg,c460b8f57a4c82700cbaed6653ab6bdf,d55f8f60921d748a
unclean,kamyunet,unclean/kamyunet/218894134.jpg,84c8a9538d63a62518df49fe75591dc1,a4d0b62ad01f6f2d
unclean,kamyunet,unclean/kamyunet/218903080.jpg,375aaef0a4fbad4e7271b64f0b4095ff,da9e19786063636e
unclean,kamyunet,unclean/kamyunet/218913388.jpg,9b2261a171af0ae42a4ce965e46b6a3d,da212b6764c3cf61
unclean,kamyunet,unclean/kamyunet/218931630.jpg,f14b767f962c6b1d9efddddfb3b8b36b,d597efc1a07a2868
unclean,kamyunet,unclean/kamyunet/218955796.jpg,2d430a61e0425e8216c9c09cf3032240,e4b470d3c3ce6c68
unclean,kamyunet,unclean/kamyunet/218968655.jpg,3c942f64a3dba6ef91dc78a06552565b,c38f5c7825de3491
unclean,kamyunet,unclean/kamyunet/218970114.jpg,aae401ac6f76183e40cf1d4ca4862b9e,d40e83b56b70617b
unclean,kamyunet,unclean/kamyunet/218972329.jpg,87a879a6b01e8d220519ab8cf0478df8,d21e5971616b62cb
unclean,kamyunet,unclean/kamyunet/218980442.jpg,ddcc8284a1b6a655f0acecbc896b50ce,f0adae7070d2879c
unclean,kamyunet,unclean/kamyunet/218989880.jpg,3e52bc0bc8641889c485d90a63acbf88,d0f5a5c2e16de360
unclean,kamyunet,unclean/kamyunet/218991037.jpg,2c69ffe7172deda2898d5fd38dc90e50,df5f8256c0c05ec3
unclean,kamyunet,unclean/kamyunet/219033619.jpg,80a3d25b095da13351c447bdb109b707,f4eaa81838d59795
unclean,kamyunet,unclean/kamyunet/219066213.jpg,0ab38e1b09bfddccf57b43db720c11c1,c0cb1f2d6fc18cc3
unclean,kamyunet,unclean/kamyunet/219089402.jpg,d56bab0098a1f0553b01ba539a548bbb,c5ea8f296895e0d6
unclean,minibus,unclean/minibus/193746982.jpg,37cf3ce43a369f29a84168195fc93745,d28f257f6dc1c038
unclean,minibus,unclean/minibus/194268546.jpg,f2819c25b28c8332f295e64b0692a466,92cb6d21c32cd6d6
unclean,minibus,unclean/minibus/194314557.jpg,a36b621ca0471fe1ff2b614599b78b69,c9c396d93336c07c
unclean,minibus,unclean/minibus/194328969.jpg,18da4c1135fc34fb2e5910b97539d51f,da87347825cdc33c
unclean,minibus,unclean/minibus/194357693.jpg,39db95e0bcb0752719a9d48aa49ddb5e,d76b38946cc4e52c
unclean,minibus,unclean/minibus/195418798.jpg,06d6cfafac7cad81ce4bce046e6f949f,dfcb70343065c792
unclean,minibus,unclean/minibus/195904076.jpg,00005cd6be5c372ff1b69e948d71c8ff,8fc3c09f79129669
unclean,minibus,unclean/minibus/196994498.jpg,ffad0fbfc6360ae1d926d6e72b2260be,9ad86196663d8e69
unclean,minibus,unclean/minibus/197002715.jpg,257fae77d827dce8e9eff30e39d40daf,cfcb69292594d629
unclean,minibus,unclean/minibus/197446621.jpg,5a9ccd370245098ff9652671f982f798,d27c81732177a17c
unclean,minibus,unclean/minibus/197546828.jpg,8dddae1eea5a7871b44446618401ed19,add2922d7cc2962d
unclean,minibus,unclean/minibus/197688708.jpg,4135fec5016d97d6a415e854c56542f9,e887847ea47e8479
unclean,minibus,unclean/minibus/198100491.jpg,ac1a578488eee15f6e6ca3a764704c8d,d6f8ea1069876c9a
unclean,minibus,unclean/minibus/198120481.jpg,c4207bb942fb2bdb77ffd5c9f81f7773,cac335356dc73438
unclean,minibus,unclean/minibus/198331521.jpg,b17414f131abed92d3210dd196ce360f,923e79256dc36ce0
unclean,minibus,unclean/minibus/198427263.jpg,5af7e263980860a460f4ae012ad1070a,c3c9343c96927997
unclean,minibus,unclean/minibus/198606990.jpg,039194d38d7bce12030878ee5982654a,9f4be93469169269
unclean,minibus,unclean/minibus/199199766.jpg,95a2ada1d5a23ac35d506b01b18abe1e,ca8575616d877564
unclean,minibus,unclean/minibus/200143097.jpg,5857985b77c5ce8ebea08de01032ffa4,99c4cc2f65b154b6
unclean,minibus,unclean/minibus/200855721.jpg,caf5be181273ba8501141323d1013e7b,99c6c42d67b1d45a
unclean,minibus,unclean/minibus/203431368.jpg,1856ae8ad278c27bf0a950f997f4ee05,9e8921a735319f6c
unclean,minibus,unclean/minibus/204276251.jpg,92c653de06368422d2a97d376f13ed68,9a9c6dc3c03d9339
unclean,minibus,unclean/minibus/204541641.jpg,60697567ac504ed28af5aac8d1c06a93,921e7c626969e36c
unclean,minibus,unclean/minibus/204657780.jpg,389bc1b1011c890c7c607989b8a848aa,923f566169c36d32
unclean,minibus,unclean/minibus/205180529.jpg,7da58f4226ab0218ba3d5d90b8a55850,cb9e386c92256ccb
unclean,minibus,unclean/minibus/205737488.jpg,356b6b0ea123bc1bb6b37b7f5e0f6e48,da903c7161cbc33e
unclean,minibus,unclean/minibus/205817081.jpg,431cbfbe5d6147a6214acf2601e71405,b48334783bd3d26c
unclean,minibus,unclean/minibus/205925639.jpg,a0565b8c00561e7a2d8b60088ce9d8b2,db9eb07124c3833e
unclean,minibus,unclean/minibus/205929411.jpg,7d3da9f953ed2b8d9c1c3095a19c62af,9a9b743125c3c36e
unclean,minibus,unclean/minibus/205929474.jpg,c8590e75fa13841747e50301327423c4,9a9d747165c3662c
unclean,minibus,unclean/minibus/206047844.jpg,5edd639c90c267b99f618a8a7a9e4c43,9eda34612fcb462c
unclean,minibus,unclean/minibus/206182725.jpg,00dea4c23f12811f32e5cb28aa37478a,dab42c6167cb243e
unclean,minibus,unclean/minibus/206183245.jpg,3796ca9160ef7f245a9d894680b26d7c,d29568616fc32c7a
unclean,minibus,unclean/minibus/206187052.jpg,32e561f18287e75b720998b16d3fe846,da9e346125cbc36c
unclean,minibus,unclean/minibus/206187093.jpg,ede2f670284b4f854ed9865ddbebe00b,da9634316dc3662e
unclean,minibus,unclean/minibus/206187118.jpg,939d357508ae4686583fb89f6df3281d,d2953df035c9c127
unclean,minibus,unclean/minibus/206190675.jpg,1cb2743f1cce4c0e09400cfb8e9d9057,d29530616fc33cce
unclean,minibus,unclean/minibus/206191662.jpg,454da6c2d3a12bbf34ca59f29de7b8b6,db9630346dc33c6c
unclean,minibus,unclean/minibus/206192409.jpg,6c6e62913d9b7508982c6530e9b21186,9a97343465c3666e
unclean,minibus,unclean/minibus/207901769.jpg,1fb115ef43b5048484dde69be7544283,d2d46d6169c7c638
unclean,minibus,unclean/minibus/210101333.jpg,bcff11b4bb4982508e735ba6799ecc8d,f36d9d018422e37b
unclean,minibus,unclean/minibus/210102226.jpg,3b21a062e953b3b70e566f9268f1a6d1,deeb392632986319
unclean,minibus,unclean/minibus/210102500.jpg,079a023da35f8bdc3b8c04921fd7a412,914ebb44914f343f
unclean,minibus,unclean/minibus/210102777.jpg,7f00ea2b52368739e231b2c86ed87b2e,d4d092d02f2f923f
unclean,minibus,unclean/minibus/210403775.jpg,65e9464a332a7d53b27adf953b640011,9ccb6427309c5e6b
unclean,minibus,unclean/minibus/211051242.jpg,5129068a7297e02ec125dee159dab495,e3875c7836861b99
unclean,minibus,unclean/minibus/211795475.jpg,f2a06dff8dead7e84dcd830c20b6a4c3,9832f351b70e71b1
unclean,minibus,unclean/minibus/212172157.jpg,4252633b6d87e5072de776ffa3a0d2cc,d0c76fc53b1ae4c0
unclean,minibus,unclean/minibus/212475536.jpg,3814f3145c37df08c87790420b03d943,bd97943535c2703c
unclean,minibus,unclean/minibus/212718337.jpg,752a12a83d9cdc95b36521d744f270a5,8fcb21b43096b769
unclean,minibus,unclean/minibus/213277133.jpg,d600f627ca3e3f5ec4c83e0f436d9ae9,8334b4b3be923cc3
unclean,minibus,unclean/minibus/213300430.jpg,4fd3c21d740c49a8d1ccb6e03afdaf20,d4ca6d2dd07c2b94
unclean,minibus,unclean/minibus/213411665.jpg,209a603214e3f44d3bea627e110158aa,926d3c636d926d34
unclean,minibus,unclean/minibus/213443859.jpg,7098f9485092c4aafede3901accbd1c5,9269cdc669974738
unclean,minibus,unclean/minibus/213619329.jpg,b36bec7a229f7f5e73c8994abe87102d,d068f1f461d29679
unclean,minibus,unclean/minibus/213635219.jpg,a582f61922209defef4da5990363fdf4,f480cad0c32b3f7a
unclean,minibus,unclean/minibus/213777965.jpg,b96fb0e99091293b63a24884e9ab94e3,87cb31943896db69
unclean,minibus,unclean/minibus/213875524.jpg,34613f09dacb9e40f6fa813caf06ba30,d58d8c952a7a368b
unclean,minibus,unclean/minibus/214494171.jpg,f7e1a3723c3dee851e53be600173cd1e,d05fe52696622bd4
unclean,minibus,unclean/minibus/214507352.jpg,9d68b8082e231fbe9a34838b7d1eed37,946798479d6b9447
unclean,minibus,unclean/minibus/214524899.jpg,a857d049649fee1ef09f704678ba9ac7,85d796807e6ac23e
unclean,minibus,unclean/minibus/214541786.jpg,2fae2e7785ea3120d616f8522c7c64ed,8e8e887cbc81733e
unclean,minibus,unclean/minibus/214657120.jpg,81b2d0645c14b407a7788788c1b34dc3,c4ee6426967a03bd
unclean,minibus,unclean/minibus/214773879.jpg,66909f17062c26a930aec8e050d9224d,d69e686165c36d32
unclean,minibus,unclean/minibus/214848754.jpg,294ab0d22cacab0747d5241e2a924d9c,a5ddb5d9807a8487
unclean,minibus,unclean/minibus/215116497.jpg,021b346e74f40962941093b6a18d02bd,d0038b40c31f3fdf
unclean,minibus,unclean/minibus/215155469.jpg,9f742ce0aac523b5649b4289d80ac366,9a9ef67030c173d2
unclean,minibus,unclean/minibus/215183131.jpg,93aeed63ddd92ae93b87c25ed20b740b,dbfce04325cf8e20
unclean,minibus,unclean/minibus/215387945.jpg,acd33ae33117d9e30a9f66c1d8d06197,95078f05c37a279e
unclean,minibus,unclean/minibus/215499510.jpg,b2f79fa681bca4a9f57e10c1be2aaf5b,c38f7d7161c36170
unclean,minibus,unclean/minibus/215593952.jpg,cc994aabd6243a97ddc36edea389690e,8fda252570d63669
unclean,minibus,unclean/minibus/215602362.jpg,e2d0c266fd67a4b000ed376a34fc5d27,c3ab29313c963c76
unclean,minibus,unclean/minibus/215614242.jpg,bdbc516049f79f5a427440a2cfa59729,d0688f37389679c6
unclean,minibus,unclean/minibus/215617838.jpg,340c5b85db0022d10b150640c0e7da64,88af2d2129c76f9c
unclean,minibus,unclean/minibus/215644672.jpg,a7b5840ed084ca6dac40b23b37619666,dafc6ce028c3c33c
unclean,minibus,unclean/minibus/215673175.jpg,03b381f0adfe2718816a80f75dcdbcf8,943f953d908d6897
unclean,minibus,unclean/minibus/215687610.jpg,1d9657526811ea40ea0d64c7da05d79f,f08387c361757395
unclean,minibus,unclean/minibus/215691629.jpg,5cfb2742df09d66103cf1621342fde12,8ea1963a9ad66993
unclean,minibus,unclean/minibus/215692736.jpg,88d999cba84e1161b6045efc94fb3891,cbea246375d6c330
unclean,minibus,unclean/minibus/215755894.jpg,95c97652d04fac4bccbc63a1356d9fad,cfe93125349239c7
unclean,minibus,unclean/minibus/215757162.jpg,5581bfb8e91ec6191d91d755d2a2f584,f67aea62c06ce0d4
unclean,minibus,unclean/minibus/215771082.jpg,58785115df685d3e4e361f0e954692c6,da6dad36b912a464
unclean,minibus,unclean/minibus/215772392.jpg,ce741470f20007c72986d11dd63b4605,da9c706121c3c77e
unclean,minibus,unclean/minibus/215772703.jpg,fb540a0c72d17a321a8a26ef5791fde0,da9c706123c76f38
unclean,minibus,unclean/minibus/215774280.jpg,4faa63f52fe5065b16b4081089446b8b,807f8055827f369f
unclean,minibus,unclean/minibus/215782961.jpg,7dfcc0a5379c187352001ada64b88548,c7d86a27d4237a49
unclean,minibus,unclean/minibus/215808912.jpg,7ab443ddf769fce268d1964f2817d132,c3e3e3e361c7011d
unclean,minibus,unclean/minibus/215816214.jpg,4c050d48270395e6d2dd3d4cb8d88688,95b4953435c76e34
unclean,minibus,unclean/minibus/215844340.jpg,fd12ab88b761c913c440e8d9b82c6ef4,c38b296b39b58578
unclean,minibus,unclean/minibus/215869395.jpg,253e1b9a107caf1391ea0b57a994cfc4,9191ea65a51ed27a
unclean,minibus,unclean/minibus/215870097.jpg,3e96483e9ad552ff3306093e91f81200,d9d3f478d0f40a49
unclean,minibus,unclean/minibus/215872386.jpg,888ce8dc2f2b3fda8508842cab77d30f,8ea935d638966969
unclean,minibus,unclean/minibus/215893666.jpg,ca8198dd792fa24102865f8446886b4e,d61c2d3161c3c76d
unclean,minibus,unclean/minibus/215917000.jpg,7d8a143f592f4b89f49b41d6b9a7afd0,db9c706127c74f18
unclean,minibus,unclean/minibus/215969336.jpg,472d6e7c8ff30a13186ac6ab73965cb7,c769683638969379
unclean,minibus,unclean/minibus/216005190.jpg,e7c762db0499e813c6e1c9c627420d8e,dad1cb69cd35d440
unclean,minibus,unclean/minibus/216007874.jpg,d36e9804e4d1de14af40af2af83b7fff,8a1e756161c36d76
unclean,minibus,unclean/minibus/216032016.jpg,d9f5ad16edcfe462f1ba2cd98b28664c,cbcb257434963a39
unclean,minibus,unclean/minibus/216045431.jpg,f674a32c67979c5a82c15042df6d5261,da2c296161c76cd7
unclean,minibus,unclean/minibus/216051293.jpg,307c13abdebc69badd49d670b5192cd0,9a9e786121c7c73c
unclean,minibus,unclean/minibus/216061853.jpg,a95f346f2fe717a070daab815e057e0c,9a9e706129c7c73c
unclean,minibus,unclean/minibus/216094190.jpg,93650ef239f9d0a4eab4c14885b617c8,da1e3d7161c3649c
unclean,minibus,unclean/minibus/216100362.jpg,f259542507031fc0ca74fd189279c22d,8507a705e67e789a
unclean,minibus,unclean/minibus/216102576.jpg,b46ce8ef60e13b0d1c6f7cc50f677454,cbad24343496397b
unclean,minibus,unclean/minibus/216196368.jpg,b6b094192d693ec48aa7d1c7a7f14f81,80d59595a5cbd55a
unclean,minibus,unclean/minibus/216275706.jpg,e5bd7375bc4113dbaeb08ec2d850912a,c2d0d74b2f962fc0
unclean,minibus,unclean/minibus/216317074.jpg,e952224dd85bf0126a423272f51eba43,ca9e786161c38767
unclean,minibus,unclean/minibus/216318483.jpg,0965d31f479646399338937384bd5677,db0c0c3325d76d66
unclean,minibus,unclean/minibus/216323316.jpg,9bdac3552490b567da090d3317fd569a,d5cacac12a3965ce
unclean,minibus,unclean/minibus/216335562.jpg,c4648310192c21e868e7f3495d60b420,c3893c37389e7398
unclean,minibus,unclean/minibus/216421891.jpg,34aa2e2e2815ad51884b86ff4ef1bc59,d4538b50f12fb433
unclean,minibus,unclean/minibus/216430711.jpg,ed94170ec23d4ea8d9f81ae1f6d71da0,9a9e30216fc76c3c
unclean,minibus,unclean/minibus/216433429.jpg,38bb14049b070c530f23d0c5f455b86c,c0c09e94ce6be16f
unclean,minibus,unclean/minibus/216452875.jpg,697b1c79f1e96dbf6d28cc8ab8b98606,c78a7c3639ac8569
unclean,minibus,unclean/minibus/216573266.jpg,fb36d461f74ca47c5472ad5d56d14c77,da9c706123c76f38
unclean,minibus,unclean/minibus/216584796.jpg,d2420832dd086c2ee0eff9c796e7d864,d20e293169d3e73c
unclean,minibus,unclean/minibus/216593660.jpg,ae5c0cb1291839bb21c5ffa35f20cc5b,d51f8f85c1223a9b
unclean,minibus,unclean/minibus/216668413.jpg,676ef13dda6bc98a0d7d1c8dd4f2373d,dae4c36d6ec238c2
unclean,minibus,unclean/minibus/216735021.jpg,f9f64bb9d952f7f08dbc42aa09d71f72,d261e17171d661d3
unclean,minibus,unclean/minibus/216737470.jpg,a0a23da575603dfc981520ffe5b1fef0,9a9c70613dc76d32
unclean,minibus,unclean/minibus/216874507.jpg,65c60cfdd80acbb398d975c0be677c4f,c7432c34399e1e79
unclean,minibus,unclean/minibus/216882682.jpg,19c10a64e459ac90bce041dbfe85179e,dabef5e020c325b8
unclean,minibus,unclean/minibus/216907420.jpg,d7960e5ef24165f8384eabb55ed47b99,94d5ba6a91e14a9d
unclean,minibus,unclean/minibus/216930102.jpg,9ade117423525c78d452771418f76442,c38ba9693d34857c
unclean,minibus,unclean/minibus/216983171.jpg,37dc65cf769391c5735fb6f17ee63588,cf893c343a96790b
unclean,minibus,unclean/minibus/216990378.jpg,691078aecc95fbd22589213b6d7aee1c,dafc7cf060c2613c
unclean,minibus,unclean/minibus/217004609.jpg,214bcb77b5f1dc395bcccd59be88bceb,8638d2657cc76c93
unclean,minibus,unclean/minibus/217026643.jpg,bc67e22db84f58940dda3cb1a8278e0f,da8b65723092d769
unclean,minibus,unclean/minibus/217030998.jpg,24e1ba757e78822f78da51e62531c845,9a9e6c6121c7c73c
unclean,minibus,unclean/minibus/217060207.jpg,fc7ec7f08dc284b970db2e19aad1b9a8,d5d5d55492ea0ae1
unclean,minibus,unclean/minibus/217144586.jpg,3fd7bee2d6af741779ca2949ecfa70c7,9a8667793cc76138
unclean,minibus,unclean/minibus/217217959.jpg,4b94b32fbab389391187ce363faf566e,c45ecad0d0d03ecf
unclean,minibus,unclean/minibus/217239328.jpg,43436362f865aa4fda7c79cb0cc1d2f9,d442c2d48f2ed52f
unclean,minibus,unclean/minibus/217339443.jpg,b4fda2b4481e65b9e4e5da88a6e2989e,dbcb696128c6c369
unclean,minibus,unclean/minibus/217712936.jpg,6d8bca0c3a34b9886afebaa4a074e2f7,95159515955fda52
unclean,minibus,unclean/minibus/217763204.jpg,83ca63878f698f87463b9401cb1047e7,c38b29393d973570
unclean,minibus,unclean/minibus/217784303.jpg,4285e741ea1ab4215a220a1330d90ad9,dabcf870a1c3629c
unclean,minibus,unclean/minibus/217802319.jpg,355164a7f0b381654ab025b40ce43170,d447cf94c34ea463
unclean,minibus,unclean/minibus/217888250.jpg,23d846517789d3ca908881828bb725af,909f817380cfb07f
unclean,minibus,unclean/minibus/217952305.jpg,01f9156ecac65b1f9ff3c8220588ed7c,b5298a55d50bd4d5
unclean,minibus,unclean/minibus/217959451.jpg,3a16073726de3b74cf6878e89772b23e,da9e7c612587253c
unclean,minibus,unclean/minibus/218007837.jpg,18de72bb7259248bae76f214a07886dd,9edf652574862338
unclean,minibus,unclean/minibus/218056154.jpg,0c30a4a469c5241afcf3613064e7472a,96282b6923676cd7
unclean,minibus,unclean/minibus/218126946.jpg,c03a6da1c244dbe43c9f95d2496ab5a1,dbb8e06127c7ce18
unclean,minibus,unclean/minibus/218134277.jpg,de8c1d5177af895afdeb2ad474d29615,9eaa25547a966971
unclean,minibus,unclean/minibus/218138154.jpg,9bafc6b878c48e260df87363ab4c8aac,9eaca4d47a8669d1
unclean,minibus,unclean/minibus/218142111.jpg,2606a78dd225b28c1ef0cd6b785a6e6a,891e9ec13e59619e
unclean,minibus,unclean/minibus/218195078.jpg,84ac6535a26389056555d8f033208ae2,d76fc66686862986
unclean,minibus,unclean/minibus/218241684.jpg,cae00365ec1453d5bd8848866f831284,d53aaa15c5c464eb
unclean,minibus,unclean/minibus/218252019.jpg,0bed970cd52d0d4d6d2c6b6cf079149f,da9c706121c76f3c
unclean,minibus,unclean/minibus/218257244.jpg,2a13f99a0eae3d8e61bafb32115c74db,d5d6d22a82dd0a75
unclean,minibus,unclean/minibus/218259887.jpg,0c9fca33f1be5b224c87e2753e081e3f,d4c08b43c2783f3f
unclean,minibus,unclean/minibus/218274299.jpg,5f498ed79353f646627b357e0c4a02ee,da9e24c16927c66d
unclean,minibus,unclean/minibus/218276550.jpg,8fe522f3fd51fdb593230520e33f292d,f5058165a97d9725
unclean,minibus,unclean/minibus/218288861.jpg,9709f7b3066aaa6a10c6d21adda768a9,8f9edc78a0638743
unclean,minibus,unclean/minibus/218307381.jpg,a3d3a127b420c082cf017f67a1a652f0,da9c706127c74f38
unclean,minibus,unclean/minibus/218335519.jpg,5e585fd5e11942f75c82395582c9479b,db9c98702167c74e
unclean,minibus,unclean/minibus/218394885.jpg,e46ea46548b449ad3a55035d8a736bd8,9fa3717830d66931
unclean,minibus,unclean/minibus/218409806.jpg,bf1c3cfe7d117b6d81d8c5dd8bf7e979,d4d0902acbf52af9
unclean,minibus,unclean/minibus/218425722.jpg,ecbdd33bd048aa4de04096141cac9a32,da9c7c6129c7683a
unclean,minibus,unclean/minibus/218466798.jpg,a8d6ecbe092d163e11100ff3359dc734,8ea3299635da9663
unclean,minibus,unclean/minibus/218542930.jpg,7c535de1275bc84a849f64f7fa01c300,d20c3c7161e76d9c
unclean,minibus,unclean/minibus/218547989.jpg,64fadc41c4efa771d693d7785b43f2d1,d3cf3cc13cc22738
unclean,minibus,unclean/minibus/218581851.jpg,224ead89b5f0ed19441487027704438f,ca2f3c3130d36d36
unclean,minibus,unclean/minibus/218588253.jpg,76f620452a64fd7d579b79569caca239,f8ca25357c36c760
unclean,minibus,unclean/minibus/218589609.jpg,7607f9327f720ab945be87781d8f8af1,da8e7c7129c72938
unclean,minibus,unclean/minibus/218626593.jpg,400b3808b366ce60f32eff98ab057621,ff85a4c2e0191f1e
unclean,minibus,unclean/minibus/218635131.jpg,71f8661d21c14bf0bc9897441d6e4723,c38ffd70b1618263
unclean,minibus,unclean/minibus/218707170.jpg,5c5d21d1c74316d802c496afefd040a2,da9c7d6029c36d38
unclean,minibus,unclean/minibus/218717370.jpg,ad6d57718eb45da1be42ae5cc3b96a0f,cb8d747c30836b6c
unclean,minibus,unclean/minibus/218724931.jpg,35c7b7e81e7ec03eabb7f8c826f685e8,817f2d343a3a15ba
unclean,minibus,unclean/minibus/218742321.jpg,c3df4c660d7178d877846aff92f4fbcf,da0e2d7161c7653c
unclean,minibus,unclean/minibus/218784689.jpg,98e37f3b530bbab1ea09dea75bf23c38,d20c2d7161c76f9c
unclean,minibus,unclean/minibus/218789502.jpg,2c8ed8b9a4230461197f4916e08402ae,c050da6b9c497fc3
unclean,minibus,unclean/minibus/218796380.jpg,27dd943ea11aa613c6d0ba2916b13f67,d2e487ef7cc26830
unclean,minibus,unclean/minibus/218798066.jpg,da6ff867d7fba81918cc1440bccd34a8,def4cf6d68c22038
unclean,minibus,unclean/minibus/218832361.jpg,eee79a97884c5e7de41597b696357dcc,cb9cd870a1a3876e
unclean,minibus,unclean/minibus/218835136.jpg,9858964fbecc0a35438cf4f9ffea4d11,db8dc53434d6389a
unclean,minibus,unclean/minibus/218838942.jpg,70981796b4423278b53809a2c0a263e4,c3882d343cb39779
unclean,minibus,unclean/minibus/218839864.jpg,50ae9163a45e395f3d5203527e9c73d5,8f0d157130c3747f
unclean,minibus,unclean/minibus/218892957.jpg,b11bcfaba8c6193968d6f2484edb766b,da98706127e7c738
unclean,minibus,unclean/minibus/218938634.jpg,f97cc1c05077648738a881eff5b6e410,d77c74619a8268d3
unclean,minibus,unclean/minibus/218943435.jpg,218fba61295b6b8509296d2ab1e200cc,d2a427fd2cc2ec38
unclean,minibus,unclean/minibus/218956706.jpg,afa896640462a11365299a9098a88b9e,e99af0602326cfce
unclean,minibus,unclean/minibus/218982546.jpg,46b7409258984ab24f0ac855e934f764,da9c707021c76f3c
unclean,neysan,unclean/neysan/194960996.jpg,d1a8880d7c0f0e01b6ccca2d1f4ce9fe,bf3834de8a638724
unclean,neysan,unclean/neysan/195132617.jpg,a5cbd416273bf1e479252cfb32a35e38,bab4818fe569943a
unclean,neysan,unclean/neysan/195147641.jpg,e4701858147643e512adad1bb6f92191,e8ecd618ed6531c1
unclean,neysan,unclean/neysan/195148040.jpg,335cfb198dafff6dc7af04ff03c145b3,ebc8fd90903f80e9
unclean,neysan,unclean/neysan/195151211.jpg,557a3d9637e069c9ce0ddb689b4d2dec,a5c1869eda2c9337
unclean,neysan,unclean/neysan/195158727.jpg,8026ea8f987312749c0c0bb4beb79b2e,dab420cf65ca9a74
unclean,neysan,unclean/neysan/195165208.jpg,577617190cc8d1727ca02258877a1dbd,ffc4929bd830c532
unclean,neysan,unclean/neysan/195371292.jpg,05a835bb3260b6990029a426bc75a8c3,a98325c6da38dee4
unclean,neysan,unclean/neysan/195391348.jpg,bfeef9a4f6ce1fa7e3dfcde550379f87,e9752589d3642b65
unclean,neysan,unclean/neysan/195395611.jpg,822539f270cc490a15625ad1e53a0135,f983960d3425cf3a
unclean,neysan,unclean/neysan/195451128.jpg,2bccc39576727c468eb3506c1f161003,fbc330c99634498f
unclean,neysan,unclean/neysan/195478008.jpg,2ab9fee5ba1e1c4de43cf526afc2611c,ebc496cb9834c336
unclean,neysan,unclean/neysan/195575409.jpg,ffa7151aea431b3c040f96a16376b522,b6b4f196783a8269
unclean,neysan,unclean/neysan/195646146.jpg,654c839ed7ef1de0971fd49b98cf33b4,a8e22987963e936d
unclean,neysan,unclean/neysan/195657144.jpg,6bf38affe8a1a1ce604e44c66efbff85,a9af7896712a7ca0
unclean,neysan,unclean/neysan/195718438.jpg,df1173a65b74f7bafe5e21d83c3b97f1,e18ec5d6b9698668
unclean,neysan,unclean/neysan/195728454.jpg,df6b5a745a3f93ab272ab899a8655272,afd1dd8236c3d025
unclean,neysan,unclean/neysan/195895243.jpg,c1fa29d30d5e0c0533034d3565ca0468,ca6820d77dd3921d
unclean,neysan,unclean/neysan/195950402.jpg,c7359341f6851663a8df08034942cfdb,b5c3b9829e2cc29d
unclean,neysan,unclean/neysan/195955288.jpg,5634e2c4ade8139286afaacf9b01504f,a56325c7c7388b8d
unclean,neysan,unclean/neysan/195988970.jpg,1d21db46ebb9ac949484605a7ed8c577,da91b4d33c9b8cc2
unclean,neysan,unclean/neysan/195991462.jpg,145407ea3de09da86772270d8810c2ff,d0732f6992338d8d
unclean,neysan,unclean/neysan/196296699.jpg,bdbdc0bd690e388818e3f262b2224de9,e13e851a279a357a
unclean,neysan,unclean/neysan/196501322.jpg,36475a3a2f6d8d4d1ba028aff48f7c1e,9ec3711b43b8da29
unclean,neysan,unclean/neysan/196541912.jpg,0df67be9bd0b7c2370f3d36a87b4cda8,fac0948f602dcb3e
unclean,neysan,unclean/neysan/196586673.jpg,ea47aec2fe7bba0af201bd12acb281c6,e1c0c09e8f6937b3
unclean,neysan,unclean/neysan/196943968.jpg,33ef923a2addf55ee2191911738e6578,d272a1d2956953cd
unclean,neysan,unclean/neysan/196946016.jpg,45efe776a0304adc55a67888cdc7a8f7,f88596dea33cc960
unclean,neysan,unclean/neysan/196993529.jpg,a6ddecf4258336c5ae4ba99d87747b33,b06b6d7cc6619c92
unclean,neysan,unclean/neysan/197037020.jpg,2dced31d2577f1dffaf7f3b3cf495cd4,f0bc864b8f659a58
unclean,neysan,unclean/neysan/197126230.jpg,1a5faa40a8c03c4b8fbc0c700134d1b4,ad8786df923c9321
unclean,neysan,unclean/neysan/197155144.jpg,03c08a40fb31a1beab605a19624bc86d,9f7c34cb2b92341a
unclean,neysan,unclean/neysan/197223393.jpg,2910cfcd49a2691cb89afe480548ed5d,f43d924b0e39278e
unclean,neysan,unclean/neysan/197237993.jpg,d83f8535b57c1d098f3dc49dd101f7cb,fcc5b48d8a30da2d
unclean,neysan,unclean/neysan/197248545.jpg,967eb1e5a4a2d66787efe4bc51b5b784,f99a2dda86733260
unclean,neysan,unclean/neysan/197253666.jpg,d6e91b9d99345867e8df62cfe07cd6fa,fbc2a4d6c7980d2c
unclean,neysan,unclean/neysan/197255026.jpg,6b3648fac424a6f6931c483b8d65ab6e,b4c50b4b7935c936
unclean,neysan,unclean/neysan/197261582.jpg,5770d1526af9e77dfba8a477f76e2caf,e9b492c33fc0343d
unclean,neysan,unclean/neysan/197308030.jpg,935021fa26071767f8c4111ec9b4a71e,d6ef60c37cf83014
unclean,neysan,unclean/neysan/197319173.jpg,1eea322ffe696b20faad95be93e82007,e18b4f2e34748e39
unclean,neysan,unclean/neysan/197375182.jpg,87ba89cbeffca9482d80b593fe1b4a73,bbc8866193287e97
unclean,neysan,unclean/neysan/197417821.jpg,8a5a629e1800106d0c88a04389aa276c,e2c5ea583c9a9e68
unclean,neysan,unclean/neysan/197527148.jpg,7030f26c724666b36c22b3a112a3dba5,a4cb9a8a706dcb3c
unclean,neysan,unclean/neysan/197629171.jpg,7647b85f84f160554bb19a54bdf7a6a1,fd2ab5d21e947029
unclean,neysan,unclean/neysan/197741309.jpg,8646e50f98a97d887a01c33441de8949,f02b825d922dd63e
unclean,neysan,unclean/neysan/197799946.jpg,76406cb838fd121098685dc25036d743,a4b5acd2d269c3ca
unclean,neysan,unclean/neysan/197844909.jpg,11bf22903591c7d89cf170e042c63787,ebe136c1ca3cc998
unclean,neysan,unclean/neysan/197852665.jpg,7f11b6b8a7845cc01101e2046ebf5c12,cdb334cad22cd334
unclean,neysan,unclean/neysan/198034392.jpg,9b1968f5a225bbe1a208f0a6a0a00ea1,e8a58ed66c98b163
unclean,neysan,unclean/neysan/198180001.jpg,d98d67b9ce5f422dc1363b0be1a8ef91,e9d5c29168b3b86c
unclean,neysan,unclean/neysan/198251219.jpg,9469e674d0efdcf46e921d5f9eb9477d,98da61c76c65e61a
unclean,neysan,unclean/neysan/198284815.jpg,009401ef86da657ef9df3a475042e218,a5e16183b76d7229
unclean,neysan,unclean/neysan/198415918.jpg,4068549245d5cbbaf407259679bb4082,f0db74249a3493b3
unclean,neysan,unclean/neysan/198422649.jpg,03c437b873e4c819dcc6866feb6b770d,e89695c2c369c778
unclean,neysan,unclean/neysan/198488181.jpg,8d3b09ddb054af8b9142a65e1cd8d4af,badac2868692939f
unclean,neysan,unclean/neysan/198504276.jpg,ee6db9085f3ac10164cb248b6edc1bde,88ffecc03bc1c436
unclean,neysan,unclean/neysan/198578327.jpg,a0d5ba2645283e8d74e79422c18ccb7e,fceaa9c26a8ba390
unclean,neysan,unclean/neysan/198830904.jpg,95cb430c3ef369e717d40a19adba1799,a19fda4b8a61959c
unclean,neysan,unclean/neysan/198838713.jpg,6beb7dd7bd7d606efc0c4d4c655c8372,96c22d29688e1bf7
unclean,neysan,unclean/neysan/198879422.jpg,6616ee8d3d3e48d7b4ae4fcb4df8ece4,b06ed79a4839874d
unclean,neysan,unclean/neysan/199036351.jpg,376559707d0914482c8702f52fdac203,ded0833975c19f30
unclean,neysan,unclean/neysan/199318277.jpg,16aa3337232d3f1b05b3300aa17de818,bcf0e387c36d8c28
unclean,neysan,unclean/neysan/199343837.jpg,d803846f3bef8ec5d5866f65f06fddec,fa86364d7034cb9a
unclean,neysan,unclean/neysan/199358904.jpg,58ead140b2bd0c4de4032d53e72d2bf0,c7984f398dc16e25
unclean,neysan,unclean/neysan/199759650.jpg,73070ad9f272d05be832fc44c453469f,fa95a5ca252dd630
unclean,neysan,unclean/neysan/199825627.jpg,86a986f2c6f1c2629d47ed4d82da1000,9ff9799e3801c149
unclean,neysan,unclean/neysan/199998323.jpg,398f92f98748fd41c75a34a536424d93,e1969ecb9e349a30
unclean,neysan,unclean/neysan/200932721.jpg,5c615aa8884bf789b58eb16d77fa5ef0,aab595ca616d946a
unclean,neysan,unclean/neysan/200943051.jpg,e0729d9b9ac72f9608553b9b4188fe3f,a894c6dacd67915c
unclean,neysan,unclean/neysan/201094953.jpg,36182ebd7c48bec262c0eada990e7871,b4c90986126f373f
unclean,neysan,unclean/neysan/201790304.jpg,8fb2649d67da039332c0743200444b05,fdc2bcda2c389216
unclean,neysan,unclean/neysan/201927527.jpg,fcf276bb53c392011357d59d239431a2,d04f2d3d92979c94
unclean,neysan,unclean/neysan/201982839.jpg,1622e8a221c87fc07c3f545dac591b8e,a1859ede9830cb67
unclean,neysan,unclean/neysan/202019896.jpg,e7aa10b95f6e0ae9e5fd2e89a4286cf4,b8d643c88d659c67
unclean,neysan,unclean/neysan/202045297.jpg,8fbccbeb324991cc4d5981710a9e695b,b4d0c78fda618636
unclean,neysan,unclean/neysan/202667629.jpg,288dbcb7cf5ecb2a4eb9d6f2be2318b6,e8e586cf2c8a343e
unclean,neysan,unclean/neysan/202766710.jpg,6cf9a6316ef893cb56f15ae2b2698969,b4cb868f9220cfc7
unclean,neysan,unclean/neysan/202856843.jpg,13dfa45925cf38e63aab7b9089bdd76e,8fe074873dc6618b
unclean,neysan,unclean/neysan/202875871.jpg,9489490672c25b30f1c61f7d96f9157d,b1c78b9e9a20c733
unclean,neysan,unclean/neysan/204002318.jpg,0131244b912d08510eb0e83e294d1d5f,b8e10e9a28dec66d
unclean,neysan,unclean/neysan/204210347.jpg,15f6aec5456a51efcbab043e94718769,eab4955a96619672
unclean,neysan,unclean/neysan/204725649.jpg,6d8a95df355510c3a083def915ecb944,fcf2619a9261ce8c
unclean,neysan,unclean/neysan/205272178.jpg,e44c6be2b43bbd0d39bbc0e6449a31de,e8a587da9d299871
unclean,neysan,unclean/neysan/205317833.jpg,2efbed97b11e57cdea1fc6fb23d47bcf,da3025a80dcfc6cf
unclean,neysan,unclean/neysan/205573319.jpg,82055320e9af5e55b95467d60ce7a22e,b9d9e5c23462c716
unclean,neysan,unclean/neysan/205893783.jpg,af5b0900c9bd262485799545e9e37b7f,b4c58b74079ae98e
unclean,neysan,unclean/neysan/205952169.jpg,c00ce143b3900c5a5518272bd57d9145,8b03f313df2ccc31
unclean,neysan,unclean/neysan/205997164.jpg,22d575792aedc579ec94181c3c7e00b7,bfe17cc330909e98
unclean,neysan,unclean/neysan/206019581.jpg,bd2e79ef083fa4b1cab1bef5d2d974fc,cf8fdc106863a34d
unclean,neysan,unclean/neysan/206081296.jpg,085817f592dca9010473b57d269f8282,f8b58ad224bc316b
unclean,neysan,unclean/neysan/206133475.jpg,53336fc5ba716637972ca89d79e6c91a,f9c2358f9a38cb21
unclean,neysan,unclean/neysan/206134330.jpg,54b74ae74fa24824fe2e12d4632f16da,f2add6cb2494728a
unclean,neysan,unclean/neysan/206171093.jpg,0bf8208393415e9c0636a4cd0cd88c35,bdc0c28fd06d8f34
unclean,neysan,unclean/neysan/206203349.jpg,db8fe7ed8241c972f6ee07b650a1c786,cbcb6834659e3964
unclean,neysan,unclean/neysan/206216604.jpg,a3f4e5493b2b719cfe099f5ae78f5343,ca9d25d3696992d8
unclean,neysan,unclean/neysan/206278229.jpg,22a9db3e11dac716b1e23a21dbd6f47f,dc18eb1c8c6d985b
unclean,neysan,unclean/neysan/206292031.jpg,8c7c98429089896402f11a646a1a89ec,9fc1609f7934c668
unclean,neysan,unclean/neysan/206357127.jpg,9d012a3b1406826c15ea1f42e2e0e6d8,b6d2618fd26ccb21
unclean,neysan,unclean/neysan/206608462.jpg,902b5d5120a7e9f7b78899b62df3a99b,8fecf9873030cb86
unclean,neysan,unclean/neysan/206612809.jpg,2d15bacfa6a7b24977344328e5bc91d7,e935b6da96209963
unclean,neysan,unclean/neysan/206728042.jpg,92ce3d3288e56dd76b8513f306ed20c2,bce3619c61cc8e63
unclean,neysan,unclean/neysan/206990805.jpg,cfdf977f2103aedcee842d245b3cf017,9e4be12ba91ed262
unclean,neysan,unclean/neysan/207142000.jpg,5c26e8266d9e7026bfdd9255d45ebeb0,c9f462cb3ccb2638
unclean,neysan,unclean/neysan/207145836.jpg,988d5391de7bd1a2a48ea3fd2cf5b7d8,e990334bce25999b
unclean,neysan,unclean/neysan/207163688.jpg,6113df83579d3b7f48940460bb022b0f,98e3649e63986795
unclean,neysan,unclean/neysan/207200870.jpg,ef237abb6aeef783c6ec9e48bbe46e04,92e9299e63879279
unclean,neysan,unclean/neysan/207216359.jpg,10d99dca6c1d06511e5526e8bb854f82,feb4308a65ec9361
unclean,neysan,unclean/neysan/207677276.jpg,397b97f562e0771a2f65fd690e672d52,e235639e67649a29
unclean,neysan,unclean/neysan/207684145.jpg,76112e59482c39a97d32096c58783041,cba4deca34cb7031
unclean,neysan,unclean/neysan/207696354.jpg,e56f50e886e42d41ef6c736674f6c2d2,a1a7b48f346cd370
unclean,neysan,unclean/neysan/207742359.jpg,b423613d405c49c7adfd098e52fe865f,a8fe839238c19b67
unclean,neysan,unclean/neysan/207748261.jpg,1de0512a027b7786567f66dcb6469792,bc75a2997986638c
unclean,neysan,unclean/neysan/207767728.jpg,d9893b06faa255b4eee775120b32e1ae,9ee1619e6139ce62
unclean,neysan,unclean/neysan/207785775.jpg,97712a8e3cd26259bc3e09941cb2357a,e1b69ecb8830c3d3
unclean,neysan,unclean/neysan/207786156.jpg,2e327c0c479dea5434947d0255ad94ac,d4688f0e18a778b7
unclean,neysan,unclean/neysan/207850008.jpg,7b3290402a6aaacd9d33facf4444370e,a5da8f8e7881962d
unclean,neysan,unclean/neysan/207857872.jpg,a32760542f5aeaa937dbb2d4adc217fc,de7e31c868879398
unclean,neysan,unclean/neysan/208025714.jpg,fd4c10e60a4cbfd00622eb4ede10e621,bdf08f8f688b3430
unclean,neysan,unclean/neysan/208036477.jpg,d49807acef223a2b2b73d60b0023efc9,fcb4629ad9698661
unclean,neysan,unclean/neysan/208096370.jpg,ca2c23a01713a4bcacdf9a0deb0f58f1,cbb420c335cbbe61
unclean,neysan,unclean/neysan/208131330.jpg,49c8c1dd29a7b0d6eb5a9312747ea481,dfe08f9e70c132d0
unclean,neysan,unclean/neysan/208197304.jpg,695225bda6b0b770c202dd1ba73bafc1,ac709b9d689d61cc
unclean,neysan,unclean/neysan/208228643.jpg,e0ab2e2a07cd199d9facc34db2d86f7c,d6c08f077cc91e71
unclean,neysan,unclean/neysan/208280084.jpg,f2acf14bb98849671330fe2b271e343f,9ce8699e33618e2d
unclean,neysan,unclean/neysan/208285763.jpg,8f8324ea289e795206eb910da117393e,f9c086c9123fcf32
unclean,neysan,unclean/neysan/208331769.jpg,9e10d4657cb016c17b36e2cb180325cc,a186cb936d9e9a64
unclean,neysan,unclean/neysan/208386363.jpg,d2d251ad47859a374bebc2bf97431c0a,f0b0dace47629a2b
unclean,neysan,unclean/neysan/208475226.jpg,c41b3393f86fb94bb393543c73ea68a4,a6e1df8e98748b30
unclean,neysan,unclean/neysan/208592216.jpg,e3a61d37432f8a4f522c9c8cd828c27e,bce08f9e61cf9221
unclean,neysan,unclean/neysan/208678784.jpg,cf49052e48313d3ba1c0120db5908b07,e598cabc343a9e31
unclean,neysan,unclean/neysan/208758342.jpg,3890d3b70d397998120071fca4f36aee,c12fbc1679598669
unclean,neysan,unclean/neysan/208758405.jpg,f32bd2757ef24663b86a8d3bf2dedeac,a8754a46652b9f9a
unclean,neysan,unclean/neysan/209172997.jpg,9ca92d619a3d92ff71b94f89cb313642,d27d09822c79b679
unclean,neysan,unclean/neysan/209320911.jpg,3d0257d2bd5197fc6eccf5afa6413db3,d057ef40c34de037
unclean,neysan,unclean/neysan/209693167.jpg,26c4f2c940e8c8a5d90f7871e907c329,d576be19e61a80a6
unclean,neysan,unclean/neysan/209766482.jpg,12dd7a404ca71aff0fae8f6fdac2d395,d57e9e01e61ea162
unclean,neysan,unclean/neysan/209943473.jpg,c3d4992da1eb449a1bdce0d04baf1649,80ac7fd0783b31b9
unclean,neysan,unclean/neysan/210404279.jpg,cead828b634baf5f6f9244e37f8d0522,f1c307cec734ca86
unclean,neysan,unclean/neysan/210603202.jpg,02733558554469d1b05fd2a384999286,d8b34718c96d9cc6
unclean,neysan,unclean/neysan/210682674.jpg,4a731e6a7cf1725c14e52df95d88ef40,c2ad34d66192da6d
unclean,neysan,unclean/neysan/210735083.jpg,59f562dc8f95913279d1ec619ab4dbdd,9478d98f694d6638
unclean,neysan,unclean/neysan/211040523.jpg,d6baad28688b1bfc8efa1e273da171ce,96de790b71614f24
unclean,neysan,unclean/neysan/211341025.jpg,c703d73f88deaad22a30d77e2ebf4b13,c3b49c5b8d659a52
unclean,neysan,unclean/neysan/211683675.jpg,da65987b1ce28905f4e57c36ec73f1d4,dab43ccad268c791
unclean,neysan,unclean/neysan/211921402.jpg,8f1d4eae0f5635adad8a16f98669bf47,a572f869c12f2762
unclean,neysan,unclean/neysan/211960009.jpg,f31f4f948855bd761f61b67bdd0732b3,903bbf20c83f990f
unclean,neysan,unclean/neysan/211979013.jpg,ad8acf2dee2c5786ad87751d87602602,957e4ac53ac8a55a
unclean,neysan,unclean/neysan/212001729.jpg,edd844ac768fa810a883bfc786414aa0,d01f885d857aa07f
unclean,neysan,unclean/neysan/212029693.jpg,b1ab965ebd3fadc6855ee85fcc8ad4e5,bc2fad14a30db03b
unclean,neysan,unclean/neysan/212131849.jpg,dcf99c4456f073e3a0dfde6a3255d299,d02da950af4db22f
unclean,neysan,unclean/neysan/212188576.jpg,0fb4c0a4e8dc5ee56750189da0138438,9439e916e61c96e9
unclean,neysan,unclean/neysan/212344272.jpg,fd96ed315256970b7b46e2ece09606b8,cbb4a94b6498b467
unclean,neysan,unclean/neysan/212359578.jpg,bf9c5fe07446cc452edd3fbc4c1a531e,d2a329d781638bda
unclean,neysan,unclean/neysan/212400936.jpg,9a632e0cbf71a06ed5ed595c0f8f2b6c,f40b8b74b30bf0b2
unclean,neysan,unclean/neysan/212468834.jpg,35c154830ce7624c5f18cf973c693464,b6dc898b7d612c64
unclean,neysan,unclean/neysan/212486564.jpg,04fc921cf8c1f9826d6bc3f33b184392,f421a95483696f9b
unclean,neysan,unclean/neysan/212557753.jpg,166707d22e9dd0d3f35670d11336ded0,add2e8c0f479eb80
unclean,neysan,unclean/neysan/212670484.jpg,e08417fdd1a11a1e192d0adf943fda09,d43f8f40ab4ce02f
unclean,neysan,unclean/neysan/212933941.jpg,c1c4cff7205c76145b1fa6cefda44d15,878f7887ca78309d
unclean,neysan,unclean/neysan/212946567.jpg,c11423973e178fbe6cf880c97b645eca,d75fac438538ca68
unclean,neysan,unclean/neysan/213349964.jpg,36984a4d00df0f70282076451e6bd18d,c05beb40db49c0bf
unclean,neysan,unclean/neysan/213453392.jpg,943d9b9bef1819128a1a7607d43afdea,d43eab50b749e036
unclean,neysan,unclean/neysan/213477815.jpg,9a418dbaad2ecea635e8cb58f8be57d9,c050fe47c27a953e
unclean,neysan,unclean/neysan/213543287.jpg,be35f3267fcb1c4cdf9e07a6c744e000,ad3fef0b903868c8
unclean,neysan,unclean/neysan/213563450.jpg,57921bc75c49507098cd7f48c2e655ce,d875aac23523e2ce
unclean,neysan,unclean/neysan/213596552.jpg,e5406e88f85e612717e6364a2f91c44b,da6bad428b09d1ad
unclean,neysan,unclean/neysan/213632816.jpg,387e98a504ce5645a249c30e6ac24b3f,9ddc8a7aa3545586
unclean,neysan,unclean/neysan/213693780.jpg,ff938df4f3fa7503427904d59fc98225,d03f8b50bf49b00f
unclean,neysan,unclean/neysan/214033035.jpg,73ef3af1f80386af7803228f9a54e2f9,9668a9479e6d616a
unclean,neysan,unclean/neysan/214297729.jpg,f3776027fd46606da21775330495619f,d779a915b421d61a
unclean,neysan,unclean/neysan/214500693.jpg,05420b2ad6aad09eb2f5c3a03c86481b,fa7ab814872de09a
unclean,neysan,unclean/neysan/214538220.jpg,a49385de593859e4cb11d20f22b65422,f38799d2c33db030
unclean,neysan,unclean/neysan/214814000.jpg,5ad954242e8e526ee15943b6f75177c4,c548c841e279b77e
unclean,neysan,unclean/neysan/214838660.jpg,882c39e66debfa69e60d1f7016851846,cb34affe7cc030c0
unclean,neysan,unclean/neysan/214844236.jpg,ef3cab770c805c85aa9b94f05499e0ee,a625d4d26866d6da
unclean,neysan,unclean/neysan/214846176.jpg,ebdcb56e4566a67a353421a56a96974a,857afa51c37aa470
unclean,neysan,unclean/neysan/215022451.jpg,47c802cce45c32eb34d7576c4149cbe4,b73efc40c26ce0c6
unclean,neysan,unclean/neysan/215107013.jpg,eb8c0110faa4931aa49786f963c1d39f,b5f069c1833d617a
unclean,neysan,unclean/neysan/215109203.jpg,12fa71b21053762af8bddb29d2488810,f169a9788561e366
unclean,neysan,unclean/neysan/215575111.jpg,b35291aa52420997325fd0b53334adb0,bffe34c1923c9284
unclean,neysan,unclean/neysan/215583918.jpg,a39cf614971b18c33ee910f5afe25c3b,d2b129d43969d3ca
unclean,neysan,unclean/neysan/215616328.jpg,968c45300e1594e092cc679c2a6160f8,8165fd129a3d832f
unclean,neysan,unclean/neysan/215714541.jpg,6762e415e39ac84922696fccdde62273,fa626a63c7689646
unclean,neysan,unclean/neysan/215717560.jpg,87ec9a75ec2e4f7f5a5cfdef7f655050,87fe7c83c020f27a
unclean,neysan,unclean/neysan/215720225.jpg,c6cdc9fa308f3c7dd28a17e6a39ce082,f029ad548778bc8b
unclean,neysan,unclean/neysan/215733811.jpg,d5e12bfb5c337f9b0b5069d2e86a9ee6,a9e11bc58d7a465a
unclean,neysan,unclean/neysan/215755752.jpg,bbc7d0302c54dce0dc4ba7662a246a93,b57ee801d23cee14
unclean,neysan,unclean/neysan/215836175.jpg,4613992120c768c1e4dd076253623cac,8309fc52c32dc79d
unclean,neysan,unclean/neysan/215857042.jpg,f6f14eac53fdbf384969d08efb18848d,f8abad14c565b426
unclean,neysan,unclean/neysan/215896255.jpg,ffc55da2346f6d76bd1427f787ac2a69,f5d5809f8578907a
unclean,neysan,unclean/neysan/215904549.jpg,02bdba3b35649fc86d891dc73f23142a,aa62a507c36d6aea
unclean,neysan,unclean/neysan/216001977.jpg,8d0f95ff0da10cd9c302835e543ff14d,816ffa14851a957e
unclean,neysan,unclean/neysan/216044833.jpg,700dcdb33e4a9f685e441d3666044a47,bdd28a86c36d6163
unclean,neysan,unclean/neysan/216105326.jpg,9cc1601052252c44867b062b91b09337,f47c898166d9e51c
unclean,neysan,unclean/neysan/216129042.jpg,957cdd51535977095e57e3f6cb5dcdde,d07baa7e846b6262
unclean,neysan,unclean/neysan/216156094.jpg,57c5cfbb6dc1ea78dcd7614fdec2dffc,d050b0129b79bb9f
unclean,neysan,unclean/neysan/216335667.jpg,3c4d321e8b25b3cfc7a0304153b09ac8,c7ba2d9438c7316a
unclean,neysan,unclean/neysan/216417392.jpg,9172a2dec57b0dc32fdd61bc66d76edc,fa3e3c12c23d9315
unclean,neysan,unclean/neysan/216425162.jpg,a5e068977ee7430c3de75323a71a0d1d,902feb50f60fd0f0
unclean,neysan,unclean/neysan/216525289.jpg,7d456eb0272e3177572ec18869f84bef,c406a717876a6aeb
unclean,neysan,unclean/neysan/216534642.jpg,f69cb83b221e36659cf90a6acbb9b5fa,d78b3c7c64922936
unclean,neysan,unclean/neysan/216606189.jpg,97c8e133218270478ce9c577b647dbda,ca258fde7cc89c30
unclean,neysan,unclean/neysan/216625212.jpg,ef4e93e26b553e4c0b65a7d574c93a71,9074be1e9638b53c
unclean,neysan,unclean/neysan/216646205.jpg,16c701f6e90ddfdb24ac5eec08747ce4,d6ca78917ac2c578
unclean,neysan,unclean/neysan/216755768.jpg,b43261a736b2dc448235b3fa214761c9,d1d2e9853537b268
unclean,neysan,unclean/neysan/216798672.jpg,75bef1dab3a868bb837bc107a6316895,c47faf40d258243f
unclean,neysan,unclean/neysan/216996756.jpg,1dd2ce021430c4db28d38b5d05c37f43,b532d9812ec9b47c
unclean,neysan,unclean/neysan/217028894.jpg,e11217bbb4096825f1c4dd5d08e0a651,d238bd15f03d97c0
unclean,neysan,unclean/neysan/217063632.jpg,1fd16fcb1de9c06b3926a2f32cb018a6,ad34f441c33c971e
unclean,neysan,unclean/neysan/217090683.jpg,17141c11b1fe38d16cda95a1b6a18a8d,9468976c6b36c9a6
unclean,neysan,unclean/neysan/217136863.jpg,5f070e4bacf8aade9586aea33c4a0a30,d21fb9529369c272
unclean,neysan,unclean/neysan/217231423.jpg,3df4ab4bfbe0b4e27dda982c6671e665,953ffb10ca19b24c
unclean,neysan,unclean/neysan/217352815.jpg,19bcbc6ab427393f92ca518bf2f8c85e,f8a82dd6c32c9ccc
unclean,neysan,unclean/neysan/217427995.jpg,70bfc7068f9a7394223dbf735b17e184,f820b153cb3c931f
unclean,neysan,unclean/neysan/217434868.jpg,5f249dd311869b79163814224badb859,b0d09093db69cb37
unclean,neysan,unclean/neysan/217554061.jpg,8588a958d40c136f63d056a470e9f386,a52edb40ba4de03e
unclean,neysan,unclean/neysan/217698430.jpg,5593f039d8c60fe9cc9e40506543888f,e983961c863d8d73
unclean,neysan,unclean/neysan/217784730.jpg,8c3984ec0b1c0d74bbe1e1435caeef6e,c22aad05955f853f
unclean,neysan,unclean/neysan/217844142.jpg,823f1b42faf344348394d53a39fcf295,87887c9348dc8f79
unclean,neysan,unclean/neysan/217889120.jpg,c68cda3752b6c91611d514036f8769a6,d0863e946969cbcb
unclean,neysan,unclean/neysan/217964355.jpg,923c4dd7222d1896d81547ec0e189894,d359895987788bca
unclean,neysan,unclean/neysan/217990722.jpg,fd8b6ccd938134376a2b64fbb8368096,da79b9508566e361
unclean,neysan,unclean/neysan/218042482.jpg,2da45091b7d838c9d1c2aff516a2f3c9,b53e9a41be58a11e
unclean,neysan,unclean/neysan/218120114.jpg,3ee5ad378d1fe6dd228ebca57a689d1c,8745f447e878867c
unclean,neysan,unclean/neysan/218155360.jpg,e07544f79497beafa40f2ccc6efe5f03,d52b54c768976863
unclean,neysan,unclean/neysan/218169177.jpg,ae06a850fb5049df5426ee9fce18df69,a17ffe48c916f012
unclean,neysan,unclean/neysan/218251629.jpg,bdb4d899d8f5df97a62f6c407754ffb8,da3fad14942555a3
unclean,neysan,unclean/neysan/218352401.jpg,fdd53b91cc7120b14398f1461341ca36,a0c16dc0c37fcb17
unclean,neysan,unclean/neysan/218353100.jpg,d1ac64939368534b11f5156018be0048,d555ad448d1af22b
unclean,neysan,unclean/neysan/218377226.jpg,a77c06f5095e9e1c494be6b09d28dc37,fa2f81c27ae02f92
unclean,neysan,unclean/neysan/218565025.jpg,dd873bd4be0e8655e1a25ebb3f6eb788,c0e8bfc4c0968eaf
unclean,neysan,unclean/neysan/218575779.jpg,e8b6ea4818034650dede7e86bb4c21bc,ac7cfc01c324f2d3
unclean,neysan,unclean/neysan/218587266.jpg,e18ec41b92467b3caefa7cdfb2328e6f,b08dc86f35da6925
unclean,neysan,unclean/neysan/218594379.jpg,788a9af7c4fe5ebf87fa258a4dec630b,804bbf19da3ea135
unclean,neysan,unclean/neysan/218618891.jpg,0744cb45fba44fae9cd0df36ea18844a,add1d0d28b2d353c
unclean,neysan,unclean/neysan/218624569.jpg,aedc4c7ef9cde4203337c80a2c2660b2,98333f993239313d
unclean,neysan,unclean/neysan/218706383.jpg,08a5b6152c66fb89c2f85dda7fe0cd5e,c092afd1d279953c
unclean,neysan,unclean/neysan/218706427.jpg,71638fd05feb8d643d5464772b1f9ec4,fc2d9f54c22a3985
unclean,neysan,unclean/neysan/218706597.jpg,91d9aa1e7d860cb2dcd03361c222922d,f905da57c17cab04
unclean,neysan,unclean/neysan/218743756.jpg,709d6e82c15c38f95d1a064958ebff66,ab3fa8248569c37a
unclean,neysan,unclean/neysan/218847866.jpg,c16a7311631f29d5ee651a84ba1f0988,c04acbd13f38f24b
unclean,neysan,unclean/neysan/218870355.jpg,324552e399c509d6d94bf5dc4f5b2af4,f2a3a39696612765
unclean,neysan,unclean/neysan/218873530.jpg,004917af7ae7d09002dbfffac2894e1c,d53aaa168e3ab323
unclean,neysan,unclean/neysan/218879297.jpg,9c09e9168abd4c16eb27e2118110a268,f43fab508b4ca06b
unclean,neysan,unclean/neysan/218970336.jpg,e9a5766063114d522744ed4d3a190f75,f2b8cfcf65849031
unclean,neysan,unclean/neysan/218981053.jpg,5b12ae770d0f8b955d08747b2a9646c6,f4b32ab694743474
unclean,neysan,unclean/neysan/218981637.jpg,7a3c2ae87bc90b7f2ef88450168d6b41,d0802d9bc62d7a7b
unclean,neysan,unclean/neysan/219016956.jpg,7be9298d27b56ca5f74f2e0fcffd3a4c,d43e3a916a58e35a
unclean,neysan,unclean/neysan/219111121.jpg,581915c2fb3a1be3ebceb71a7824367b,df8597982cbc0c3a
unclean,neysan,unclean/neysan/219117401.jpg,9d3d7dafb05264273ba483c2e2998444,fd1fb8a01ee05e18
unclean,savari,unclean/savari/194293170.jpg,77fd9c8b86ea38faabf1e566370f9e99,dbac2cd224678ed8
unclean,savari,unclean/savari/195433974.jpg,640e9049505dcdc54c5c9d46b1925d19,c97d28937438a36d
unclean,savari,unclean/savari/195552420.jpg,f7cae31003ba93c6c540c47f48910aac,bfc1c41fd234c12d
unclean,savari,unclean/savari/195724812.jpg,12ad08fb787bceb839b4d7b0a237f273,8b8b34c37324cb9e
unclean,savari,unclean/savari/195800847.jpg,0e096af84647c74400edb813cb8f17d3,cb382dc334cb9b98
unclean,savari,unclean/savari/195877097.jpg,ff43f53e684d8de280942b4f11b1d1a4,876a7897617125ce
unclean,savari,unclean/savari/195946835.jpg,c6762ecc79809d4d539613626f01dcc1,8acb699663399e49
unclean,savari,unclean/savari/197061032.jpg,84f4de13e2b912704d3024f01840a6f0,cdce799222389e8b
unclean,savari,unclean/savari/197570674.jpg,834f47dc37f16fbfc0a8d0d406460806,bccb34cb3224cf8c
unclean,savari,unclean/savari/197726987.jpg,3c60cd51465466f371dca09f2aaf847c,d26d37da303c834d
unclean,savari,unclean/savari/197940827.jpg,11348b34a8b1b613f9c34bf9bd6e837d,daa5259a7161cace
unclean,savari,unclean/savari/198043112.jpg,6da68db2605885da8f52820cc9126ba6,e8ca892dd79c9692
unclean,savari,unclean/savari/198098595.jpg,64d976505d6c0d83e95065c569caad3c,cecd699e23309ec8
unclean,savari,unclean/savari/198102291.jpg,39df422902cd57f25e705fb04c78e8a9,87a9788723399cce
unclean,savari,unclean/savari/198114661.jpg,31168e8d465f7a3a2539bb9d8667bd3b,ddda6cc2f031c386
unclean,savari,unclean/savari/198373557.jpg,ebbbe5b8e9dec00d6abdead636979e33,ac96c38d673c329c
unclean,savari,unclean/savari/198464048.jpg,832c2c53048670d63a89a000176ddeac,9f786ce731868c98
unclean,savari,unclean/savari/198468980.jpg,265dba3dd5bf017e6b233873960855d7,8edc68969761989e
unclean,savari,unclean/savari/198480913.jpg,4d1549b76f8480583cdee7a32f3ba55c,c2bd6c9a3374c296
unclean,savari,unclean/savari/198541116.jpg,183f84f07a705c92d8bc57c54bf401e8,9e61f882611fcacd
unclean,savari,unclean/savari/198640972.jpg,c180a8e20da95a994bde1d4dac358728,b5cb9a06b863c32d
unclean,savari,unclean/savari/199250608.jpg,ab5b8de9e8fcb660800820c4b4018f27,e38c5e1a2331c7cb
unclean,savari,unclean/savari/199291703.jpg,6c67000f7bfb788082007217c7824203,bfc0608fd230c99f
unclean,savari,unclean/savari/199652334.jpg,af4cb334e59e4b8148a875d765bcb019,dae8699632719e89
unclean,savari,unclean/savari/199825671.jpg,abc9def6becbef34e942d37e9c4cb6e7,bcd8c18f3678928d
unclean,savari,unclean/savari/199838206.jpg,ab17c56bae969ec798610cee96892392,96d869c367658a9a
unclean,savari,unclean/savari/199907289.jpg,cf4fe45081849454daa9bda6689b90b9,8ab195da63691cad
unclean,savari,unclean/savari/200499854.jpg,5659e69abf8df35d7aa2d4a0affeadad,96c869c36465c79e
unclean,savari,unclean/savari/200806002.jpg,21c4d058030ba6ff4084cae2ce192eff,ede1833fce200cd3
unclean,savari,unclean/savari/200931514.jpg,ebde05bf99b3729ddc85eaf9b621e494,e89c6b9e33208ece
unclean,savari,unclean/savari/201454407.jpg,b339aeb61b17e158e35c9b7f7a7dfc93,9221cf96699e316d
unclean,savari,unclean/savari/201705208.jpg,d87d3425645802a5831a096ecbc29d2d,bcda418e613c965b
unclean,savari,unclean/savari/201795618.jpg,d5f4529e567740daf326af0338452d71,bfc0688fd034c39e
unclean,savari,unclean/savari/201795933.jpg,b6880ed1929abf951cd37ccb152d5232,bdc0058fd234cd9e
unclean,savari,unclean/savari/202162130.jpg,0caf52e61ab90246f865f1e55a34ab9e,a8a38bce319eb1cc
unclean,savari,unclean/savari/202172611.jpg,a1cde706906a155cfc8418c5ebb8e5c4,a89e83c9956d9674
unclean,savari,unclean/savari/202545543.jpg,ea8741782fc520bf7a0cba4cee58e053,8ee57492619acb8d
unclean,savari,unclean/savari/203013904.jpg,17ce44874f456b37f8e9f71c3f573440,8ee1619e73309ccd
unclean,savari,unclean/savari/203405391.jpg,41028edda68970e457786230fa2d7d98,9ac5619be630c769
unclean,savari,unclean/savari/205048854.jpg,64e6af3681c741929d7ce8e2a3c72c74,c7896c9eb231c4ce
unclean,savari,unclean/savari/205160387.jpg,455d5b921f5bc95729367d44ca5209f2,b45bcb8e29ac9619
unclean,savari,unclean/savari/205317151.jpg,82f0c94015819c28261b17af69fe1b6e,bcc3c29ec2649f8a
unclean,savari,unclean/savari/205576507.jpg,edd097dbe24c8b11b272ae974b23da0b,cb7c34c33224cf9c
unclean,savari,unclean/savari/205668577.jpg,47496433cce13c5ae02ef1dacc934091,da802dc3346dcb9e
unclean,savari,unclean/savari/205754454.jpg,79b87d916da5dd4ecbca6859e1673a3f,8bcd3cc763309378
unclean,savari,unclean/savari/205865817.jpg,b82bcac9b675e68a40ff46ded30746d4,ce896c9a33619ace
unclean,savari,unclean/savari/206138343.jpg,5bedcbce2136ca2d9f6797f0d7b76037,cabc3dc22469939d
unclean,savari,unclean/savari/206190231.jpg,7d4ff5fe3815bddcfb79c99b354ac03a,96a51d96633cccca
unclean,savari,unclean/savari/206276702.jpg,761895e8a48c57bf2f92029978882307,bcc3609e79386639
unclean,savari,unclean/savari/206277240.jpg,3475d4eb3fd0cf2eb470c9d72aa7d10c,9ce7619c6394639c
unclean,savari,unclean/savari/206416762.jpg,89b252bdde005d47a257c238c38a8df2,c73d2a9230a7ceca
unclean,savari,unclean/savari/206644295.jpg,4952302b92a5b807875ba8c645ef6def,8ec5719a36619cce
unclean,savari,unclean/savari/206793149.jpg,7b52921d9d8bb993011defb18828aed8,9e69e89661349a9b
unclean,savari,unclean/savari/206883575.jpg,70497d7b333611761cfab3717a0a0226,8ed47b9371948c4d
unclean,savari,unclean/savari/207151442.jpg,9bf29ae5bf365c9b0c071a277b684a01,9e6938963196cecc
unclean,savari,unclean/savari/207298239.jpg,753cde974dd3750880c55a2fbab534b8,9ecd619e96318c8e
unclean,savari,unclean/savari/207764744.jpg,9bf99628b441256616cb0dfa7114e2da,9e693c96739cc889
unclean,savari,unclean/savari/207785205.jpg,672a1c226713c997dca65656305a414c,9cc9651ad666c89e
unclean,savari,unclean/savari/207835536.jpg,e41afc25c8aa1613908fbfc56c29fc02,9ec9612d92719ace
unclean,savari,unclean/savari/207938297.jpg,6e0925ac24abd0eb6cd122831a24ffc9,9f78e807e734ca18
unclean,savari,unclean/savari/208215002.jpg,f00b4646db99e6cdb2c3363aadf79209,9ec96996633198cd
unclean,savari,unclean/savari/208418093.jpg,5c716a199274074621acdd932a57b776,9c8fe118ef239c4c
unclean,savari,unclean/savari/208507398.jpg,30b244f89d155e1f93b9689671f3c1b4,cb9d699a3220cece
unclean,savari,unclean/savari/208741036.jpg,8dd0466138f037c41d70c29ffebec1b1,f8d946236c65b998
unclean,savari,unclean/savari/208835631.jpg,ed65868b3decbf3c1430d298d89a3cfa,c2ed2c9e3371d88c
unclean,savari,unclean/savari/208896884.jpg,d88c23a1f705eb14d8efa428860fbe88,bca6c39d9661988e
unclean,savari,unclean/savari/209019732.jpg,f59d45fca3acddd70288525ea544491c,9fc8608f6331dacc
unclean,savari,unclean/savari/209038770.jpg,f7e64cc9fbdd5d4f6ade3dcde480ba5f,8c87719866a9cc9f
unclean,savari,unclean/savari/209155552.jpg,efc5bc35184e7c16bf910454f2246bba,946b749e63389c4b
unclean,savari,unclean/savari/209165603.jpg,99ec21908069a4bb01fa76333e1ab129,cead389a33619cc9
unclean,savari,unclean/savari/209430101.jpg,5ae07fd8a1d8842f4beb9081af5e565a,9ee17127a9966499
unclean,savari,unclean/savari/209434334.jpg,774548e485c6356c52a8b2476b8a8093,c99434cb6734cb9a
unclean,savari,unclean/savari/209449668.jpg,6a3ac4548834781f7e3acf4740e624c2,aaa6a9cbb63d9230
unclean,savari,unclean/savari/209690806.jpg,b767451a249769c78e5b2dba85f931ef,872df803e93c8679
unclean,savari,unclean/savari/209718955.jpg,abdadca171f921814865e985d2b7a0f6,8042e761d23f3fb2
unclean,savari,unclean/savari/210000938.jpg,d8abfa987d5f33ebf207b51840235bd3,9731b894a56a6a6e
unclean,savari,unclean/savari/210043852.jpg,aa20cde2a1cc21947b4d0f6875b18ac0,832dfd12b0389bcb
unclean,savari,unclean/savari/210205517.jpg,e4ef2800876f57c1ec36b11edac02e6c,d66938966163c6d9
unclean,savari,unclean/savari/210273275.jpg,bc8732d78ad2912edb731f007cf93a0f,8ee1789e7130cec9
unclean,savari,unclean/savari/210380464.jpg,71e2598f1d6c85f2688d8223c1ecad17,cbbc3ccb7264898a
unclean,savari,unclean/savari/210494128.jpg,0bf2a2cfb5949cdfa8e80589e2883357,9ee9619e633188ce
unclean,savari,unclean/savari/210514855.jpg,5952be0dbc37d2b238fc20da9c8f94ce,963c78c7616987d8
unclean,savari,unclean/savari/210570601.jpg,35ad32df29065f8a2d9838743b917cd8,fcc2699e67209a8e
unclean,savari,unclean/savari/210591541.jpg,b224663e746225c40c6fc6a98f9a4d20,cf692c923166c6ce
unclean,savari,unclean/savari/210680167.jpg,f92433d82c1a07a2e27cb0eb034f4e51,8e69d6337099ce49
unclean,savari,unclean/savari/210708482.jpg,b30b4f7772558e1bdc6d3282e8d3582d,d8c68996659b6699
unclean,savari,unclean/savari/210824968.jpg,d6a2f4d9c8cabb2a9005c2df6a4068db,9679989669798669
unclean,savari,unclean/savari/210866108.jpg,93f7238f647b9d8c033dc9f185b18244,faa5805267a1ddd8
unclean,savari,unclean/savari/210955415.jpg,e5184afa851adeff7d8713a3450f09ba,cabd30d262259f9a
unclean,savari,unclean/savari/211101941.jpg,924188637d174bcf7363003576c06915,9ee1e89cc231dcca
unclean,savari,unclean/savari/211317276.jpg,918591eb47268336d91aa9e36fd6627e,c28738d6673cc719
unclean,savari,unclean/savari/211342364.jpg,db2a242176b0e53b710c1dbf0e94904e,c46b1d967398964b
unclean,savari,unclean/savari/211383068.jpg,89075443618055a036594cebfc71fa50,c992904bd236eccf
unclean,savari,unclean/savari/211490232.jpg,cef111a4c9127cb1e2e4f5f26cdaf3d0,9e29699732799649
unclean,savari,unclean/savari/211607090.jpg,d95e9c7d133b93ce2fedf4de8b522ad5,80db7dc29a3d3790
unclean,savari,unclean/savari/211858432.jpg,54c713078f1d3a736d280994efa92750,87df6c81b03ccec2
unclean,savari,unclean/savari/211872752.jpg,7f861a167420fcfa0c940abd45dbbc7d,c0ed2fc2b03e3627
unclean,savari,unclean/savari/211934537.jpg,988769f8e6d3b96629c592630b3374b3,82e97d92303dd5c3
unclean,savari,unclean/savari/212125069.jpg,d9be66e2f47451de4481c2029507d66e,cf7f3cd27064c308
unclean,savari,unclean/savari/212213154.jpg,28f237a5304c6015d4851b7b1456154c,82ed3f92388fc364
unclean,savari,unclean/savari/212245343.jpg,634263df83c49b0603bff68b3b825428,cb4d3d17d2389a52
unclean,savari,unclean/savari/212277145.jpg,358947baddfe165bdc36bd23e008e8a7,9a18b852c76d63c7
unclean,savari,unclean/savari/212357584.jpg,0b37fa02f9965b94b2ce2d166fd0b02b,81c96f83f43c36b2
unclean,savari,unclean/savari/212557751.jpg,8a097fc211d9b5181a68ac2174533b1a,d721289e6569d635
unclean,savari,unclean/savari/212740634.jpg,ef8f5cc07fc15e6f8c1bde44b9bcd85e,c0646f80f23fb713
unclean,savari,unclean/savari/212763648.jpg,850cb466651acf42f87355577fb7e908,c24dafc39c3e34b0
unclean,savari,unclean/savari/213161227.jpg,8f85150bc4d5e0d5ede364eb783ed235,8f4dfc17e230b053
unclean,savari,unclean/savari/213269293.jpg,0fc4f96d9993a7fa616adb3028664caf,af57da2ac028eb43
unclean,savari,unclean/savari/213387241.jpg,477afc7a8a47c51059572fdbf7fc44f4,d73ca813ec35c32c
unclean,savari,unclean/savari/213558533.jpg,addd67eb3b19b56f88449d9cf9a23358,cb3c3dcb32646463
unclean,savari,unclean/savari/213701981.jpg,89024ab0c621e0f0c5b457b569863edc,da21a546b93bd2cc
unclean,savari,unclean/savari/214318978.jpg,887dccfdabe228536a8d87d92325ba0f,9738da07f906e619
unclean,savari,unclean/savari/214344756.jpg,70f2c234fb929b1500c893588acee938,97f0f21087656766
unclean,savari,unclean/savari/214593501.jpg,bb149039c3993ab409239fd1ee09c047,923dc9d22d6173cc
unclean,savari,unclean/savari/214619124.jpg,4a886d900fe1d5f0413c61f67e05b9d3,d66929962d699749
unclean,savari,unclean/savari/214631845.jpg,6a5f8821feb21e4b45ba8cff8216f96c,b532ca29b1f50dc3
unclean,savari,unclean/savari/214643894.jpg,c40c5f5d6433b29550057efff0549df0,f00f8e528379a5c7
unclean,savari,unclean/savari/214692016.jpg,959110af065ad58cf918a5095f67e14e,c0ed2fc3723c3436
unclean,savari,unclean/savari/214697912.jpg,8901cf73483f49769421ad2ced743d50,c0dd7f823a3fc1c0
unclean,savari,unclean/savari/214729380.jpg,751203ddb68b09cc471c86656efbc28b,9b3c98523561e747
unclean,savari,unclean/savari/214737191.jpg,2008586ded5496aaf4866872b0a2a079,d040af43c23e7caf
unclean,savari,unclean/savari/214764331.jpg,32b72e2284b9eee04cccc9e88ea3bb19,c26d6c92393f92cc
unclean,savari,unclean/savari/214818268.jpg,bb7f98217bef30de7237de3251474924,82effd80d03cbc13
unclean,savari,unclean/savari/214832756.jpg,4aa17b0fa9868fab223853d8d37e269c,82ed7f82303d19cb
unclean,savari,unclean/savari/214835469.jpg,6d47e6b7ea883abee1b62b5a75cf0cf1,ae90c57b3c65d20d
unclean,savari,unclean/savari/214848779.jpg,8a9d26f0c112c597d0b079f9ea5910e2,ed9c78c26365989c
unclean,savari,unclean/savari/215119324.jpg,a9af7b0d0e04ec750421bfb7af1d7927,af37924ae10dc738
unclean,savari,unclean/savari/215184231.jpg,9737d34ec88c25db681a7a9024598778,d66939966139c6c9
unclean,savari,unclean/savari/215537143.jpg,694b3a9835108be5cee458edfe2ed394,d469ad07e83cb638
unclean,savari,unclean/savari/215575196.jpg,a5368de13c96a7e0c70d10de08773359,875ee901f03cd3c3
unclean,savari,unclean/savari/215723061.jpg,f3e3ccd3f9add2694918cd0f96e7742a,a554de32d26dc19a
unclean,savari,unclean/savari/215792985.jpg,c2ace7c50a71fbf2fac67cf42ddc4db8,9ee971872130dacd
unclean,savari,unclean/savari/215797978.jpg,57aa5ffac62f87c589aa824b001c3811,fdc0c26b903db296
unclean,savari,unclean/savari/215808755.jpg,30b65f8a763c5ff65d7f3d49110a8936,da78e14265659e9a
unclean,savari,unclean/savari/215847437.jpg,31862a06246b90a3a67e72ee3c65050b,eb37a450dc3ec321
unclean,savari,unclean/savari/215899289.jpg,c47cda1cb4ad07fd81d79f2146116116,d179ed41c0cd43b5
unclean,savari,unclean/savari/215925240.jpg,8abbaf5a565b56db65b9d4dc8557baea,c069ed44f23cb636
unclean,savari,unclean/savari/215933473.jpg,bfb017b51ebbbc7b8e76815c8de2f845,c6293c967196c9ce
unclean,savari,unclean/savari/215951198.jpg,831d144ca8a1c4a3579d33fe1800a9de,d22cad43b87834ee
unclean,savari,unclean/savari/215996726.jpg,1a0f7b67db42c25ffc5070c4ad162fa8,b570d805c739d2f2
unclean,savari,unclean/savari/216014638.jpg,5710412c3ad52421a77cfd0829e92bc6,b897b89ce7618296
unclean,savari,unclean/savari/216019296.jpg,1196fa07d1f9704d2e34098d2f74f803,c2f503d23fc1c07e
unclean,savari,unclean/savari/216079172.jpg,05697a3b712ab45d07b6dfc40407e098,94615b9e61d99669
unclean,savari,unclean/savari/216079866.jpg,59d52351de885095c2b33955d1d08d3b,83ad7d92703c8bc3
unclean,savari,unclean/savari/216080208.jpg,da5ddf9d687387d89654c45212217fc9,874d7d963238b28b
unclean,savari,unclean/savari/216138705.jpg,3dfbaee2d150b24f63c8bde8969d5a00,9efd69876438928a
unclean,savari,unclean/savari/216246147.jpg,0082f9b4410b870c0ccbfe454d1f0566,96c9689f63723272
unclean,savari,unclean/savari/216331636.jpg,f632f938775f627b751353a3124c93eb,f0ad2f96723825b4
unclean,savari,unclean/savari/216348327.jpg,45c384d664ef6edab921818be35c5c14,b53cd817b8498778
unclean,savari,unclean/savari/216370669.jpg,080eadf8976b65212849ea0ba179e78f,9ecd619ab2619c8e
unclean,savari,unclean/savari/216428705.jpg,a6539cc44c2bc4c77474224f6d67b7f9,c0cd6f82303d96cf
unclean,savari,unclean/savari/216442459.jpg,e55d6214b885c5a03e87541d680cd17b,e226b7539a2d8335
unclean,savari,unclean/savari/216539715.jpg,2b638aff519ee26472de592ee9bb78e5,a571fe14d21b9361
unclean,savari,unclean/savari/216565316.jpg,c9f36848d2c6853411086466a7c508bd,d52d2dc2783d3638
unclean,savari,unclean/savari/216570081.jpg,460819cb8ad6fc25b88974ecc23ec965,c02dafc2b43cf343
unclean,savari,unclean/savari/216574742.jpg,5aec2009d58562b49cc037eb3fb641ae,d83da540b63f9436
unclean,savari,unclean/savari/216585140.jpg,338085f90e6e92174e179538daedc306,c2e2a5d1fa3f91c0
unclean,savari,unclean/savari/216586565.jpg,0afaf9fd0927ae3565fbf060c0c077d1,9ee164aa150ed99e
unclean,savari,unclean/savari/216624665.jpg,cfcb46cb95cbbbbdbdfabd0faee7cc8f,8e85719e33619cce
unclean,savari,unclean/savari/216634139.jpg,144edd2bb03dc784c4d0eb0250b3cef3,870dfe16d8396165
unclean,savari,unclean/savari/216657566.jpg,208c12fecf18e087236395873f04ddf3,c06d2dc0b93eb62b
unclean,savari,unclean/savari/216661534.jpg,e0a237689039652fa836fe97019de94b,8338edc33d3792c8
unclean,savari,unclean/savari/216679332.jpg,7246f66c066f83e25b83c1e07d3b6d6c,c24ced0790383f9f
unclean,savari,unclean/savari/216704359.jpg,838f83feda9831b24900ad6e26b95b72,9cce619696619e8e
unclean,savari,unclean/savari/216707659.jpg,5afab1452e9cca683cd18160bce0d89f,86e13c9e6368986f
unclean,savari,unclean/savari/216729257.jpg,dfee9bf934b3a2c3c75fc2ed08eb1c38,d63ce852a46dc356
unclean,savari,unclean/savari/216733797.jpg,e080db4db37f55f9d2c53d69979e16b5,c67d83326996c9c6
unclean,savari,unclean/savari/216751233.jpg,99d883c8214fef45d3d1f381172f2c79,b9c3698666699b98
unclean,savari,unclean/savari/216757355.jpg,9fc46e4bfb78091e31c13778ad1f530a,8967af4fd22d9098
unclean,savari,unclean/savari/216802984.jpg,ebad161059bff2a0b44bec3ef5cd3636,d76de943b034b21a
unclean,savari,unclean/savari/216824152.jpg,47ea1c8e03fa9f1e381698799ebc23ca,cb3825c33677c24e
unclean,savari,unclean/savari/216856504.jpg,ab71d28e371cc237691f8ad0b14ffb2f,b57ae8a4f61b890c
unclean,savari,unclean/savari/216860877.jpg,406b28b103aa69617ba90bed52c03862,fc788000a91ff7ec
unclean,savari,unclean/savari/216902320.jpg,bb74ff4c522cbba95647f2540fe43705,f2fd8dc0bc34148b
unclean,savari,unclean/savari/216915296.jpg,13f62624116584aba9de8df338f3a52c,d56e8d43ea3c9238
unclean,savari,unclean/savari/216956677.jpg,29f7d99e53e348088a2a5d4ad761278c,8721f056bc5cd770
unclean,savari,unclean/savari/216973782.jpg,3a034e3d893035962c2f893f33880c30,bc3a9246aa0baf39
unclean,savari,unclean/savari/217001814.jpg,633a0e8bcb21b3472a16ee317743ed8d,aa97b88467628f9c
unclean,savari,unclean/savari/217011281.jpg,5178c145b7e50e6e7a708e0a0263f38e,ce29389e6331cec9
unclean,savari,unclean/savari/217040826.jpg,11c308bcb5876093b4f3d1848965d95e,c26daf47c1494cec
unclean,savari,unclean/savari/217108489.jpg,4d336b5ab9f8426b5e0fd7eb6ab09c7c,c06f2dc2383db29d
unclean,savari,unclean/savari/217174516.jpg,9b543fd5323b0ef42e8677471cd60335,9748e807f139c74e
unclean,savari,unclean/savari/217243561.jpg,ea9a7711c855ac3dca0a73eafb947df9,fc488067c175e799
unclean,savari,unclean/savari/217248973.jpg,9e08dece069cd5c0ee2e9dd39d281c37,ef48cd0fc24a8f1a
unclean,savari,unclean/savari/217249647.jpg,3feea99df28602858bc307d5aba6b30d,8750fa8b61398ecd
unclean,savari,unclean/savari/217279795.jpg,4a840548d794a6b86e53db5d74e72b5a,decc31c686719699
unclean,savari,unclean/savari/217283312.jpg,7841ebade67c215ee0fbef03ac584c50,d02d6d933e3d82cc
unclean,savari,unclean/savari/217304565.jpg,7c193acd9031c95986cb088c277675d6,c3c67c0b903dd7c2
unclean,savari,unclean/savari/217339387.jpg,fb19fcb4bf1a2653ea1a98448e23d716,804eef40c03f3f3e
unclean,savari,unclean/savari/217368312.jpg,2afe4fed17310a7bfbb167f86ff4393d,c049ef07d03db636
unclean,savari,unclean/savari/217377465.jpg,544e9e206eb210e60cfbd48f54681c58,97786a8769929a69
unclean,savari,unclean/savari/217378404.jpg,3a066b0a6a3bb9fa1b90398115767bed,c224bd1bb230bbda
unclean,savari,unclean/savari/217384414.jpg,de2325fe9e091f1196ea6f48ba041e4c,dec54a9f703034b6
unclean,savari,unclean/savari/217393464.jpg,a03fcac5447cec937cc14b815f66a5ae,9538f812c56de365
unclean,savari,unclean/savari/217408734.jpg,491e1999173f2f2b314d68d7d716adcc,c12d2f83703c375b
unclean,savari,unclean/savari/217430133.jpg,14d335a395b13763cebabb1febca1fba,833f3cd23034d3cb
unclean,savari,unclean/savari/217448062.jpg,7aea4a59120cc5a3b1bbef582e6e8427,d229aed761ce8c61
unclean,savari,unclean/savari/217486577.jpg,cd4cd259bfa60a17b9713e011a24a78c,ade0da0f6115c778
unclean,savari,unclean/savari/217504043.jpg,997def7433e2fe62e9629ec6d9ea6f1a,8f58e803d231ff92
unclean,savari,unclean/savari/217510361.jpg,34cb11e14e728b7f925a89f114873fba,8706fc23d03cb3dc
unclean,savari,unclean/savari/217516553.jpg,b822a9e0ca60218249ed6825fc8a2fa1,a7d1308d8e6a62cf
unclean,savari,unclean/savari/217522146.jpg,5c0248b5db023c3c29a293e479979b8e,dbd024cb3224cfcb
unclean,savari,unclean/savari/217561081.jpg,98f5bb8edadd3afabbd800fcd6dbf140,ce299e633186d9c6
unclean,savari,unclean/savari/217567603.jpg,05b96fc6e5648a354a4e856f25708d74,f09f494a2fc1c53c
unclean,savari,unclean/savari/217596839.jpg,0593de8153b319abe424586932925d4a,804ded41c4667ebe
unclean,savari,unclean/savari/217648709.jpg,58a68299832016f4ca367bb1c0a2fc78,96c9618f93706c9e
unclean,savari,unclean/savari/217678723.jpg,0f5382bac40b5a2e4f4c9fc63d1284e6,db87a548d83c9e83
unclean,savari,unclean/savari/217699390.jpg,732c0ac5d40dcd3d79764b6f4ad6db72,dabc2cd230658eda
unclean,savari,unclean/savari/217709880.jpg,202fffaa5f6b43259506a453d4c6026d,827debc07c3f30c2
unclean,savari,unclean/savari/217737227.jpg,f28a01a0236d35ff8c90167752c64343,d26898976998b769
unclean,savari,unclean/savari/217746881.jpg,64a1354aa8731b8a80991117c8d018c1,c2c43dd2303e9b9b
unclean,savari,unclean/savari/217768353.jpg,f39cd43442ef5e5f62edb49c8aca8618,d43d8952bd49923d
unclean,savari,unclean/savari/217841511.jpg,481bd478641cb1addc9422eec7cdc1f5,845ba453a56a56e7
unclean,savari,unclean/savari/217937778.jpg,c58a1ae15d17c1a5c88d365c3ea67ee0,8749ed17d23c3692
unclean,savari,unclean/savari/217945404.jpg,5ec7a2c2d7e107710327c0e072e1e76b,c21f3fd2a52da560
unclean,savari,unclean/savari/218003673.jpg,6ac14b993f811a9f4ae498799db82462,c049af17863cbc76
unclean,savari,unclean/savari/218141985.jpg,1f2e91ddd472576519d803aaa204d1d5,cabc3cca76609a8d
unclean,savari,unclean/savari/218159810.jpg,f19a771a5566dc290f5b892467be9133,c7aa2fc7383134d8
unclean,savari,unclean/savari/218166407.jpg,3d6e653b58a48dbe8506f65c9a64f777,874efd00b03c9fc3
unclean,savari,unclean/savari/218198627.jpg,4e6ce95804326c9a8fd6212eec6f99f0,d23dad42e82dd23c
unclean,savari,unclean/savari/218202038.jpg,4c94fcb5df8f9602c8503326216ec835,94639f9c6398646b
unclean,savari,unclean/savari/218223019.jpg,45a904ecf29dbbde1f3b9636c825844f,967869c7656d9298
unclean,savari,unclean/savari/218252931.jpg,beefc418566138b00fccb6b00fd16cf3,811dfe12971e7878
unclean,savari,unclean/savari/218298842.jpg,338f9394a71385b84e00cd7262871909,d61cbc52f129e127
unclean,savari,unclean/savari/218304819.jpg,fcb32933e08a4f83d07e7aeea5a15b59,96183ad4656b669d
unclean,savari,unclean/savari/218307784.jpg,948ea19458c2dbddde4c25244fa34623,c26465c2df3f9438
unclean,savari,unclean/savari/218310441.jpg,6722da31e5109713090f291d9611b92f,b77eda01c120d2fc
unclean,savari,unclean/savari/218311049.jpg,3ab12602b70b3fa346431ee4064ebb9e,eab595ca306e622d
unclean,savari,unclean/savari/218315298.jpg,9851991766f88be145495ebeaeef8ab0,d20f3fd2a52ce065
unclean,savari,unclean/savari/218315557.jpg,f904795d0d77d25da79e4d353cbed0e5,c007ab4bc71e6ccb
unclean,savari,unclean/savari/218327694.jpg,fee9f592b455a33237265e661bf5171f,9431e95ee4699f18
unclean,savari,unclean/savari/218355363.jpg,46c7f1098c30910dd785fed2f4427472,96299b9669967899
unclean,savari,unclean/savari/218372965.jpg,a6dc404b1d624ee7eac0f9aee8db11bd,97cdfc07b230d093
unclean,savari,unclean/savari/218467171.jpg,49f77d8f74cf91cccf0dafb7a0497251,a1ce931dbb6ae184
unclean,savari,unclean/savari/218594536.jpg,a165805ca05b8d15e38ea10d95b72b40,d3a92cd225699b59
unclean,savari,unclean/savari/218644350.jpg,ebd3bb6b3b285a34d07f5368ec7f7cda,d2993cd2272de165
unclean,savari,unclean/savari/218689207.jpg,b6a38928dd89d32d55c346c1cf1603f8,a7d6c8c2383f83c9
unclean,savari,unclean/savari/218693364.jpg,927ed935bac4bc74c15191adae38af7d,c354fc5ad03c9f03
unclean,savari,unclean/savari/218713286.jpg,48e5dcb34da8bf72d9e209c4f7e37523,d24dadcb853534b4
unclean,savari,unclean/savari/218722193.jpg,d6f5059873046049b22ac82f5c024c4b,f8cee72194619995
unclean,savari,unclean/savari/218734546.jpg,d979882960823c59a9f40a6268aabfd5,c064ae83f43f9ac5
unclean,savari,unclean/savari/218743709.jpg,af03970c08171aa7b5a7b847f0ceba05,d01f807f8469c27f
unclean,savari,unclean/savari/218819463.jpg,f5684c7984b1ef6de2a4d42da0bea9a2,87d27dcb3a2982c9
unclean,savari,unclean/savari/218822178.jpg,4e4bdf20fde9cc6d95c0dd0d566af77d,ecdf30ca643cc338
unclean,savari,unclean/savari/218944137.jpg,0163c53208c917d40e1e4bbd1db0eef0,8769a80fb930a6dd
unclean,savari,unclean/savari/218954447.jpg,7b193b76c9d53aaf2891a96545987cf4,c66cbc163230dbcb
unclean,savari,unclean/savari/218985685.jpg,730c3088e1cbb2673d71fdadc0275bc6,f8ab87d4965a9066
unclean,savari,unclean/savari/218989944.jpg,31298501987bed143e26f2be25f40fe9,9fe978866330da8c
unclean,savari,unclean/savari/219006680.jpg,f2150e8362b8cf3a18e16de554bff657,c25e2dd2b83d6165
unclean,savari,unclean/savari/219008456.jpg,c1d73d66a647129196675c31e17ce595,8a6d2d9e33318ccd
unclean,taxi,unclean/taxi/195950678.jpg,97d616f78157614e5e4acc9b7489eb3c,ea8535d2376c8f18
unclean,taxi,unclean/taxi/196935725.jpg,064c77ae10ec7f3d95798161808a45cc,da9934c33325cb9c
unclean,taxi,unclean/taxi/197011132.jpg,f375997fe48245c5d3d98d00b0f1165d,9e4de11ea7219a8e
unclean,taxi,unclean/taxi/197838399.jpg,ce9d08cda617c02bb197a47b298da673,87e1d8976235329b
unclean,taxi,unclean/taxi/197862478.jpg,bc1cfccb038ab32e2be93fc58d173a13,bff8fc07c330c882
unclean,taxi,unclean/taxi/198088855.jpg,7d438fad1b5d6239355732080a3134f4,83d5789731709ec9
unclean,taxi,unclean/taxi/198126746.jpg,8ffccd6b0284163b70a5c5836f47a9bd,8fc43887b3689bc6
unclean,taxi,unclean/taxi/198214415.jpg,05abe6ebd99c6520356b33bc6dfc6e6f,d88538c334c7cb3d
unclean,taxi,unclean/taxi/198241462.jpg,6210a82c153d13f1a1ed83d391606228,e9c934cdc334c999
unclean,taxi,unclean/taxi/198359281.jpg,5ad78de729d35b53e574409c50e0728f,9ffd60c263318acc
unclean,taxi,unclean/taxi/198686634.jpg,a884d0004467ddafa3c6f33308fcb7cd,ce89699e96619c8e
unclean,taxi,unclean/taxi/198784132.jpg,c5fdb4d5cca442be37ac239ea04c47a5,83ad3dd63170d68c
unclean,taxi,unclean/taxi/199096740.jpg,738e89b240e8e5e632fa3334323efd2f,bf68c0c33664cb9a
unclean,taxi,unclean/taxi/199209656.jpg,105038ed17532628ce593e79c2100111,dabc8cc26563ce38
unclean,taxi,unclean/taxi/199494864.jpg,be1747818a1406f3411b6f83e7c35015,bfc06cc73033c4cd
unclean,taxi,unclean/taxi/199661592.jpg,823020f52cf730d7449144c2fda88fed,8ee0f987258ed869
unclean,taxi,unclean/taxi/199704344.jpg,4fe88809ec291c475b383a7d87c08ce2,9c89619667719ecc
unclean,taxi,unclean/taxi/199796114.jpg,ee4185a22d6babcaf6193d6a549ac970,cbb478c334c6cc39
unclean,taxi,unclean/taxi/199975006.jpg,3aaa9bef25d87bc97073da56f7033ca5,dbd864c3313cce1c
unclean,taxi,unclean/taxi/199993681.jpg,f0c131859c2dd6d719244d226c47c175,9d8c611697799cc6
unclean,taxi,unclean/taxi/200016494.jpg,e4b088386305e2d4c3a41962ed36b7cd,9cd57986c630dc9a
unclean,taxi,unclean/taxi/200088909.jpg,28a7ab04e972f427089288a43115e306,bfc03c8fe234c383
unclean,taxi,unclean/taxi/200264885.jpg,8a5f52e117d16ce25ba5d8bc3d0c470a,cec92c9632319bce
unclean,taxi,unclean/taxi/211642643.jpg,a8dd7fdfc5b36d5b98344066b4520028,8778f817e124a5f8
unclean,taxi,unclean/taxi/211808559.jpg,e85c63183e3b5a20362d13050a33c483,d0c32bcb81cb8b2f
unclean,taxi,unclean/taxi/211861167.jpg,3299d80f80ba78d2686fcaa338a2be8e,8728fc07f23994d9
unclean,taxi,unclean/taxi/211928111.jpg,76153fb1e6be7df1a8416e7abc27e06a,d69e3854c761a1c7
unclean,taxi,unclean/taxi/212015814.jpg,6afb02984ea74f061d0e1cef3c211a6b,c52f6bc03e4ba03e
unclean,taxi,unclean/taxi/212080463.jpg,47c829bc8db64795850e51ae49741b37,d57eba44ea1825b8
unclean,taxi,unclean/taxi/212197580.jpg,23223f4190a1d5eeae182a7bc91b2fa9,d76ecd478a09b0e8
unclean,taxi,unclean/taxi/212216436.jpg,97a8888f619f9f41848be723383be985,c2a62ddabb3d94c0
unclean,taxi,unclean/taxi/212338658.jpg,0096895feb79a614fd6f1ddc96e5d74f,8349ed8df03c9713
unclean,taxi,unclean/taxi/212492667.jpg,d64a515e6325c81d0deed145e87ecdd9,857ff097843a626a
unclean,taxi,unclean/taxi/212512475.jpg,1add79df496515f6e738b8f8b26759e6,d71aba5a943561e1
unclean,taxi,unclean/taxi/212556511.jpg,001598f67d5613e3967092bbc7877e0a,a9f83d9b3f00c03d
unclean,taxi,unclean/taxi/212584711.jpg,bb1f1d27eb8cc269fd057113ee61b9f1,83fc3e93340fc329
unclean,taxi,unclean/taxi/212746503.jpg,032d369314e1941a87f392181526b3cc,d58a78956768c695
unclean,taxi,unclean/taxi/212778844.jpg,5ca17f26aae62ca3a6bcaa44ffb9b6c5,8343ef0fc165d9d0
unclean,taxi,unclean/taxi/213011071.jpg,a3e27175b5e2de775c7b5596f6caaca7,970de816a6791ce6
unclean,taxi,unclean/taxi/213192920.jpg,9fb73b07de6e237f401afa046086a380,c244ad5a923f3793
unclean,taxi,unclean/taxi/213293394.jpg,e298f801e3d10c509cf382cee8e5bcfd,d042ab49c0ef6fa6
unclean,taxi,unclean/taxi/213424798.jpg,ce700dbb5c2d8970364d084aa863591d,ca4daf83b13c9545
unclean,taxi,unclean/taxi/213492354.jpg,3e052446fc95952b922162e9b592896e,ca64a542da3f3ab4
unclean,taxi,unclean/taxi/213603022.jpg,75cbc4f8c45c19a674ae453ed0ab7bc9,97f8f806c530e51e
unclean,taxi,unclean/taxi/213723238.jpg,3308fd212bb9f401ec9585e68f01b909,c065af43903c37bb
unclean,taxi,unclean/taxi/213771064.jpg,4d31440ee91b0d34da0d3e8b8541dea4,946abe95ea3ca168
unclean,taxi,unclean/taxi/214281537.jpg,468945f1ebd36a2e3bff4e3bd3b5aaaa,9719f8128579b1e3
unclean,taxi,unclean/taxi/214350776.jpg,c4c30ae688ff92b1c1ed6016c5ad5163,cf9434d333608dce
unclean,taxi,unclean/taxi/214415281.jpg,5fa19d14e343fb6b71c17d6c4315f285,c22dbd42d43cf236
unclean,taxi,unclean/taxi/214429642.jpg,f2fa8852b94c882a612b70bf6b10967a,c0a52dc0ba3f3733
unclean,taxi,unclean/taxi/214543438.jpg,e56645f01c137119b3502cb0c015fef5,ca9c3dc2346d6167
unclean,taxi,unclean/taxi/214640530.jpg,9473f488ce24cee885863330984cebb6,ef94708767639498
unclean,taxi,unclean/taxi/214685953.jpg,17e335ecc722698610d9468b4ac8729c,d7a9aad6216a9694
unclean,taxi,unclean/taxi/214713078.jpg,1e8e07cac33c04b42fdeb3893c4983e5,c12daf43b83ca674
unclean,taxi,unclean/taxi/214761981.jpg,396d2c4b9bb35dc419a99761238a8700,c6699c9679964b86
unclean,taxi,unclean/taxi/214791515.jpg,980f1019d3b96cceb8f4b785352c1f25,959168c76768c6ce
unclean,taxi,unclean/taxi/214811342.jpg,fe3eb9a050c357a3564ec336debcc808,9ff8e887e038e223
unclean,taxi,unclean/taxi/214842341.jpg,8fbed92ce20fb12f85aedca8662a461b,9758f816e16125e7
unclean,taxi,unclean/taxi/215049694.jpg,c6ee80c0dc9fbe6fe4004a17d7ecd7c1,c7c96a8760f8f1b0
unclean,taxi,unclean/taxi/215062575.jpg,dcc326e6672b26f973ef7ecffbf36fb7,ce398f327186cd86
unclean,taxi,unclean/taxi/215089910.jpg,bc6a69c7b9e46071c64a59b12c47d5f8,80ed6dc2683d95e3
unclean,taxi,unclean/taxi/215096099.jpg,9a8d29e69d113d7c39b3ed9831dff407,c040f543da3f2f9a
unclean,taxi,unclean/taxi/215162820.jpg,c7f28dbde5375899bb1c230b98e2c298,8557ff41c0682cfc
unclean,taxi,unclean/taxi/215179571.jpg,ba0778385145dd12222102aab57d4601,8fdd68873070c78e
unclean,taxi,unclean/taxi/215184166.jpg,7a01a08e18c5cbcc6f59fa2636897322,c02dadc2d23cbd36
unclean,taxi,unclean/taxi/215503531.jpg,64b906942cbbb1af61a3785e394f1d06,d27ded40c543363c
unclean,taxi,unclean/taxi/215558511.jpg,6b38d1e349dcec75aff7278b975d5b06,cf81699633709ec9
unclean,taxi,unclean/taxi/215575671.jpg,2dc4dd995073023116e9496e8a1a1c9e,9b2ae887f569e105
unclean,taxi,unclean/taxi/215578060.jpg,a634d7ecd1d9f1939678ea4d148b9b88,cb3c8cd2708b8dcd
unclean,taxi,unclean/taxi/215591038.jpg,1d7d99f3b13cf85e12d09545aff08be0,804fef41c02d2dfe
unclean,taxi,unclean/taxi/215608527.jpg,1a169775381cdd976718886bb488dcf1,d15baf40c9c960af
unclean,taxi,unclean/taxi/215610691.jpg,9450dbf32be395140e60c2373d077ab8,d56aba15ca18a5ea
unclean,taxi,unclean/taxi/215647683.jpg,436a4cfa917484cb4beaf50a6b48dbb1,943e1ec32d61636d
unclean,taxi,unclean/taxi/215689485.jpg,6390ada1b843c13efaafe7a1f2acd4eb,857ea05c857d61e3
unclean,taxi,unclean/taxi/215701889.jpg,ee4e00c3b53e86e1f806766bd690e63e,b5da48c83a3ccacd
unclean,taxi,unclean/taxi/215712033.jpg,3c95d9f9d09f3271e8dffc4883686a77,c2bcadc0983f9783
unclean,taxi,unclean/taxi/215729322.jpg,744053feb714825d1b3fe8cca82f02fa,f0ae2dd0923d3792
unclean,taxi,unclean/taxi/215730723.jpg,b6228bc3435eaea46455aa6a6ec63ac3,d67aa917856da162
unclean,taxi,unclean/taxi/215733952.jpg,1af31e964c7cad9be2bb5700df3536b6,8236ffc2b83bb320
unclean,taxi,unclean/taxi/215802930.jpg,9fe1a079f20edcb81c83c04792e7524b,937ab896c625e165
unclean,taxi,unclean/taxi/215818747.jpg,25e8a5b4d4ed42b3ba85574227d444c6,d6f9ca713d830c23
unclean,taxi,unclean/taxi/215840117.jpg,b82c5c64cc5af91527ac0ed5bfd76077,e39c46938c659a9e
unclean,taxi,unclean/taxi/215891348.jpg,61e4fb943988cd1b635b965a04472660,8274ff0bb83c98d1
unclean,taxi,unclean/taxi/215905052.jpg,12dd6b8353b5d0e3719511395f630ddb,8bbc34cbc36489ce
unclean,taxi,unclean/taxi/215928273.jpg,d70f44e36a075d8ec003670e11e0b0c6,a88197de877e8370
unclean,taxi,unclean/taxi/215970135.jpg,c71870620071dde4c9c381dc0b120cef,c7cb6a95f038a5b0
unclean,taxi,unclean/taxi/215998371.jpg,b0d077cc1a2ec9452b0d9e53b06a6793,c39d3cd36030cfcc
unclean,taxi,unclean/taxi/216008159.jpg,b4a2b39b19e396463320004f396d864f,a2d87fb8818fe270
unclean,taxi,unclean/taxi/216029720.jpg,907f506560004fa84fa27070a947abcc,c245ed41c07d36be
unclean,taxi,unclean/taxi/216041867.jpg,6c69d254d0c0ec2094a109b8ec2a5b54,854fef4fc038ec30
unclean,taxi,unclean/taxi/216047371.jpg,746695f8cf6a2ea28484aa76141167c4,87e8699730387673
unclean,taxi,unclean/taxi/216052387.jpg,87e0bd3e1e419c08f335762c591fc13f,9fd06996637096ca
unclean,taxi,unclean/taxi/216070972.jpg,a86f085bb88dc7a140c28d131b58a6fe,8028ff03c03fbd3d
unclean,taxi,unclean/taxi/216079256.jpg,3608276a65e22e6c9d0c7232355cca7d,9638d33361d619cb
unclean,taxi,unclean/taxi/216098185.jpg,345f225259c89d9a4f88fe6abbf12ef5,d0bc29c0d2afa5ae
unclean,taxi,unclean/taxi/216110847.jpg,8fa16026ad031fd3af8c416330281151,832afe97c1793161
unclean,taxi,unclean/taxi/216125287.jpg,3dd9eb5e00a4873e16acdf80c3d71a60,8a16ed4b966cc387
unclean,taxi,unclean/taxi/216140407.jpg,0f2e6046d78a7f2a96a3870882afb539,fb812c966139876d
unclean,taxi,unclean/taxi/216177990.jpg,8b9b8a7052b4b0b37bb73d9511b8b253,bfca64c1343c938b
unclean,taxi,unclean/taxi/216207428.jpg,3e8ce722c83062ff10c3b7b503152881,87cbe809b03c9f87
unclean,taxi,unclean/taxi/216241992.jpg,6c9abac913926d9b7edcae58e32d9846,c769bd12b23cb252
unclean,taxi,unclean/taxi/216266678.jpg,92c6abfccc027c23ba59c167e243d588,c32ded42ba38b23a
unclean,taxi,unclean/taxi/216369226.jpg,03e0c796111e4782717767bf9762a040,c77838866936c799
unclean,taxi,unclean/taxi/216373691.jpg,171201a3b84d064db4efe192edf8e4de,f41cad43d23a36e1
unclean,taxi,unclean/taxi/216389622.jpg,6aff72cf6d7f4b6034d588bb6c4afe31,87d1709e6f6228b5
unclean,taxi,unclean/taxi/216432563.jpg,a9f0ca9c618011ef2bf4aedfb581f80a,c8ec25d23b3f1c19
unclean,taxi,unclean/taxi/216445018.jpg,53a865939ecf81b794d82da57d2ee57f,c074ef09fa3dc544
unclean,taxi,unclean/taxi/216456703.jpg,b07db04e6b5cb647f6d52a421c20c120,97b97095aa6a626a
unclean,taxi,unclean/taxi/216527052.jpg,b94685867fc6f060c3a556c0ff2263b1,ca24b542db3f1ab4
unclean,taxi,unclean/taxi/216554605.jpg,25b21667544ba359598618a78e9aebec,d29e3894c76165c7
unclean,taxi,unclean/taxi/216557002.jpg,efab1fed8caff5dc07970303bb647ae0,f0845f9f323ce2c1
unclean,taxi,unclean/taxi/216587626.jpg,26f46af7557b4a040242d312e5d40540,c06cef42b83f33a1
unclean,taxi,unclean/taxi/216597558.jpg,3c61cdd8e5305f90bcd8fbfb745222ba,d219af52853de127
unclean,taxi,unclean/taxi/216601542.jpg,aace4bfb19441343fe21992a216be828,c22dad53b0789b8b
unclean,taxi,unclean/taxi/216608752.jpg,ee901c50c8254fe50410fe0f480097bc,f08d65d2223cc7da
unclean,taxi,unclean/taxi/216611461.jpg,708212a2664ed6f2e6662c0911ea900b,c7382dda306165e7
unclean,taxi,unclean/taxi/216617210.jpg,c86e43dd3f7380671f35d26087d2f3a8,cab435cb7264ce8c
unclean,taxi,unclean/taxi/216629797.jpg,33e23204b652116011cfc842fbbeacc3,87da7a9191786565
unclean,taxi,unclean/taxi/216646720.jpg,faa68d3ed55d079ea47a8fe38d255ead,d71eaa1695696165
unclean,taxi,unclean/taxi/216675429.jpg,ef99c315f1bed155f280880a066b7e4f,de9aa817c769a246
unclean,taxi,unclean/taxi/216684150.jpg,5464371f68cc85b32ba487e1d4fab9ee,9fc930da63319a8e
unclean,taxi,unclean/taxi/216746933.jpg,298e012e1d94205cd192c13f7b77d493,84e96d9e7330343b
unclean,taxi,unclean/taxi/216752830.jpg,2a208ce5ba89f49d96af17701039e0a5,c768e917b06cb466
unclean,taxi,unclean/taxi/216780403.jpg,392a1829508ff3163e443276f63a6756,96389856ca69a7e9
unclean,taxi,unclean/taxi/216809988.jpg,867190f11367d9a70357de0fba23d3c2,c06dafc23c2dc30f
unclean,taxi,unclean/taxi/216818182.jpg,cf970b658c59c4d9df47d634733c486f,8329ed56b038b733
unclean,taxi,unclean/taxi/216820907.jpg,5f0e5550b8672af82adc5ba217320661,ffd6c249c23ca452
unclean,taxi,unclean/taxi/216828711.jpg,2028a675a40623e884ba6116bcbd4066,8230ddcbdc3fb230
unclean,taxi,unclean/taxi/216835817.jpg,2cd3b93224df57c6eca8bc55faee4ef4,caad3dd661909355
unclean,taxi,unclean/taxi/216847527.jpg,38354a4a002b89e0867efbcf229b73ec,c069ed42b23e36ab
unclean,taxi,unclean/taxi/216848358.jpg,9281dd7c31bbf8f32e10662aba903b4e,87cb6881323ccfc7
unclean,taxi,unclean/taxi/216860683.jpg,29faebdd832a636595a5eff221f65e6c,8b692d9632796687
unclean,taxi,unclean/taxi/216875057.jpg,9465a89f470584fa58736e2e1dc49db7,9679838669967987
unclean,taxi,unclean/taxi/216878077.jpg,02b10d11f87eab5defd7fad22dd89cca,876de897f030e632
unclean,taxi,unclean/taxi/216891850.jpg,92579c2187c54a3b92e6546923a84ab6,874bed00d03cbbd3
unclean,taxi,unclean/taxi/216894830.jpg,b5ea3b27d74e8df35bad23b4c273fb8e,82c86ee33f35d2c2
unclean,taxi,unclean/taxi/216949199.jpg,e3d83b7b824f4caf1b0d6e4d988fc3f6,d034ad4bc0cf53bc
unclean,taxi,unclean/taxi/216978702.jpg,09167da4f6ce2bd9b0e5a2297734224e,b5f878872379b061
unclean,taxi,unclean/taxi/217016702.jpg,f4a7918149d6f0011fe863e78ee07cf4,c6299c573196d9c6
unclean,taxi,unclean/taxi/217024637.jpg,839a6a68669d4443cb5842dfafd68291,8372dda05e0f704f
unclean,taxi,unclean/taxi/217024752.jpg,0be365deb5ad36aa813812601895f4fc,d73c28976d61869c
unclean,taxi,unclean/taxi/217041267.jpg,478eefa6757985518beff33e9b42c6ec,8240fd42d23fbb33
unclean,taxi,unclean/taxi/217051130.jpg,e9e02992a8e1a0fcf689894829d0131c,877cf803c52c66c7
unclean,taxi,unclean/taxi/217106962.jpg,b403a14090def6436d87a172d1cc2428,d52c05833c9fd2ec
unclean,taxi,unclean/taxi/217107971.jpg,010ef9ac0bfab157c6134b2dad5dc13d,8a2d99d2616c9779
unclean,taxi,unclean/taxi/217137849.jpg,5d63ca0103c6748f5fe3651d12c04e32,8fd93993316c8e68
unclean,taxi,unclean/taxi/217191582.jpg,df391389e14dcfe60ffdf8a66c18c909,9059ef07c06eb43d
unclean,taxi,unclean/taxi/217194334.jpg,cb611ac9531427c5e73572a1a91260cf,dfc578833198ce98
unclean,taxi,unclean/taxi/217201191.jpg,12ce5c0c3839d3e9525dbd91c7d902a1,c0c92dc2323fd3cb
unclean,taxi,unclean/taxi/217212092.jpg,461dfcec3d0650b170abebd5e5a99447,c6e82d9733323533
unclean,taxi,unclean/taxi/217215925.jpg,4372ddd0c1f3d6384ea155462ad1dc00,c06d2dc33a3c365b
unclean,taxi,unclean/taxi/217218520.jpg,a7acc65779707f524546b325ae4fa4f1,c26cec26923a3b9b
unclean,taxi,unclean/taxi/217239782.jpg,f6a5f2878142504fb1be7bbe365c4966,c3c92d92303d978f
unclean,taxi,unclean/taxi/217247964.jpg,d373fb98b47095a579aaf99b048f279e,97d87a9561612537
unclean,taxi,unclean/taxi/217253719.jpg,f201df6b34f0da6476802f9d683ce9f9,c7686997b039b433
unclean,taxi,unclean/taxi/217257668.jpg,b253aaa581837ecb098b00cbe7e48650,f495af40d07cb836
unclean,taxi,unclean/taxi/217265862.jpg,fd182aea803449ed06d1b9645b1958a3,9756ea19d028f4e6
unclean,taxi,unclean/taxi/217269377.jpg,876cb07adeabad8ab559b0dee00ba2b4,974de802e330f65b
unclean,taxi,unclean/taxi/217354473.jpg,c04449d4c88bf5d18cbfdde42d2f6eb7,f5c52a94856897c7
unclean,taxi,unclean/taxi/217354919.jpg,94b4eda4cac86b1386f17975160e9fad,c7e62d9392398dc1
unclean,taxi,unclean/taxi/217360055.jpg,3f7603e8bd1bc96321c5b78da88f4b0f,cbcd2c92b03c87c7
unclean,taxi,unclean/taxi/217408003.jpg,61a5dec0206c7a9920cebacbd45d4b0a,8747ed4fc23836b0
unclean,taxi,unclean/taxi/217418779.jpg,a51b87efb65cbcf247db7b9c6da90a2d,d02daf42e83d923d
unclean,taxi,unclean/taxi/217430278.jpg,c08d26ad213be96a582ccb22fd67ee1d,86957bdb303c8b49
unclean,taxi,unclean/taxi/217484586.jpg,ed399892bd3955f1e54b7a63cc058086,c22dad42923b3b37
unclean,taxi,unclean/taxi/217501689.jpg,1291569a968b967ec224b44de695da84,f42dad44c27abc32
unclean,taxi,unclean/taxi/217502539.jpg,dd436654e7ad8972e12d22d5de62bdb2,87cc7c82323fc3c5
unclean,taxi,unclean/taxi/217551050.jpg,921e1db231952d6d877c27bb0ded4292,c064e444d23f3f9b
unclean,taxi,unclean/taxi/217567828.jpg,8b8111b2c281001dd140ac16852240d8,c76c3c92302dc7cd
unclean,taxi,unclean/taxi/217605723.jpg,25598631ab86bc9cb0dec6abf80e7c57,8aa4349a7365dc9e
unclean,taxi,unclean/taxi/217644232.jpg,32a08c234554de7ab162b044b9d48a09,c1da6d8b3f45c02d
unclean,taxi,unclean/taxi/217739057.jpg,65f81128389b13c12bcf4efba285b308,d04dafc0903eb637
unclean,taxi,unclean/taxi/217763966.jpg,06ddbbb92e4860708ef196f6f1e3becd,9778f815e56aca84
unclean,taxi,unclean/taxi/217800553.jpg,52abc3c135bb6d9cb56f09df18a76c90,c06daf409a3f3713
unclean,taxi,unclean/taxi/217899602.jpg,0f18d2c6b260bdacaf22a360fc67333f,c22d3d92366dd878
unclean,taxi,unclean/taxi/217902707.jpg,3aa2931d7e1e1bd68062ebbdcf93ddf1,96f878c76568869a
unclean,taxi,unclean/taxi/217918556.jpg,37796cce40a2d2e06738ffbbc7a2a0aa,803c7f9da08ba778
unclean,taxi,unclean/taxi/217953643.jpg,4873521402a1ee1df7a7708eeb5da2eb,83c47d92323f932b
unclean,taxi,unclean/taxi/217957079.jpg,c5df12ef9a26f9f1156b915e9f4c3baa,80d07fc3db3f02d2
unclean,taxi,unclean/taxi/217967703.jpg,16489ee80ec4f7f2f9e6fef7c8ace920,87da7dc0b23d83c1
unclean,taxi,unclean/taxi/217978353.jpg,1255905ae689b8fef85fa980f8b0868e,c3cb3cd2303c92cf
unclean,taxi,unclean/taxi/217979957.jpg,3eebbc984c70507a1b3969ee4fad988b,804bef41c02f2ffc
unclean,taxi,unclean/taxi/217990923.jpg,c7c818be61d8fb1099bef6dcb9742408,87d0fc0a923c9f47
unclean,taxi,unclean/taxi/218006006.jpg,415bdcf8f6a056942b5eb1f655b710ea,972ded12e134b265
unclean,taxi,unclean/taxi/218010664.jpg,90498d3db3db75b3ea5b453c3b412cb4,d5762ad5f08a303e
unclean,taxi,unclean/taxi/218028690.jpg,b58efc0b278a60f4fc67a6c7fc66db7a,83ed3dd3f038828e
unclean,taxi,unclean/taxi/218042131.jpg,68e5d4a2c5ece30a587b8b9a927cd20d,c23d3fd23c6134c3
unclean,taxi,unclean/taxi/218069773.jpg,f67fa1cbd93dfd15c220d15bd78d4e57,da8d3dd2d634618a
unclean,taxi,unclean/taxi/218076751.jpg,f47d5476860847c8fdeac972d7d2dc11,dacf64d2c33098ce
unclean,taxi,unclean/taxi/218081372.jpg,dd17c5e8988c2a331c607e56ccf44c21,84244f9fa34bb17a
unclean,taxi,unclean/taxi/218106502.jpg,886ef47ecc9209de2fee5d9a6395e22d,c22dad42b434f2fa
unclean,taxi,unclean/taxi/218118406.jpg,9df236e7d546fff9964b9353a44c6b82,c0cd3d923a3fd1c8
unclean,taxi,unclean/taxi/218120131.jpg,5f47aef7f497dd11ec65b379b490d141,d7ba289135696565
unclean,taxi,unclean/taxi/218124538.jpg,003b509a0db7ab652b50ee9104b230cb,c0a9afd3b27cb406
unclean,taxi,unclean/taxi/218140851.jpg,1fa502b14a67cd00f1a379b2458dacc4,c53e3cc33a1ce31c
unclean,taxi,unclean/taxi/218160438.jpg,516e5eae9320179822dd81735b34c888,d3ba2cc23561678e
unclean,taxi,unclean/taxi/218182821.jpg,44c206f559e67d3e9e1319a29b589b50,fdc540c2d03e3e96
unclean,taxi,unclean/taxi/218187498.jpg,c31d4ffd4da5db02b06abd2f86500686,c2e4ff02983f9b0c
unclean,taxi,unclean/taxi/218189366.jpg,386c46242b202a8dd2c6a09b8b4218c8,8134de4be47c64b3
unclean,taxi,unclean/taxi/218189795.jpg,cc5b001542fe001ea42c254483db6426,c768ed17e23492c9
unclean,taxi,unclean/taxi/218212988.jpg,65b05ee8eb1a6287cac11943457cd109,97b498d27868e36c
unclean,taxi,unclean/taxi/218236851.jpg,bc13652f784b7755f2fe2173bbc622bd,e08dafc39230b557
unclean,taxi,unclean/taxi/218243226.jpg,b962aee812b5164b37c7d1a6d00f69b0,df7cca22309b9ce0
unclean,taxi,unclean/taxi/218256574.jpg,b690a97e6c59787906a20ca1bc21d7d3,afd0f08f8768e087
unclean,taxi,unclean/taxi/218257216.jpg,78c9f4e1a61e8495b3e344c97de1a41b,8fda7885e521b133
unclean,taxi,unclean/taxi/218260137.jpg,69b09399f869a254d3170baed827d058,e2afadc0d43c96c2
unclean,taxi,unclean/taxi/218266883.jpg,440bce92f4d4b104b9f34a8cd1e8bd32,b5dac9877462928b
unclean,taxi,unclean/taxi/218278120.jpg,885726bb6aa9948e5841c447cb6617d3,f00b9d56876925c7
unclean,taxi,unclean/taxi/218305132.jpg,f6bdec88e86f875249237cff487d5495,d29f3ed2242de161
unclean,taxi,unclean/taxi/218306921.jpg,9c3b98c4913fed8b436053fa68dafddf,95f8f895c7286a26
unclean,taxi,unclean/taxi/218311093.jpg,d982480303dabbe3541c719d490fa6ee,d2ad8e5438c6a973
unclean,taxi,unclean/taxi/218319555.jpg,da42fe5400bf473a438e030140fd5b21,8f39f887e568828e
unclean,taxi,unclean/taxi/218332011.jpg,d060de0a1ba1d0ec34035104c0d29835,e07e2f95303a8557
unclean,taxi,unclean/taxi/218367265.jpg,6010786c26ab5879aa49046d60ffa081,d43eab40be4cd03b
unclean,taxi,unclean/taxi/218399607.jpg,a77fad3b023a8bd3ab5007fee68c993e,d27ca942a578d2e6
unclean,taxi,unclean/taxi/218434268.jpg,931330d381118627358d62f6c635f0b0,c02dadc2d23f36b2
unclean,taxi,unclean/taxi/218443077.jpg,9ff1aeb24da473aa22239380049b6701,ca37a440d93f9aa9
unclean,taxi,unclean/taxi/218449051.jpg,6bd77969d8f37733366e7541db9acadf,d2ed28d225756077
unclean,taxi,unclean/taxi/218481509.jpg,1e351e21257dc6acc6c4671139f7e96a,c38d3dd2323dc383
unclean,taxi,unclean/taxi/218563090.jpg,d3ce6af9428b23633d9c26fb76c6772f,83747e8a601fc9ec
unclean,taxi,unclean/taxi/218566564.jpg,2fe1f47a2b9bb3d004f02bef57ae4b04,d3e969d261656724
unclean,taxi,unclean/taxi/218595145.jpg,48d5cfe201dac8b303d369421c561124,822dedc3c87cb43a
unclean,taxi,unclean/taxi/218598758.jpg,6f6cb76453394003d3d79bd751ae41fd,fca18fd2d23c34c1
unclean,taxi,unclean/taxi/218609374.jpg,022468b0b5a64c8b6fd71982912ec891,c28d3d92383d97c9
unclean,taxi,unclean/taxi/218622649.jpg,aa4229c225b5600b8c7b26ef13a1a78e,daadaed230ca8e38
unclean,taxi,unclean/taxi/218623451.jpg,b9380c2bfcdff9268045379f0a0fba43,d009af43d23f74b4
unclean,taxi,unclean/taxi/218627347.jpg,f28ef01d3d6932ef35cd7810c92e4a43,9ec9619e71388ec9
unclean,taxi,unclean/taxi/218687795.jpg,0851c8c65b549b65332f20ea5f51fd13,d08d6fd2523d25d2
unclean,taxi,unclean/taxi/218698320.jpg,81832a4510c64031c01303aab55251b9,ca9535ca3d3d12f0
unclean,taxi,unclean/taxi/218714018.jpg,66e2afda681ec82d06b5d9f72acbcc2c,8a14c34ad07f3eb6
unclean,taxi,unclean/taxi/218757953.jpg,7e66ae4560c06813f60b301d55923ab2,c0ed3f923bcdc02c
unclean,taxi,unclean/taxi/218769647.jpg,75e4ab4c095e034b864873826357c7a5,d43e6bc53849a738
unclean,taxi,unclean/taxi/218776391.jpg,19d23b045f2b1d21c6136f42694cb4d9,d3adecc23c3c320d
unclean,taxi,unclean/taxi/218778376.jpg,4234a1d16f84cc544f16019d0bfdbffa,c5230b95361d754f
unclean,taxi,unclean/taxi/218791849.jpg,61f5b2c00550074377538679a3f7a2fa,c04ded42d03d3eb6
unclean,taxi,unclean/taxi/218892466.jpg,e94602c4b968e5a6677a268abe1f90d7,c28d3cda74752527
unclean,taxi,unclean/taxi/218935254.jpg,c37ba88c1a2c4321301138d4b77d57b0,87e07883303ccfcf
unclean,taxi,unclean/taxi/218941349.jpg,b2ac3b49c74e9c267bf0299f1c1ad0a4,af50fc49c03cbe43
unclean,taxi,unclean/taxi/218967295.jpg,2a6341c3098a3bdf8686fcc7c6d755a5,f81d9e539e7e2801
unclean,taxi,unclean/taxi/218988377.jpg,d5565c01bfade4ec6c4c0783dcfa77c0,d7953894836a6ec6
unclean,taxi,unclean/taxi/219001613.jpg,2bc5697b76bca4ce0e80d84b3afb0b2d,933aaa07c56dd931
unclean,taxi,unclean/taxi/219055109.jpg,64212cc304232dd511f7ac1401351645,929b3cc2c56de361
unclean,taxi,unclean/taxi/219091412.jpg,cb01b04622802434b230159b7364ee95,8718f816c67879e5
unclean,vanet,unclean/vanet/193796538.jpg,8f03e8a0527d5379ae819cce617f3bba,96ea69877278ce21
unclean,vanet,unclean/vanet/194260851.jpg,9ec6eefe67f99e6b09e291312a5731eb,87e878863166c9cf
unclean,vanet,unclean/vanet/194853070.jpg,70b261a05732c4b0ad1bbfdfe02b88e5,b4e18f9a9818976d
unclean,vanet,unclean/vanet/194872019.jpg,d245e9c75eae5d66178a6e6376b96f29,e138da25c36c8f93
unclean,vanet,unclean/vanet/195080365.jpg,aea67ce58788e1e12ab97a5680985e94,a8e0e797d268c62d
unclean,vanet,unclean/vanet/195110811.jpg,6a74cd928d7d4d0ad3bb7f608d554a09,b0c1838fcb24df3c
unclean,vanet,unclean/vanet/195290564.jpg,f7753c6a83f419420cbc4f293dbe5e8d,fbc40c8fd832ccc9
unclean,vanet,unclean/vanet/195311741.jpg,06f0c750beefe841cf6a7e2e302389bc,d6e469cb3284cf34
unclean,vanet,unclean/vanet/195491717.jpg,eead9958a9b4ae96d3803e02019917e5,fcc1e1c5cf3c6061
unclean,vanet,unclean/vanet/195673270.jpg,81909fce5fa2d4c762c10653ecbb9a7d,d6a32dcaca389734
unclean,vanet,unclean/vanet/195720789.jpg,e1755affdd563f482cc6d9937e9ab44c,e985969e9930ce63
unclean,vanet,unclean/vanet/195740684.jpg,93917f7c1db77e037793721aa6cf7a78,ebe534cb3ccb8430
unclean,vanet,unclean/vanet/196095992.jpg,9a0f5bb1dc8e3603ac90be2fe27a9e91,f4ad81d2cb689c78
unclean,vanet,unclean/vanet/196216785.jpg,60e54beeec7fe5c781e586a0079e6fec,f2809f2d6034cddb
unclean,vanet,unclean/vanet/196472764.jpg,b9595f7f6758582ed4045e08f43c3a18,dfe1611c353594c3
unclean,vanet,unclean/vanet/196484539.jpg,2c056d2c4bf71b6db2f99b469699b38d,9c22e7d55a61b899
unclean,vanet,unclean/vanet/196756713.jpg,2ae0a6cbeee399cd2c6c7512f1b5b7ad,8a2b35d27869d725
unclean,vanet,unclean/vanet/196908180.jpg,5aad7413587d1bbe1706c2be7f37d144,d2f830c32767c69c
unclean,vanet,unclean/vanet/197011245.jpg,6b45223ed0caca85c5e80de56af2ecb3,9396719e96616cc6
unclean,vanet,unclean/vanet/197073034.jpg,dc562f3bc07304ee9824d5d86d72e3ba,f51795129f1239d1
unclean,vanet,unclean/vanet/197137291.jpg,cc05530bcbf37bc81d1ca7f78d7f0292,87f82a2550badf31
unclean,vanet,unclean/vanet/197150276.jpg,ab30644734902f81d255338342b3010e,daa58b5643578b64
unclean,vanet,unclean/vanet/197187868.jpg,9d7b58147502141a2c73fa014661c049,f4c5b4c1cb3c6925
unclean,vanet,unclean/vanet/197241414.jpg,6737eb292b3d5948d250c1aa5d14bd96,d335bfd830c12663
unclean,vanet,unclean/vanet/197247731.jpg,63662e129ba3c4e789a25a09913964c3,add18207732cc39f
unclean,vanet,unclean/vanet/197277257.jpg,a4ddc700b9ac3a8536f2984d8d396310,97e0cbc63499ce38
unclean,vanet,unclean/vanet/197316952.jpg,e836d21d5803cd5d2cf0ec47e20dab52,83f269d02ccecfc4
unclean,vanet,unclean/vanet/197365651.jpg,3d8e89ff87345427425eb4be8ceb3d73,bdc9789cc23cc296
unclean,vanet,unclean/vanet/197394524.jpg,aadc4aef4f9aaedad457952dc57ea10b,d3ac30d2206d8f7d
unclean,vanet,unclean/vanet/197437140.jpg,f04e4e5eabf7b8ecbc0ca4eb17c14711,ad943dc23fc3c292
unclean,vanet,unclean/vanet/197440812.jpg,90abd47b48a871aa3d043e41cb149d96,f8c3a52ad6789839
unclean,vanet,unclean/vanet/197495997.jpg,fcfb7713b09279c3b4902af0c9084fd6,e99234cb3433cb3c
unclean,vanet,unclean/vanet/197551635.jpg,4dca3c118072618e81d60cac0d1ef1ef,a86187cf94357c87
unclean,vanet,unclean/vanet/197560785.jpg,9af068d93abd063bf7508003070afc49,dea19c6769966063
unclean,vanet,unclean/vanet/197560959.jpg,89862b0d5d893a28aef2848fa0af4ea7,e8ab3cd6523c2595
unclean,vanet,unclean/vanet/197678284.jpg,575cc80451408592bc3c22e353c92056,e995caca3524da69
unclean,vanet,unclean/vanet/197729524.jpg,025f789dabb2f91922ece8f96ad9727b,96fc2091cb687b36
unclean,vanet,unclean/vanet/197826422.jpg,18bdb63cf2f42377b42e0d99de630116,b5fccd833138c64c
unclean,vanet,unclean/vanet/197880860.jpg,3f09a66a3017ca61142f25fda7fcc2aa,fcec61c6cb689231
unclean,vanet,unclean/vanet/197919941.jpg,8ad19b8b93713131abafb2576cdf76fb,a549962cf72c38cb
unclean,vanet,unclean/vanet/197957684.jpg,4ce68304c941514b691c92d44652b388,b2c51ecb3866cd62
unclean,vanet,unclean/vanet/197959333.jpg,fd884d3c09537487a1e3b203b9e0695f,dbb489d225d33463
unclean,vanet,unclean/vanet/198052628.jpg,9bd9cbbdffb16c9b321f5e55978d6934,b9e587ca9a38c334
unclean,vanet,unclean/vanet/198067483.jpg,538dd344a081f1f3dd2e97623afe2619,fcec34c2c269c3c3
unclean,vanet,unclean/vanet/198165650.jpg,25c049e737a1ca4bd1be26989422a2d0,9a87659867719c47
unclean,vanet,unclean/vanet/198195169.jpg,cab03349211ce63d49245471e20819c3,b369e49a3cc48772
unclean,vanet,unclean/vanet/198256082.jpg,ad3736bd1f175b4b91534edb42601571,a4e12587d375198f
unclean,vanet,unclean/vanet/198363928.jpg,eb573bdc3d9fdd4c58c09d8033221abd,da942ccb64cb9336
unclean,vanet,unclean/vanet/198366858.jpg,cb4b38011c6aeb7c2852b9a7f3d2d0bf,eba536cb34c8c236
unclean,vanet,unclean/vanet/198403132.jpg,c672e85c78f863a4cf4e564644a74e33,aab1699ea1699c5a
unclean,vanet,unclean/vanet/198420720.jpg,1fb5b75ed407644527725a77efd09b4d,fc94639e69789283
unclean,vanet,unclean/vanet/198454664.jpg,d7248fdc77552dfdffcb40aa7bfd46ca,eae534cb243cd23c
unclean,vanet,unclean/vanet/198459757.jpg,2f868552236cc457486c9da915931789,fa85a3d22997714a
unclean,vanet,unclean/vanet/198460428.jpg,9a77bce69172d3c399d74f6b29e895ee,e9b48a9a9ccb3265
unclean,vanet,unclean/vanet/198487480.jpg,8b6c782863d09d956da24639a8c2ad8c,fcb087cb83346c87
unclean,vanet,unclean/vanet/198555767.jpg,e745955c88793cab091d72aeff6c45e5,c3932d9e96698cc6
unclean,vanet,unclean/vanet/198661396.jpg,f47f5b0e37ae13d2563ce8266ada18a7,f8b634d8d630693c
unclean,vanet,unclean/vanet/198723141.jpg,9a4726af0397346a303652c85b94516b,e2a1299ecd619673
unclean,vanet,unclean/vanet/198973233.jpg,cae32d48b6cb74a7d45361b126b0f2b3,bdd20d9764699638
unclean,vanet,unclean/vanet/198988033.jpg,24b7c673875097fa0819f7c92b2578f2,c3b37cdacc2192ca
unclean,vanet,unclean/vanet/199401055.jpg,e83aac1d0467cbf15664214570dca699,bcd6c38fc4618633
unclean,vanet,unclean/vanet/199405061.jpg,bd23669ad882c10fc9b9c983b00a36a2,ea95476334c3ce68
unclean,vanet,unclean/vanet/199412925.jpg,866c6b2ad98321d61269267abdec7fab,b4c0698b71799e65
unclean,vanet,unclean/vanet/199524545.jpg,52c82a4f7d28646a913a105d840824af,b4daa0939b300fd7
unclean,vanet,unclean/vanet/199525188.jpg,6b678ce84b66d45b208f50c0cff4679c,d278afc665871239
unclean,vanet,unclean/vanet/199534377.jpg,af7f8e51c2c4040898644d1986eb56e7,a8c9969c92cf9794
unclean,vanet,unclean/vanet/199677477.jpg,6b145c278cac72ea5513be46e352265d,dbb5ad9252305ad2
unclean,vanet,unclean/vanet/199706691.jpg,32816941b64cc77dd8ef6cbb93d81fd6,daada5d263608e99
unclean,vanet,unclean/vanet/199788218.jpg,436fc61b13056dfd7be432f83caafa71,adf8248f966c6233
unclean,vanet,unclean/vanet/199800413.jpg,be826556d58ac771fb40b41df9cdd936,bcdb71ceca608b90
unclean,vanet,unclean/vanet/199831447.jpg,cbb20af23a50dcab49ca6e87d19c6448,bcf2c38fd0618e13
unclean,vanet,unclean/vanet/200495754.jpg,cee8608d682464413e8f018901b60459,b7db6c8e3c099231
unclean,vanet,unclean/vanet/200630697.jpg,fcf7d8dafd9c0625d4e5472dd4ece10a,caac31d2648f9b74
unclean,vanet,unclean/vanet/200794546.jpg,5e344b7f00e42a6c0b47c4d7ae0254ed,e895874b8d2496f9
unclean,vanet,unclean/vanet/200802999.jpg,bc5617c577bc1654dbb60c639fbba141,e8878e232d832d3f
unclean,vanet,unclean/vanet/201189023.jpg,90524b4d0f8696d49b6960f6ad81d08b,ffd0208225d79f0e
unclean,vanet,unclean/vanet/201223227.jpg,a9cfde4c7bab18cac9a9c02f03f0dec6,fae0256bd6606969
unclean,vanet,unclean/vanet/201652374.jpg,c8d438399013715976cf223b7f8b3f1a,f6c12d8f301ccf34
unclean,vanet,unclean/vanet/201814328.jpg,53cc2c63da5b360f54da2f5884131bb3,e8b5b5cac22d9670
unclean,vanet,unclean/vanet/201847206.jpg,a557ab02379c15c0495589b10d562926,edd5ca1e8721923c
unclean,vanet,unclean/vanet/201971644.jpg,3b6ed8dd1521aca9657f0d8735e6a71a,9fd869867636c309
unclean,vanet,unclean/vanet/202308812.jpg,a76d52ed3f974c5d70e581417fc854f3,a1c39e8a3365c73c
unclean,vanet,unclean/vanet/202758553.jpg,4e8176435222fa72f78d704fa3c14796,bdc0648fc23c71d6
unclean,vanet,unclean/vanet/202980222.jpg,7593a2de1c4a301f3a7a790c8d0d2f69,c8dd31c366b19c6c
unclean,vanet,unclean/vanet/203454250.jpg,7cda7d79ed2c67e06228563c733c7ea9,aca43197c67592c7
unclean,vanet,unclean/vanet/203511630.jpg,5e38908fdb3007a5769a5ee236973f15,c93635cb34cd9a64
unclean,vanet,unclean/vanet/204195442.jpg,7ae2e412e0a951444d891809ef49c97b,e99334ca32cdc933
unclean,vanet,unclean/vanet/204488081.jpg,9795d94c6c627e92a626e16889e863cc,b0c9108fc334cfdb
unclean,vanet,unclean/vanet/204556090.jpg,9380e162cdd305774974075085148a25,e88ebf589070a373
unclean,vanet,unclean/vanet/204859983.jpg,0b18514c95db99190cf4726341e797f6,e8d725cb3d3c8238
unclean,vanet,unclean/vanet/204908253.jpg,b2c9ef701306307861a0aa9156178c94,ebd428c33dcbc234
unclean,vanet,unclean/vanet/205193554.jpg,cf70e13ac0852fb2461626dc8c2e1a2e,f9da2087cb34c98b
unclean,vanet,unclean/vanet/205354707.jpg,0f0127ea93ab60d4d51afcddf56f5f47,9ceb839567943a4c
unclean,vanet,unclean/vanet/205359219.jpg,de4bdaafe8824dd35e97bd6f7fc92602,f08f41d269b8d678
unclean,vanet,unclean/vanet/205492654.jpg,8ae5b269773b6c6c385e5fc34f4585ce,bec0e00fd370659e
unclean,vanet,unclean/vanet/205720297.jpg,b026455b9de788380f3e523746cb0beb,f9d196ce9130cd1a
unclean,vanet,unclean/vanet/205760741.jpg,3dc7c988aec85f3020a0c5dec6df24aa,da7469c32dcb9c30
unclean,vanet,unclean/vanet/205765142.jpg,7c3423043bb4fe1fbdb61dd0f528198d,bd8287c02d9b1e7a
unclean,vanet,unclean/vanet/205814375.jpg,301da6ad4d30c8c9ea33848fcdca0c6c,ad8236c136cfce64
unclean,vanet,unclean/vanet/205839665.jpg,e41db24600087227dcb7b9d8aeab30de,d33131d33cb1933c
unclean,vanet,unclean/vanet/205863988.jpg,023cf881d98ab8f9491acb851937060b,8ba9359665788ec9
unclean,vanet,unclean/vanet/205896670.jpg,f9e5c4b796aee9c9f66173a5746ad99e,d679a99669c48ac9
unclean,vanet,unclean/vanet/206095693.jpg,553a4d6989d15c2ae6404feaddadeb67,efe096c93cc53231
unclean,vanet,unclean/vanet/206287271.jpg,deb6470d91a14de257af19aaf3a7799b,9e61619e619ece61
unclean,vanet,unclean/vanet/206341310.jpg,c9c8d590ed83d6bbd03782d0bb0fa6aa,8aa53c9f619ccb34
unclean,vanet,unclean/vanet/206621017.jpg,cc26fe8d35e74379a87288e77e775881,9eca606d3465cf2c
unclean,vanet,unclean/vanet/206621338.jpg,2c951ef9a1e79fcae0961652763197d1,e9f4b4ca96348b32
unclean,vanet,unclean/vanet/206651635.jpg,6564f55184dfadc199664c05918149c8,936cd3276cb34c92
unclean,vanet,unclean/vanet/207074343.jpg,d6e03bf34a72ba8940fc709ce49f1550,8f8370b06c67939d
unclean,vanet,unclean/vanet/207079360.jpg,6586f67b14879d4b96e5758b0e3d86b0,e88ddac231da4799
unclean,vanet,unclean/vanet/207142715.jpg,68ea9d62ddad7a549c1898f50394a986,c9f424cb2ccf9338
unclean,vanet,unclean/vanet/207412597.jpg,c8092c817416edfb8318e1e8a510a930,96fd699a38c36524
unclean,vanet,unclean/vanet/207517475.jpg,bb673a758f6d1d589f89295245fa01de,cb8d3836619671ce
unclean,vanet,unclean/vanet/207534276.jpg,f6a2f682d08ff09cf79ddd8d1386392c,8f81709e233997cb
unclean,vanet,unclean/vanet/207573757.jpg,898e79b7e3c8f3126cae26cc4aa4268c,dab12dc324cf9a38
unclean,vanet,unclean/vanet/207596603.jpg,b4914b052dd054e5a12d2589fa043c28,adc29ec13cde30c9
unclean,vanet,unclean/vanet/207758538.jpg,f2bae22036233bbea21d1af486b48efc,9e65699f3038cf24
unclean,vanet,unclean/vanet/207846586.jpg,753ef5bebf1e980443a1015595906faa,f79258c36d319e42
unclean,vanet,unclean/vanet/207848730.jpg,f58a4af68819e10de8ae2b4c79d97415,d22dbcd269de8930
unclean,vanet,unclean/vanet/207849483.jpg,008c67733f8ba9005a8dfe7928888aa2,9ef868877061da2d
unclean,vanet,unclean/vanet/207861786.jpg,8598fb4b16002f2b32759b9c471d005e,d678e89368836d8e
unclean,vanet,unclean/vanet/207965767.jpg,63baf768e489d8737cff6816bf8fef80,9cad2196dc6c9273
unclean,vanet,unclean/vanet/207974100.jpg,35a5e26b8e3c70da90e3b53220838857,cb91d8dc6b698c25
unclean,vanet,unclean/vanet/208014246.jpg,aedcabda9a32bf56c2f7d7cc6a0f6ed1,b6c583d93ec4c236
unclean,vanet,unclean/vanet/208031990.jpg,2b7eb836d6025c93b4bc512b63969895,b4f0f28eda69ca12
unclean,vanet,unclean/vanet/208034728.jpg,1828cd84ce44be264907322a41e15ff5,9f65799660789629
unclean,vanet,unclean/vanet/208044083.jpg,adf9dd9c5febbbfa0b92aeba53a939c6,b4cc9b9a6124fb70
unclean,vanet,unclean/vanet/208091182.jpg,ac8ffc09af5b21934604bf5473924767,c9f604cf1cc13e69
unclean,vanet,unclean/vanet/208115002.jpg,b5bfab9bb7d7c312637260bebe065384,c32d9a57219e9c47
unclean,vanet,unclean/vanet/208270780.jpg,9884a96140a41e9e6f3e8e39f8a29a49,ac7233cc6c95336c
unclean,vanet,unclean/vanet/208296936.jpg,9fa8ea0b0eb320fb52ceee9871edea7a,f2bd70da6530c338
unclean,vanet,unclean/vanet/208337677.jpg,e5cb2007c0a9e4cece4d073569270387,e1b3decc6b892065
unclean,vanet,unclean/vanet/208472560.jpg,4c069c29332cc20058978fcd5a07f83c,b88ae1388f65ad9c
unclean,vanet,unclean/vanet/208473051.jpg,70ce3f0e5a64b79e831806c447116424,96c9cd16707d8f24
unclean,vanet,unclean/vanet/208529735.jpg,1e7f78c129f8e68dd87f91a0d4cd157f,f4c38ec63c92386b
unclean,vanet,unclean/vanet/208570612.jpg,ff43567d0927be4932b920ee2bfb2732,d27c8f876c922c9c
unclean,vanet,unclean/vanet/208582339.jpg,8b0291add301e696ddb3394c6dc990fc,f89ca3528f659c52
unclean,vanet,unclean/vanet/208586813.jpg,da1d3c5c92bbcd29e1be6353f4ae2657,bff1708fd230c186
unclean,vanet,unclean/vanet/208657736.jpg,f93ffdace382b1ea9dc124ac68304abf,a08b8f0abd6d9725
unclean,vanet,unclean/vanet/208671162.jpg,03822fc876bbd9bb2b87399dacc894cf,cb961e6525c9da34
unclean,vanet,unclean/vanet/208675127.jpg,090bc95f99ac0b00d600b2685909c0d7,cb9434cbc520dfca
unclean,vanet,unclean/vanet/208789361.jpg,20a5cc2cd1de04deb8ee0e2766950576,de7461c330cb4e65
unclean,vanet,unclean/vanet/208840760.jpg,ce04cef4d30abee08315af862e041bcf,d2ad70ce219e5369
unclean,vanet,unclean/vanet/209052190.jpg,daeec5bde94f4ddc73eb129c4b177e93,afe0e087b47dc324
unclean,vanet,unclean/vanet/209060648.jpg,1c8dbeeecfe2e8832de3bac83302e3ec,c378fd03c03c3736
unclean,vanet,unclean/vanet/209233623.jpg,db15c1ae0edcb73099e83ab8603871d0,d2670f0e61992e79
unclean,vanet,unclean/vanet/209282422.jpg,fbd8ab757e757e414618eae68f064782,cb8d38ca342d9e63
unclean,vanet,unclean/vanet/209440438.jpg,407cf02710f97a4c7f2bfa692c01b58a,97f0759e38c32934
unclean,vanet,unclean/vanet/209500130.jpg,b306d0c02a91a2139df88cc86aeb43b6,c0a530de699fda68
unclean,vanet,unclean/vanet/209726658.jpg,955bf4f86b2160fadcd233df31eed817,bfd470d26a6a9258
unclean,vanet,unclean/vanet/209749493.jpg,72624f4105bf104b1a01f1c07836090d,802aff01d23ef03f
unclean,vanet,unclean/vanet/209813193.jpg,26dd56316c7c546c63399adaf6ef95fd,c936a448db2d36d3
unclean,vanet,unclean/vanet/209913836.jpg,63f413dd04c5447f562b2cdf2e4bb9e3,f8a4edc3c33d8642
unclean,vanet,unclean/vanet/209939482.jpg,d42e9bbcc555b8a75e875749d91b7e68,e1ae9e859c788355
unclean,vanet,unclean/vanet/210819242.jpg,bb8d5dbd4aadfb9c69991e77ace97866,d478872769a77883
unclean,vanet,unclean/vanet/211048353.jpg,5cb953a8bedfff9ef785354dccf392fd,8c94d6d36567954c
unclean,vanet,unclean/vanet/211529650.jpg,e439fb1ab8b2c6224b54698aaf1112ec,9ef1f11e61945859
unclean,vanet,unclean/vanet/211742372.jpg,6a401e41964ca9a8072ecbd12c6327d4,fc21ab54c3633738
unclean,vanet,unclean/vanet/212002204.jpg,58cb329db8b88f54349f9b7e39c12cb8,c067bf40d269c32f
unclean,vanet,unclean/vanet/212037438.jpg,1afdb0aa68efa61044ae3758db37e81e,b6f2699c61cc8762
unclean,vanet,unclean/vanet/212107731.jpg,5d9c90456dbf4ba3ead8af583407297e,f2e329c6a76a426a
unclean,vanet,unclean/vanet/212164480.jpg,0eecb7ce2a9fe475d6df6327eb2ca3a1,f88929d6c36c6798
unclean,vanet,unclean/vanet/212228652.jpg,2a4728806fa86f299f60b75a1840133b,85726a07ed3da568
unclean,vanet,unclean/vanet/212275461.jpg,526ac96c26789e1c3815c0585a2c19cb,f8a92996c36d6b60
unclean,vanet,unclean/vanet/212397930.jpg,8938b941708b0f0e3745474f34680451,943fab10ab4db0ab
unclean,vanet,unclean/vanet/212462069.jpg,7bf69d7a1adad4e719825c8d2c125c5c,807afe05ee18e56a
unclean,vanet,unclean/vanet/212662044.jpg,a73dbdf33052ffd98ead5559b11ea1c5,83e57d82703c97c9
unclean,vanet,unclean/vanet/212764267.jpg,f7a66463a7d76009e20b221f06d3350f,f08738956568979d
unclean,vanet,unclean/vanet/212794066.jpg,f81ee3e6d9ffb18493a06879ad4ef242,da7d112a75978865
unclean,vanet,unclean/vanet/213022159.jpg,f032161f540da87e9b4a086ff03bb7ce,82923d41c23defd6
unclean,vanet,unclean/vanet/213250902.jpg,a84d6ea2f8a123867744ba4bf6d3f6ba,a5da3dc2ca6dc28c
unclean,vanet,unclean/vanet/213306634.jpg,07fff44ffc4c4d7f6520b8048c15eb18,acf4208aaa65d775
unclean,vanet,unclean/vanet/213323692.jpg,9f4c12b2fcd425737219e231c1e97e0f,d2892bd72572869e
unclean,vanet,unclean/vanet/213358509.jpg,26d6dbbd6390c6077073fc84d8982ef2,817cfe43a940963f
unclean,vanet,unclean/vanet/213498106.jpg,4c2288f0daa72c98ad09aea91e982885,a5f09e9a38c71c33
unclean,vanet,unclean/vanet/213802809.jpg,39e1d4b933b5c007418b952b5e98390d,d406ae1c9679b933
unclean,vanet,unclean/vanet/213899758.jpg,e714a603142615bf6037602740ca5f76,d03f8dd02fc8f00f
unclean,vanet,unclean/vanet/213961662.jpg,bbbf21c420d97a706b1b14955e06813b,94fc78c33f94901b
unclean,vanet,unclean/vanet/214020375.jpg,77dcae402485bbde77b0efadd9b325ea,92786c06ca3db53e
unclean,vanet,unclean/vanet/214354307.jpg,38b2de17094508b6a926ec7282691f0d,fec296971a996468
unclean,vanet,unclean/vanet/214415720.jpg,4854316ab61bbf45d26698e602f3c7f0,a5faf883973ce060
unclean,vanet,unclean/vanet/214543167.jpg,9a60baa6aebef668003a279de6cb752f,8fbe3c10962f872c
unclean,vanet,unclean/vanet/214628303.jpg,efc6d7d85dc4c7217e68ba017816c626,f88197d2a03d6bc9
unclean,vanet,unclean/vanet/214704493.jpg,99c6d76f7d26e0bcc7dce3265bc0d32b,837cdd9e856a6245
unclean,vanet,unclean/vanet/214710884.jpg,cd95445300c6bfa8816b13dea5ec4ad7,8f887982c03d9f3d
unclean,vanet,unclean/vanet/214785158.jpg,f1586b4e47d675ea8c74ae989627818e,80e96dc1c26e363f
unclean,vanet,unclean/vanet/214844872.jpg,4a0fc3a5701a8c43528abba67d069825,ad78f829d22d6925
unclean,vanet,unclean/vanet/215055953.jpg,334403091a50ed34a9e3b67160408018,aac16997973892bc
unclean,vanet,unclean/vanet/215297064.jpg,265a2615e8543e73479dad4646e1bc4a,a8fed890a5796a68
unclean,vanet,unclean/vanet/215695188.jpg,d8ae98dff44a68c8640a3384f5e9e352,8028ff02e93eb53d
unclean,vanet,unclean/vanet/215726436.jpg,9ee213ad3e3399be5d4b514a0222a856,bcb535c0d03d72c6
unclean,vanet,unclean/vanet/215780374.jpg,0b595551460b1d5c1dfafdb3cb9cb5c9,d685a912a56de723
unclean,vanet,unclean/vanet/215821681.jpg,fc52c219a80b438763cee36199340d51,d258bd12b939b03d
unclean,vanet,unclean/vanet/215880051.jpg,cd6f3f044d6b0354c5fbd559b565e4e2,e963b016c769c396
unclean,vanet,unclean/vanet/215976038.jpg,89a8148c83e5d7cb91952c25fa9349ec,9e7ce816ca7808ee
unclean,vanet,unclean/vanet/215996114.jpg,5ea2dcf048a5fa7266bac44ac2715ff7,e52e9a05f61ae526
unclean,vanet,unclean/vanet/216085337.jpg,28f07a8db47ddced01a5560c66e01f92,8734fc06c23c363f
unclean,vanet,unclean/vanet/216119284.jpg,0ccb100d042910998b500de9b35af93b,acd887d66913be88
unclean,vanet,unclean/vanet/216245889.jpg,a8e871111cb9eb58938af9bb4cf75742,c3b8dcce61947323
unclean,vanet,unclean/vanet/216384546.jpg,d9cf351f388cf87c163e845874fc9037,851cf891cb6361e7
unclean,vanet,unclean/vanet/216463352.jpg,f7fa333b8be5c500fdf9b9feffd7c73d,c11fa07d816b8797
unclean,vanet,unclean/vanet/216572155.jpg,7da5441872280758745e91e908b8c493,d68c2ad26d65258f
unclean,vanet,unclean/vanet/216688804.jpg,882703ed269db0b16060ed7ce9ef9a78,f9e9c29d46904e65
unclean,vanet,unclean/vanet/216752426.jpg,5f3c0af4f78ab530248f1405a1014db5,b5fef0c1923cc306
unclean,vanet,unclean/vanet/216755502.jpg,3024ac99b0f6b878a773e24dbb32b75f,a5747dc592343636
unclean,vanet,unclean/vanet/216758585.jpg,7eee6ad36417f2432afa8e780990ab8e,94de68877565928e
unclean,vanet,unclean/vanet/216766888.jpg,d6476f5f775d8605907dd5a15671489b,c7a67198ce4b9364
unclean,vanet,unclean/vanet/216896507.jpg,d0821aaae6945764242adf9f83de3ece,c3c92d963c6d9638
unclean,vanet,unclean/vanet/216985846.jpg,7d86b1775eb947418975d94d174483ed,83b5dade3cca2033
unclean,vanet,unclean/vanet/217207555.jpg,d132f1d08b73d748d6c8e479c4e3c901,8153ff0fc238e165
unclean,vanet,unclean/vanet/217212790.jpg,8a00eb1a3eb9b7db38112996bcb2b394,871bc9c36c6d661c
unclean,vanet,unclean/vanet/217322801.jpg,dfc855cbc16245c8b7c4911de4e8aed1,ca6fad42923c36b2
unclean,vanet,unclean/vanet/217401649.jpg,b7308ad97e11af83c5b8610201bacb98,8dc83d87c23cc7c9
unclean,vanet,unclean/vanet/217412296.jpg,a578aa4b858c2b7f0bf217c88153d699,a52ada05fa1ce17a
unclean,vanet,unclean/vanet/217426680.jpg,ff689c971e6ef8c971fa68fbebd0db41,c3ca899f3834965b
unclean,vanet,unclean/vanet/217493909.jpg,771cfc207852b7248318e579731fede7,a9c39e9e3169932c
unclean,vanet,unclean/vanet/217624535.jpg,2ed03c0171f21b25d72e21a01cc9ed43,a52fbc41be05619e
unclean,vanet,unclean/vanet/217670439.jpg,30f8a5188827a3b688129d0c23b58df9,d56de840872b696b
unclean,vanet,unclean/vanet/217684475.jpg,82ada045a0bef2858bed4315965ae30b,ad7cdc01d227e3c2
unclean,vanet,unclean/vanet/217750010.jpg,6dd78d8b5b1c924335bf13deac0d301f,852fef40be49c0b6
unclean,vanet,unclean/vanet/217770313.jpg,323cb7399cf530b20628ec8aef6269cd,a9e21a03fd71647a
unclean,vanet,unclean/vanet/217953654.jpg,f25fe7c143258a06e4d604483fa10b3f,979778c387786096
unclean,vanet,unclean/vanet/217961793.jpg,c0afcf3764fecae30bce7880fbf9ba1a,b6ba3c9692383336
unclean,vanet,unclean/vanet/218015373.jpg,b188d9d42f34b645203ec4a17d79df3b,96f6748a8a28cbcb
unclean,vanet,unclean/vanet/218022599.jpg,6ca229334b6d2e72f30997728e85f9e7,c048bd4bc23cbf36
unclean,vanet,unclean/vanet/218083641.jpg,c1f20ec1ac70263216b64bef87510819,c66f3c922b38b278
unclean,vanet,unclean/vanet/218153586.jpg,2b7a01469264abb49a5a5d9211c42c38,929f79c3c7608a96
unclean,vanet,unclean/vanet/218187967.jpg,23a57af0af08533254f149555b84f13a,81da3f83da3d8236
unclean,vanet,unclean/vanet/218216229.jpg,ba1803b04c17c38818bdfb8e4d116a8c,c225aece3cd20cf3
unclean,vanet,unclean/vanet/218258133.jpg,63194c1699f2b6519b83c1e0ec8246ca,832dbc53d03c33d9
unclean,vanet,unclean/vanet/218288833.jpg,848875de8dfa2f29b271c115c54942d1,d268a917876ca6cd
unclean,vanet,unclean/vanet/218383178.jpg,6aa8f4318b44c467dc7318c2c418660f,d2962f8f82393db0
unclean,vanet,unclean/vanet/218530330.jpg,192c5e4fe6178c3e43a3e5ff1c3b35c2,f1260e476c9b2c73
unclean,vanet,unclean/vanet/218629561.jpg,5b0974a432a612d5f1a41906e65e00f8,c202af43c23f3bd5
unclean,vanet,unclean/vanet/218635722.jpg,09bcbe77274c2ac67b95203ffa8fc991,d4897ad769929561
unclean,vanet,unclean/vanet/218692911.jpg,8b7e68cb30b182563ccba17ba36a464a,8722fc06d82dc72f
unclean,vanet,unclean/vanet/218700051.jpg,e986651fe310d228198fc1c5244e1514,a4de7fc0922d3878
unclean,vanet,unclean/vanet/218701154.jpg,ae75d37a940f601f61a75b1712fb48e2,c147aa7e9c1e8d8c
unclean,vanet,unclean/vanet/218733711.jpg,2b19fc1ad09e82716144b93e5b7226b1,9f2ca0d5946da762
unclean,vanet,unclean/vanet/218769882.jpg,735069029dffbf409e1cd91224d8b399,f09cd3cb2199ce38
unclean,vanet,unclean/vanet/218790292.jpg,4b18d6a37e883324803ab00db35f033a,8ab535dac763909c
unclean,vanet,unclean/vanet/218794461.jpg,8ac1fef7f83757627056df51cd7b5260,f4ac2b96c23c3c3c
unclean,vanet,unclean/vanet/218807198.jpg,bba23789b95759f37906c473d526fb50,d27ebd43bc2420ec
unclean,vanet,unclean/vanet/218807829.jpg,9dd8aaf56e3d6137f327db4b36c9f5d5,d055ad52930cd53f
unclean,vanet,unclean/vanet/218879049.jpg,ab6de67c4d6724b58abda66a043ed53c,fc39a954c17c703a
unclean,vanet,unclean/vanet/218932038.jpg,4b3a0f9751f324f48e466541ecdadd90,d5012dbdba7a4b30
unclean,vanet,unclean/vanet/218984663.jpg,dd8419d9b4e7e4cef193157dcdb77d25,f0a78e5a6d30d274
unclean,vanet,unclean/vanet/218984817.jpg,03433010ae8f35ee9f9f4f546bdc1aa5,9630e947933c36bc
unclean,vanet,unclean/vanet/219083209.jpg,4d60fe09890c8daa9158bb3bd699f6db,ca792d82c07db6e8
unclean,vanet,unclean/vanet/219088134.jpg,255a6c9e0763b73d1fb065805cc4b624,d628d49768967927
