split,class,path,status
train,ambulance,train/ambulance/195939523.jpg,keep
train,ambulance,train/ambulance/198727855.jpg,keep
train,ambulance,train/ambulance/199031396.jpg,keep
train,ambulance,train/ambulance/199587392.jpg,keep
train,ambulance,train/ambulance/199659807.jpg,keep
train,ambulance,train/ambulance/199984667.jpg,keep
train,ambulance,train/ambulance/200011359.jpg,keep
train,ambulance,train/ambulance/200805520.jpg,keep
train,ambulance,train/ambulance/201107960.jpg,keep
train,ambulance,train/ambulance/203158523.jpg,keep
train,ambulance,train/ambulance/203539792.jpg,keep
train,ambulance,train/ambulance/203829862.jpg,keep
train,ambulance,train/ambulance/204215951.jpg,keep
train,ambulance,train/ambulance/204227881.jpg,keep
train,ambulance,train/ambulance/205326290.jpg,keep
train,ambulance,train/ambulance/206000918.jpg,keep
train,ambulance,train/ambulance/206174864.jpg,keep
train,ambulance,train/ambulance/206808986.jpg,keep
train,ambulance,train/ambulance/208466531.jpg,keep
train,ambulance,train/ambulance/208738861.jpg,keep
train,ambulance,train/ambulance/209441415.jpg,keep
train,ambulance,train/ambulance/209741797.jpg,keep
train,ambulance,train/ambulance/209817390.jpg,keep
train,ambulance,train/ambulance/209819480.jpg,keep
train,ambulance,train/ambulance/211623028.jpg,keep
train,ambulance,train/ambulance/211676031.jpg,keep
train,ambulance,train/ambulance/211786744.jpg,keep
train,ambulance,train/ambulance/211940909.jpg,keep
train,ambulance,train/ambulance/211966435.jpg,keep
train,ambulance,train/ambulance/211996658.jpg,keep
train,ambulance,train/ambulance/212007692.jpg,keep
train,ambulance,train/ambulance/212181645.jpg,keep
train,ambulance,train/ambulance/212409258.jpg,keep
train,ambulance,train/ambulance/212750815.jpg,keep
train,ambulance,train/ambulance/212822076.jpg,keep
train,ambulance,train/ambulance/213029149.jpg,keep
train,ambulance,train/ambulance/213064777.jpg,keep
train,ambulance,train/ambulance/213283576.jpg,keep
train,ambulance,train/ambulance/213342200.jpg,keep
train,ambulance,train/ambulance/213357768.jpg,keep
train,ambulance,train/ambulance/213490536.jpg,keep
train,ambulance,train/ambulance/213801906.jpg,keep
train,ambulance,train/ambulance/213805984.jpg,keep
train,ambulance,train/ambulance/214162077.jpg,keep
train,ambulance,train/ambulance/214354132.jpg,keep
train,ambulance,train/ambulance/214358069.jpg,keep
train,ambulance,train/ambulance/214425638.jpg,keep
train,ambulance,train/ambulance/214485304.jpg,keep
train,ambulance,train/ambulance/214491219.jpg,keep
train,ambulance,train/ambulance/214493399.jpg,keep
train,ambulance,train/ambulance/214587510.jpg,keep
train,ambulance,train/ambulance/214641358.jpg,keep
train,ambulance,train/ambulance/214715793.jpg,keep
train,ambulance,train/ambulance/214725360.jpg,keep
train,ambulance,train/ambulance/214784967.jpg,keep
train,ambulance,train/ambulance/214803565.jpg,keep
train,ambulance,train/ambulance/215086043.jpg,keep
train,ambulance,train/ambulance/215101954.jpg,keep
train,ambulance,train/ambulance/215162191.jpg,keep
train,ambulance,train/ambulance/215455492.jpg,keep
train,ambulance,train/ambulance/215691126.jpg,keep
train,ambulance,train/ambulance/215731258.jpg,keep
train,ambulance,train/ambulance/215767078.jpg,keep
train,ambulance,train/ambulance/215775115.jpg,keep
train,ambulance,train/ambulance/215799618.jpg,keep
train,ambulance,train/ambulance/215890423.jpg,keep
train,ambulance,train/ambulance/215895473.jpg,keep
train,ambulance,train/ambulance/215922180.jpg,keep
train,ambulance,train/ambulance/215998859.jpg,keep
train,ambulance,train/ambulance/216005219.jpg,keep
train,ambulance,train/ambulance/216013688.jpg,keep
train,ambulance,train/ambulance/216018033.jpg,keep
train,ambulance,train/ambulance/216019173.jpg,keep
train,ambulance,train/ambulance/216026223.jpg,keep
train,ambulance,train/ambulance/216029056.jpg,keep
train,ambulance,train/ambulance/216035809.jpg,keep
train,ambulance,train/ambulance/216048174.jpg,keep
train,ambulance,train/ambulance/216059668.jpg,keep
train,ambulance,train/ambulance/216066730.jpg,keep
train,ambulance,train/ambulance/216077999.jpg,keep
train,ambulance,train/ambulance/216092441.jpg,keep
train,ambulance,train/ambulance/216105563.jpg,keep
train,ambulance,train/ambulance/216113788.jpg,keep
train,ambulance,train/ambulance/216118298.jpg,keep
train,ambulance,train/ambulance/216128960.jpg,keep
train,ambulance,train/ambulance/216143298.jpg,keep
train,ambulance,train/ambulance/216146573.jpg,keep
train,ambulance,train/ambulance/216152703.jpg,keep
train,ambulance,train/ambulance/216157856.jpg,keep
train,ambulance,train/ambulance/216216403.jpg,keep
train,ambulance,train/ambulance/216224583.jpg,keep
train,ambulance,train/ambulance/216232960.jpg,keep
train,ambulance,train/ambulance/216242769.jpg,keep
train,ambulance,train/ambulance/216256793.jpg,keep
train,ambulance,train/ambulance/216287989.jpg,keep
train,ambulance,train/ambulance/216379768.jpg,keep
train,ambulance,train/ambulance/216400367.jpg,keep
train,ambulance,train/ambulance/216447391.jpg,keep
train,ambulance,train/ambulance/216449202.jpg,keep
train,ambulance,train/ambulance/216527609.jpg,keep
train,ambulance,train/ambulance/216533019.jpg,keep
train,ambulance,train/ambulance/216561672.jpg,keep
train,ambulance,train/ambulance/216612929.jpg,keep
train,ambulance,train/ambulance/216657686.jpg,keep
train,ambulance,train/ambulance/216657889.jpg,keep
train,ambulance,train/ambulance/216673206.jpg,keep
train,ambulance,train/ambulance/216753875.jpg,keep
train,ambulance,train/ambulance/216765169.jpg,keep
train,ambulance,train/ambulance/216773853.jpg,keep
train,ambulance,train/ambulance/216777388.jpg,keep
train,ambulance,train/ambulance/216780041.jpg,keep
train,ambulance,train/ambulance/216816417.jpg,keep
train,ambulance,train/ambulance/216820535.jpg,keep
train,ambulance,train/ambulance/216834352.jpg,keep
train,ambulance,train/ambulance/216840747.jpg,keep
train,ambulance,train/ambulance/216843475.jpg,keep
train,ambulance,train/ambulance/216864213.jpg,keep
train,ambulance,train/ambulance/216903655.jpg,keep
train,ambulance,train/ambulance/216915388.jpg,keep
train,ambulance,train/ambulance/216951685.jpg,keep
train,ambulance,train/ambulance/216952196.jpg,keep
train,ambulance,train/ambulance/216959847.jpg,keep
train,ambulance,train/ambulance/216974433.jpg,keep
train,ambulance,train/ambulance/216983143.jpg,keep
train,ambulance,train/ambulance/217037450.jpg,keep
train,ambulance,train/ambulance/217043669.jpg,keep
train,ambulance,train/ambulance/217088412.jpg,keep
train,ambulance,train/ambulance/217119220.jpg,keep
train,ambulance,train/ambulance/217150612.jpg,keep
train,ambulance,train/ambulance/217155355.jpg,keep
train,ambulance,train/ambulance/217206154.jpg,keep
train,ambulance,train/ambulance/217208536.jpg,keep
train,ambulance,train/ambulance/217209937.jpg,keep
train,ambulance,train/ambulance/217226406.jpg,keep
train,ambulance,train/ambulance/217250077.jpg,keep
train,ambulance,train/ambulance/217302360.jpg,keep
train,ambulance,train/ambulance/217323781.jpg,keep
train,ambulance,train/ambulance/217324168.jpg,keep
train,ambulance,train/ambulance/217381140.jpg,keep
train,ambulance,train/ambulance/217402380.jpg,keep
train,ambulance,train/ambulance/217402945.jpg,keep
train,ambulance,train/ambulance/217447963.jpg,keep
train,ambulance,train/ambulance/217477279.jpg,keep
train,ambulance,train/ambulance/217477434.jpg,keep
train,ambulance,train/ambulance/217480566.jpg,keep
train,ambulance,train/ambulance/217496158.jpg,keep
train,ambulance,train/ambulance/217497126.jpg,keep
train,ambulance,train/ambulance/217499646.jpg,keep
train,ambulance,train/ambulance/217504681.jpg,keep
train,ambulance,train/ambulance/217506368.jpg,keep
train,ambulance,train/ambulance/217526919.jpg,keep
train,ambulance,train/ambulance/217541742.jpg,keep
train,ambulance,train/ambulance/217551252.jpg,keep
train,ambulance,train/ambulance/217570069.jpg,keep
train,ambulance,train/ambulance/217579095.jpg,keep
train,ambulance,train/ambulance/217584509.jpg,keep
train,ambulance,train/ambulance/217652202.jpg,keep
train,ambulance,train/ambulance/217697159.jpg,keep
train,ambulance,train/ambulance/217727567.jpg,keep
train,ambulance,train/ambulance/217785400.jpg,keep
train,ambulance,train/ambulance/217814338.jpg,keep
train,ambulance,train/ambulance/217825810.jpg,keep
train,ambulance,train/ambulance/217888265.jpg,keep
train,ambulance,train/ambulance/217910074.jpg,keep
train,ambulance,train/ambulance/217940480.jpg,keep
train,ambulance,train/ambulance/217986910.jpg,keep
train,ambulance,train/ambulance/218036224.jpg,keep
train,ambulance,train/ambulance/218078334.jpg,keep
train,ambulance,train/ambulance/218119796.jpg,keep
train,ambulance,train/ambulance/218153518.jpg,keep
train,ambulance,train/ambulance/218191394.jpg,keep
train,ambulance,train/ambulance/218193739.jpg,keep
train,ambulance,train/ambulance/218204858.jpg,keep
train,ambulance,train/ambulance/218244029.jpg,keep
train,ambulance,train/ambulance/218249834.jpg,keep
train,ambulance,train/ambulance/218254848.jpg,keep
train,ambulance,train/ambulance/218266352.jpg,keep
train,ambulance,train/ambulance/218289823.jpg,keep
train,ambulance,train/ambulance/218289961.jpg,keep
train,ambulance,train/ambulance/218308494.jpg,keep
train,ambulance,train/ambulance/218315928.jpg,keep
train,ambulance,train/ambulance/218316367.jpg,keep
train,ambulance,train/ambulance/218332655.jpg,keep
train,ambulance,train/ambulance/218339551.jpg,keep
train,ambulance,train/ambulance/218343183.jpg,keep
train,ambulance,train/ambulance/218353709.jpg,keep
train,ambulance,train/ambulance/218384303.jpg,keep
train,ambulance,train/ambulance/218420550.jpg,keep
train,ambulance,train/ambulance/218506566.jpg,keep
train,ambulance,train/ambulance/218591595.jpg,keep
train,ambulance,train/ambulance/218621416.jpg,keep
train,ambulance,train/ambulance/218659907.jpg,keep
train,ambulance,train/ambulance/218673872.jpg,keep
train,ambulance,train/ambulance/218676611.jpg,keep
train,ambulance,train/ambulance/218701191.jpg,keep
train,ambulance,train/ambulance/218702745.jpg,keep
train,ambulance,train/ambulance/218705819.jpg,keep
train,ambulance,train/ambulance/218729538.jpg,keep
train,ambulance,train/ambulance/218737689.jpg,keep
train,ambulance,train/ambulance/218808822.jpg,keep
train,ambulance,train/ambulance/218811675.jpg,keep
train,ambulance,train/ambulance/218816506.jpg,keep
train,ambulance,train/ambulance/218819549.jpg,keep
train,ambulance,train/ambulance/218819949.jpg,keep
train,ambulance,train/ambulance/218820152.jpg,keep
train,ambulance,train/ambulance/218852971.jpg,keep
train,ambulance,train/ambulance/218916115.jpg,keep
train,ambulance,train/ambulance/218966979.jpg,keep
train,ambulance,train/ambulance/218975756.jpg,keep
train,ambulance,train/ambulance/219006693.jpg,keep
train,ambulance,train/ambulance/219023494.jpg,keep
train,ambulance,train/ambulance/219025430.jpg,keep
train,ambulance,train/ambulance/219046578.jpg,keep
train,ambulance,train/ambulance/219058364.jpg,keep
train,ambulance,train/ambulance/219078591.jpg,keep
train,ambulance,train/ambulance/219090066.jpg,keep
train,ambulance,train/ambulance/219103658.jpg,keep
train,ambulance,train/ambulance/219110239.jpg,keep
train,ambulance,train/ambulance/219123929.jpg,keep
train,autobus,train/autobus/193143598.jpg,keep
train,autobus,train/autobus/193229239.jpg,keep
train,autobus,train/autobus/193247490.jpg,keep
train,autobus,train/autobus/193913981.jpg,keep
train,autobus,train/autobus/193934570.jpg,keep
train,autobus,train/autobus/193937509.jpg,keep
train,autobus,train/autobus/194264789.jpg,keep
train,autobus,train/autobus/194279229.jpg,keep
train,autobus,train/autobus/194356888.jpg,keep
train,autobus,train/autobus/194603835.jpg,keep
train,autobus,train/autobus/194628481.jpg,keep
train,autobus,train/autobus/195327944.jpg,keep
train,autobus,train/autobus/195353874.jpg,keep
train,autobus,train/autobus/195459397.jpg,keep
train,autobus,train/autobus/195577230.jpg,keep
train,autobus,train/autobus/195928852.jpg,keep
train,autobus,train/autobus/195938542.jpg,keep
train,autobus,train/autobus/196077431.jpg,keep
train,autobus,train/autobus/196503008.jpg,keep
train,autobus,train/autobus/196513999.jpg,keep
train,autobus,train/autobus/196745624.jpg,keep
train,autobus,train/autobus/197162771.jpg,keep
train,autobus,train/autobus/198131550.jpg,keep
train,autobus,train/autobus/198261344.jpg,keep
train,autobus,train/autobus/198389317.jpg,keep
train,autobus,train/autobus/198462591.jpg,keep
train,autobus,train/autobus/198480054.jpg,keep
train,autobus,train/autobus/198481791.jpg,keep
train,autobus,train/autobus/198539778.jpg,keep
train,autobus,train/autobus/199033958.jpg,keep
train,autobus,train/autobus/199176140.jpg,keep
train,autobus,train/autobus/199993161.jpg,keep
train,autobus,train/autobus/200168649.jpg,keep
train,autobus,train/autobus/202162316.jpg,keep
train,autobus,train/autobus/203314263.jpg,keep
train,autobus,train/autobus/205052162.jpg,keep
train,autobus,train/autobus/205169590.jpg,keep
train,autobus,train/autobus/205343679.jpg,keep
train,autobus,train/autobus/208843464.jpg,keep
train,autobus,train/autobus/208876395.jpg,keep
train,autobus,train/autobus/209038128.jpg,keep
train,autobus,train/autobus/209214397.jpg,keep
train,autobus,train/autobus/209549928.jpg,keep
train,autobus,train/autobus/210036680.jpg,keep
train,autobus,train/autobus/210098742.jpg,keep
train,autobus,train/autobus/210184901.jpg,keep
train,autobus,train/autobus/210328665.jpg,keep
train,autobus,train/autobus/210391171.jpg,keep
train,autobus,train/autobus/210456615.jpg,keep
train,autobus,train/autobus/210906540.jpg,keep
train,autobus,train/autobus/211087357.jpg,keep
train,autobus,train/autobus/211222927.jpg,keep
train,autobus,train/autobus/211576935.jpg,keep
train,autobus,train/autobus/211692128.jpg,keep
train,autobus,train/autobus/211794766.jpg,keep
train,autobus,train/autobus/212142265.jpg,keep
train,autobus,train/autobus/212480288.jpg,keep
train,autobus,train/autobus/212543172.jpg,keep
train,autobus,train/autobus/212950745.jpg,keep
train,autobus,train/autobus/213633279.jpg,keep
train,autobus,train/autobus/213748478.jpg,drop_near_test
train,autobus,train/autobus/213843804.jpg,keep
train,autobus,train/autobus/213844436.jpg,keep
train,autobus,train/autobus/214177928.jpg,keep
train,autobus,train/autobus/214187028.jpg,keep
train,autobus,train/autobus/214398398.jpg,keep
train,autobus,train/autobus/214524163.jpg,keep
train,autobus,train/autobus/214619456.jpg,keep
train,autobus,train/autobus/214640760.jpg,keep
train,autobus,train/autobus/214742657.jpg,keep
train,autobus,train/autobus/214743978.jpg,keep
train,autobus,train/autobus/214839567.jpg,keep
train,autobus,train/autobus/215033304.jpg,keep
train,autobus,train/autobus/215062637.jpg,keep
train,autobus,train/autobus/215071661.jpg,keep
train,autobus,train/autobus/215123839.jpg,keep
train,autobus,train/autobus/215186162.jpg,keep
train,autobus,train/autobus/215321465.jpg,keep
train,autobus,train/autobus/215604362.jpg,keep
train,autobus,train/autobus/215647197.jpg,keep
train,autobus,train/autobus/215655037.jpg,keep
train,autobus,train/autobus/215679623.jpg,keep
train,autobus,train/autobus/215686284.jpg,keep
train,autobus,train/autobus/215687278.jpg,keep
train,autobus,train/autobus/215710303.jpg,keep
train,autobus,train/autobus/215752917.jpg,keep
train,autobus,train/autobus/215770203.jpg,keep
train,autobus,train/autobus/215821118.jpg,keep
train,autobus,train/autobus/215825621.jpg,keep
train,autobus,train/autobus/215825639.jpg,keep
train,autobus,train/autobus/215865900.jpg,keep
train,autobus,train/autobus/215918108.jpg,keep
train,autobus,train/autobus/215950476.jpg,keep
train,autobus,train/autobus/215976846.jpg,keep
train,autobus,train/autobus/215984332.jpg,keep
train,autobus,train/autobus/215989839.jpg,keep
train,autobus,train/autobus/215992943.jpg,keep
train,autobus,train/autobus/216010159.jpg,keep
train,autobus,train/autobus/216010502.jpg,keep
train,autobus,train/autobus/216013650.jpg,keep
train,autobus,train/autobus/216021441.jpg,keep
train,autobus,train/autobus/216041425.jpg,keep
train,autobus,train/autobus/216060637.jpg,keep
train,autobus,train/autobus/216066402.jpg,keep
train,autobus,train/autobus/216079914.jpg,drop_near_test
train,autobus,train/autobus/216086152.jpg,keep
train,autobus,train/autobus/216086604.jpg,keep
train,autobus,train/autobus/216114758.jpg,keep
train,autobus,train/autobus/216141785.jpg,keep
train,autobus,train/autobus/216143998.jpg,keep
train,autobus,train/autobus/216176130.jpg,keep
train,autobus,train/autobus/216237770.jpg,keep
train,autobus,train/autobus/216240222.jpg,keep
train,autobus,train/autobus/216240847.jpg,keep
train,autobus,train/autobus/216262792.jpg,keep
train,autobus,train/autobus/216264423.jpg,keep
train,autobus,train/autobus/216277099.jpg,keep
train,autobus,train/autobus/216282397.jpg,keep
train,autobus,train/autobus/216283106.jpg,keep
train,autobus,train/autobus/216293919.jpg,keep
train,autobus,train/autobus/216318824.jpg,keep
train,autobus,train/autobus/216322942.jpg,keep
train,autobus,train/autobus/216328773.jpg,keep
train,autobus,train/autobus/216357066.jpg,keep
train,autobus,train/autobus/216357327.jpg,keep
train,autobus,train/autobus/216412255.jpg,keep
train,autobus,train/autobus/216421304.jpg,keep
train,autobus,train/autobus/216423047.jpg,keep
train,autobus,train/autobus/216449385.jpg,keep
train,autobus,train/autobus/216485879.jpg,keep
train,autobus,train/autobus/216539622.jpg,keep
train,autobus,train/autobus/216551484.jpg,keep
train,autobus,train/autobus/216551896.jpg,keep
train,autobus,train/autobus/216559230.jpg,keep
train,autobus,train/autobus/216560648.jpg,keep
train,autobus,train/autobus/216573141.jpg,keep
train,autobus,train/autobus/216575324.jpg,keep
train,autobus,train/autobus/216588181.jpg,keep
train,autobus,train/autobus/216623717.jpg,keep
train,autobus,train/autobus/216664450.jpg,keep
train,autobus,train/autobus/216684204.jpg,keep
train,autobus,train/autobus/216714407.jpg,keep
train,autobus,train/autobus/216729767.jpg,keep
train,autobus,train/autobus/216733258.jpg,keep
train,autobus,train/autobus/216760038.jpg,keep
train,autobus,train/autobus/216775502.jpg,keep
train,autobus,train/autobus/216797527.jpg,keep
train,autobus,train/autobus/216797653.jpg,keep
train,autobus,train/autobus/216799890.jpg,keep
train,autobus,train/autobus/216802875.jpg,keep
train,autobus,train/autobus/216815620.jpg,keep
train,autobus,train/autobus/216847640.jpg,keep
train,autobus,train/autobus/216850693.jpg,keep
train,autobus,train/autobus/216859234.jpg,keep
train,autobus,train/autobus/216864238.jpg,keep
train,autobus,train/autobus/216875964.jpg,keep
train,autobus,train/autobus/216926734.jpg,keep
train,autobus,train/autobus/216946113.jpg,keep
train,autobus,train/autobus/216947005.jpg,keep
train,autobus,train/autobus/216947535.jpg,keep
train,autobus,train/autobus/216948140.jpg,keep
train,autobus,train/autobus/217007978.jpg,keep
train,autobus,train/autobus/217040529.jpg,keep
train,autobus,train/autobus/217091265.jpg,keep
train,autobus,train/autobus/217140059.jpg,keep
train,autobus,train/autobus/217145661.jpg,keep
train,autobus,train/autobus/217252048.jpg,keep
train,autobus,train/autobus/217413615.jpg,keep
train,autobus,train/autobus/217420553.jpg,keep
train,autobus,train/autobus/217427229.jpg,keep
train,autobus,train/autobus/217431762.jpg,drop_near_test
train,autobus,train/autobus/217619978.jpg,keep
train,autobus,train/autobus/217672139.jpg,keep
train,autobus,train/autobus/217734773.jpg,keep
train,autobus,train/autobus/217769175.jpg,keep
train,autobus,train/autobus/217780130.jpg,keep
train,autobus,train/autobus/217791047.jpg,keep
train,autobus,train/autobus/217891763.jpg,keep
train,autobus,train/autobus/217891887.jpg,keep
train,autobus,train/autobus/217893775.jpg,keep
train,autobus,train/autobus/217916961.jpg,keep
train,autobus,train/autobus/217930382.jpg,keep
train,autobus,train/autobus/217932299.jpg,keep
train,autobus,train/autobus/217947174.jpg,keep
train,autobus,train/autobus/217971815.jpg,keep
train,autobus,train/autobus/217976090.jpg,keep
train,autobus,train/autobus/217999167.jpg,keep
train,autobus,train/autobus/217999498.jpg,keep
train,autobus,train/autobus/218000072.jpg,keep
train,autobus,train/autobus/218020051.jpg,keep
train,autobus,train/autobus/218028529.jpg,keep
train,autobus,train/autobus/218028985.jpg,drop_near_test
train,autobus,train/autobus/218060093.jpg,keep
train,autobus,train/autobus/218060991.jpg,drop_near_test
train,autobus,train/autobus/218080642.jpg,keep
train,autobus,train/autobus/218092463.jpg,keep
train,autobus,train/autobus/218182608.jpg,keep
train,autobus,train/autobus/218206926.jpg,keep
train,autobus,train/autobus/218220108.jpg,keep
train,autobus,train/autobus/218265944.jpg,keep
train,autobus,train/autobus/218283778.jpg,keep
train,autobus,train/autobus/218286526.jpg,keep
train,autobus,train/autobus/218293611.jpg,keep
train,autobus,train/autobus/218333729.jpg,keep
train,autobus,train/autobus/218337345.jpg,keep
train,autobus,train/autobus/218375514.jpg,keep
train,autobus,train/autobus/218405590.jpg,keep
train,autobus,train/autobus/218417318.jpg,keep
train,autobus,train/autobus/218429535.jpg,keep
train,autobus,train/autobus/218485526.jpg,keep
train,autobus,train/autobus/218505266.jpg,keep
train,autobus,train/autobus/218540163.jpg,keep
train,autobus,train/autobus/218575882.jpg,keep
train,autobus,train/autobus/218619004.jpg,keep
train,autobus,train/autobus/218625583.jpg,keep
train,autobus,train/autobus/218626877.jpg,keep
train,autobus,train/autobus/218637584.jpg,keep
train,autobus,train/autobus/218643529.jpg,keep
train,autobus,train/autobus/218658621.jpg,keep
train,autobus,train/autobus/218667916.jpg,keep
train,autobus,train/autobus/218688301.jpg,keep
train,autobus,train/autobus/218700576.jpg,keep
train,autobus,train/autobus/218707877.jpg,keep
train,autobus,train/autobus/218737303.jpg,keep
train,autobus,train/autobus/218757064.jpg,keep
train,autobus,train/autobus/218767971.jpg,keep
train,autobus,train/autobus/218778454.jpg,keep
train,autobus,train/autobus/218787299.jpg,keep
train,autobus,train/autobus/218833342.jpg,keep
train,autobus,train/autobus/218858569.jpg,keep
train,autobus,train/autobus/218884742.jpg,keep
train,autobus,train/autobus/218903278.jpg,drop_near_test
train,autobus,train/autobus/218906989.jpg,keep
train,autobus,train/autobus/218908275.jpg,keep
train,autobus,train/autobus/218908823.jpg,keep
train,autobus,train/autobus/218915919.jpg,keep
train,autobus,train/autobus/218932432.jpg,keep
train,autobus,train/autobus/218936050.jpg,keep
train,autobus,train/autobus/218952897.jpg,keep
train,autobus,train/autobus/218959354.jpg,keep
train,autobus,train/autobus/218964750.jpg,keep
train,autobus,train/autobus/218993616.jpg,keep
train,autobus,train/autobus/218993999.jpg,keep
train,autobus,train/autobus/219073679.jpg,keep
train,autobus,train/autobus/219113041.jpg,keep
train,kamyun,train/kamyun/193062599.jpg,keep
train,kamyun,train/kamyun/193568157.jpg,keep
train,kamyun,train/kamyun/194260628.jpg,keep
train,kamyun,train/kamyun/194280536.jpg,keep
train,kamyun,train/kamyun/196384553.jpg,keep
train,kamyun,train/kamyun/196530974.jpg,keep
train,kamyun,train/kamyun/196943134.jpg,keep
train,kamyun,train/kamyun/197116035.jpg,keep
train,kamyun,train/kamyun/197346827.jpg,keep
train,kamyun,train/kamyun/197654108.jpg,keep
train,kamyun,train/kamyun/198081487.jpg,keep
train,kamyun,train/kamyun/198086630.jpg,keep
train,kamyun,train/kamyun/198229545.jpg,keep
train,kamyun,train/kamyun/198591863.jpg,keep
train,kamyun,train/kamyun/198661910.jpg,keep
train,kamyun,train/kamyun/198712812.jpg,keep
train,kamyun,train/kamyun/198923439.jpg,keep
train,kamyun,train/kamyun/199172201.jpg,keep
train,kamyun,train/kamyun/199185521.jpg,keep
train,kamyun,train/kamyun/199213257.jpg,keep
train,kamyun,train/kamyun/199511120.jpg,keep
train,kamyun,train/kamyun/200170189.jpg,keep
train,kamyun,train/kamyun/200333424.jpg,keep
train,kamyun,train/kamyun/200464110.jpg,keep
train,kamyun,train/kamyun/202031464.jpg,keep
train,kamyun,train/kamyun/204655887.jpg,keep
train,kamyun,train/kamyun/204958460.jpg,keep
train,kamyun,train/kamyun/205757433.jpg,keep
train,kamyun,train/kamyun/205760352.jpg,keep
train,kamyun,train/kamyun/206930130.jpg,keep
train,kamyun,train/kamyun/207402995.jpg,keep
train,kamyun,train/kamyun/210109298.jpg,keep
train,kamyun,train/kamyun/210622646.jpg,keep
train,kamyun,train/kamyun/211105618.jpg,keep
train,kamyun,train/kamyun/212538638.jpg,keep
train,kamyun,train/kamyun/212656774.jpg,keep
train,kamyun,train/kamyun/212770154.jpg,keep
train,kamyun,train/kamyun/212828689.jpg,keep
train,kamyun,train/kamyun/213506642.jpg,keep
train,kamyun,train/kamyun/213816578.jpg,keep
train,kamyun,train/kamyun/214363172.jpg,keep
train,kamyun,train/kamyun/214372132.jpg,keep
train,kamyun,train/kamyun/214617464.jpg,keep
train,kamyun,train/kamyun/214713226.jpg,keep
train,kamyun,train/kamyun/214772097.jpg,keep
train,kamyun,train/kamyun/214789826.jpg,keep
train,kamyun,train/kamyun/214831926.jpg,keep
train,kamyun,train/kamyun/214834457.jpg,keep
train,kamyun,train/kamyun/215059402.jpg,keep
train,kamyun,train/kamyun/215099946.jpg,keep
train,kamyun,train/kamyun/215113916.jpg,keep
train,kamyun,train/kamyun/215119243.jpg,keep
train,kamyun,train/kamyun/215121796.jpg,keep
train,kamyun,train/kamyun/215121872.jpg,keep
train,kamyun,train/kamyun/215572272.jpg,keep
train,kamyun,train/kamyun/215575740.jpg,keep
train,kamyun,train/kamyun/215580189.jpg,keep
train,kamyun,train/kamyun/215581412.jpg,keep
train,kamyun,train/kamyun/215614718.jpg,keep
train,kamyun,train/kamyun/215628455.jpg,keep
train,kamyun,train/kamyun/215635130.jpg,keep
train,kamyun,train/kamyun/215635181.jpg,keep
train,kamyun,train/kamyun/215673011.jpg,keep
train,kamyun,train/kamyun/215716022.jpg,keep
train,kamyun,train/kamyun/215725553.jpg,keep
train,kamyun,train/kamyun/215744517.jpg,keep
train,kamyun,train/kamyun/215753292.jpg,keep
train,kamyun,train/kamyun/215760120.jpg,keep
train,kamyun,train/kamyun/215771843.jpg,keep
train,kamyun,train/kamyun/215772828.jpg,keep
train,kamyun,train/kamyun/215789247.jpg,keep
train,kamyun,train/kamyun/215792145.jpg,keep
train,kamyun,train/kamyun/215825393.jpg,keep
train,kamyun,train/kamyun/215871113.jpg,keep
train,kamyun,train/kamyun/215888901.jpg,keep
train,kamyun,train/kamyun/215893105.jpg,keep
train,kamyun,train/kamyun/215912012.jpg,keep
train,kamyun,train/kamyun/215925454.jpg,keep
train,kamyun,train/kamyun/215933911.jpg,keep
train,kamyun,train/kamyun/215953828.jpg,keep
train,kamyun,train/kamyun/215970581.jpg,keep
train,kamyun,train/kamyun/215975099.jpg,keep
train,kamyun,train/kamyun/215989939.jpg,keep
train,kamyun,train/kamyun/216021910.jpg,keep
train,kamyun,train/kamyun/216040476.jpg,keep
train,kamyun,train/kamyun/216045038.jpg,keep
train,kamyun,train/kamyun/216062010.jpg,keep
train,kamyun,train/kamyun/216086881.jpg,keep
train,kamyun,train/kamyun/216114804.jpg,keep
train,kamyun,train/kamyun/216130239.jpg,keep
train,kamyun,train/kamyun/216133020.jpg,keep
train,kamyun,train/kamyun/216147955.jpg,keep
train,kamyun,train/kamyun/216173836.jpg,keep
train,kamyun,train/kamyun/216181883.jpg,keep
train,kamyun,train/kamyun/216184714.jpg,keep
train,kamyun,train/kamyun/216224608.jpg,keep
train,kamyun,train/kamyun/216295051.jpg,keep
train,kamyun,train/kamyun/216297923.jpg,keep
train,kamyun,train/kamyun/216317771.jpg,keep
train,kamyun,train/kamyun/216319937.jpg,keep
train,kamyun,train/kamyun/216419624.jpg,keep
train,kamyun,train/kamyun/216432092.jpg,keep
train,kamyun,train/kamyun/216432527.jpg,keep
train,kamyun,train/kamyun/216476063.jpg,keep
train,kamyun,train/kamyun/216479941.jpg,keep
train,kamyun,train/kamyun/216522671.jpg,keep
train,kamyun,train/kamyun/216525295.jpg,keep
train,kamyun,train/kamyun/216530770.jpg,keep
train,kamyun,train/kamyun/216556737.jpg,keep
train,kamyun,train/kamyun/216591450.jpg,keep
train,kamyun,train/kamyun/216599410.jpg,keep
train,kamyun,train/kamyun/216697023.jpg,keep
train,kamyun,train/kamyun/216710667.jpg,keep
train,kamyun,train/kamyun/216740654.jpg,keep
train,kamyun,train/kamyun/216801664.jpg,keep
train,kamyun,train/kamyun/216822835.jpg,keep
train,kamyun,train/kamyun/216830421.jpg,keep
train,kamyun,train/kamyun/216835885.jpg,keep
train,kamyun,train/kamyun/216847004.jpg,keep
train,kamyun,train/kamyun/216850661.jpg,keep
train,kamyun,train/kamyun/216857360.jpg,keep
train,kamyun,train/kamyun/216879297.jpg,keep
train,kamyun,train/kamyun/216902168.jpg,keep
train,kamyun,train/kamyun/216945616.jpg,keep
train,kamyun,train/kamyun/216963332.jpg,keep
train,kamyun,train/kamyun/216965741.jpg,keep
train,kamyun,train/kamyun/216977256.jpg,keep
train,kamyun,train/kamyun/216984093.jpg,keep
train,kamyun,train/kamyun/217007303.jpg,keep
train,kamyun,train/kamyun/217007653.jpg,keep
train,kamyun,train/kamyun/217012663.jpg,keep
train,kamyun,train/kamyun/217042067.jpg,keep
train,kamyun,train/kamyun/217067503.jpg,keep
train,kamyun,train/kamyun/217170352.jpg,keep
train,kamyun,train/kamyun/217204099.jpg,keep
train,kamyun,train/kamyun/217219987.jpg,keep
train,kamyun,train/kamyun/217274801.jpg,keep
train,kamyun,train/kamyun/217314647.jpg,keep
train,kamyun,train/kamyun/217362261.jpg,keep
train,kamyun,train/kamyun/217404366.jpg,keep
train,kamyun,train/kamyun/217447379.jpg,keep
train,kamyun,train/kamyun/217685543.jpg,keep
train,kamyun,train/kamyun/217758646.jpg,keep
train,kamyun,train/kamyun/217791052.jpg,keep
train,kamyun,train/kamyun/217798410.jpg,keep
train,kamyun,train/kamyun/217824671.jpg,keep
train,kamyun,train/kamyun/217826064.jpg,keep
train,kamyun,train/kamyun/217917607.jpg,keep
train,kamyun,train/kamyun/217935251.jpg,keep
train,kamyun,train/kamyun/217939203.jpg,keep
train,kamyun,train/kamyun/217955185.jpg,keep
train,kamyun,train/kamyun/217960658.jpg,keep
train,kamyun,train/kamyun/218000155.jpg,keep
train,kamyun,train/kamyun/218018095.jpg,keep
train,kamyun,train/kamyun/218018334.jpg,keep
train,kamyun,train/kamyun/218043863.jpg,keep
train,kamyun,train/kamyun/218104347.jpg,keep
train,kamyun,train/kamyun/218146720.jpg,keep
train,kamyun,train/kamyun/218161653.jpg,keep
train,kamyun,train/kamyun/218181782.jpg,keep
train,kamyun,train/kamyun/218187257.jpg,keep
train,kamyun,train/kamyun/218231967.jpg,keep
train,kamyun,train/kamyun/218240059.jpg,keep
train,kamyun,train/kamyun/218259349.jpg,keep
train,kamyun,train/kamyun/218279195.jpg,keep
train,kamyun,train/kamyun/218320799.jpg,keep
train,kamyun,train/kamyun/218352715.jpg,keep
train,kamyun,train/kamyun/218431091.jpg,keep
train,kamyun,train/kamyun/218464321.jpg,keep
train,kamyun,train/kamyun/218465748.jpg,keep
train,kamyun,train/kamyun/218528089.jpg,keep
train,kamyun,train/kamyun/218555708.jpg,keep
train,kamyun,train/kamyun/218558741.jpg,keep
train,kamyun,train/kamyun/218562055.jpg,keep
train,kamyun,train/kamyun/218562973.jpg,keep
train,kamyun,train/kamyun/218585529.jpg,keep
train,kamyun,train/kamyun/218586502.jpg,keep
train,kamyun,train/kamyun/218594904.jpg,keep
train,kamyun,train/kamyun/218626203.jpg,keep
train,kamyun,train/kamyun/218644842.jpg,keep
train,kamyun,train/kamyun/218662990.jpg,keep
train,kamyun,train/kamyun/218665199.jpg,keep
train,kamyun,train/kamyun/218697288.jpg,keep
train,kamyun,train/kamyun/218698955.jpg,keep
train,kamyun,train/kamyun/218706352.jpg,keep
train,kamyun,train/kamyun/218714519.jpg,keep
train,kamyun,train/kamyun/218715050.jpg,keep
train,kamyun,train/kamyun/218719172.jpg,keep
train,kamyun,train/kamyun/218722185.jpg,keep
train,kamyun,train/kamyun/218725706.jpg,keep
train,kamyun,train/kamyun/218728490.jpg,keep
train,kamyun,train/kamyun/218729502.jpg,keep
train,kamyun,train/kamyun/218733055.jpg,keep
train,kamyun,train/kamyun/218753345.jpg,keep
train,kamyun,train/kamyun/218760762.jpg,keep
train,kamyun,train/kamyun/218764401.jpg,keep
train,kamyun,train/kamyun/218778629.jpg,keep
train,kamyun,train/kamyun/218793846.jpg,keep
train,kamyun,train/kamyun/218812834.jpg,keep
train,kamyun,train/kamyun/218827750.jpg,keep
train,kamyun,train/kamyun/218828446.jpg,keep
train,kamyun,train/kamyun/218833324.jpg,keep
train,kamyun,train/kamyun/218833657.jpg,keep
train,kamyun,train/kamyun/218843937.jpg,keep
train,kamyun,train/kamyun/218851819.jpg,keep
train,kamyun,train/kamyun/218855953.jpg,keep
train,kamyun,train/kamyun/218884618.jpg,keep
train,kamyun,train/kamyun/218929209.jpg,keep
train,kamyun,train/kamyun/218951158.jpg,keep
train,kamyun,train/kamyun/218963215.jpg,keep
train,kamyun,train/kamyun/218967036.jpg,keep
train,kamyun,train/kamyun/218970183.jpg,keep
train,kamyun,train/kamyun/218977616.jpg,keep
train,kamyun,train/kamyun/218979754.jpg,keep
train,kamyun,train/kamyun/218998994.jpg,keep
train,kamyun,train/kamyun/219000438.jpg,keep
train,kamyun,train/kamyun/219027696.jpg,keep
train,kamyun,train/kamyun/219064884.jpg,keep
train,kamyun,train/kamyun/219095831.jpg,keep
train,kamyun,train/kamyun/219107667.jpg,keep
train,kamyun,train/kamyun/219126289.jpg,keep
train,kamyunet,train/kamyunet/193171555.jpg,keep
train,kamyunet,train/kamyunet/193234027.jpg,keep
train,kamyunet,train/kamyunet/193372049.jpg,keep
train,kamyunet,train/kamyunet/193903806.jpg,keep
train,kamyunet,train/kamyunet/194252891.jpg,keep
train,kamyunet,train/kamyunet/194270924.jpg,keep
train,kamyunet,train/kamyunet/194277690.jpg,keep
train,kamyunet,train/kamyunet/194278256.jpg,keep
train,kamyunet,train/kamyunet/195219977.jpg,keep
train,kamyunet,train/kamyunet/195578789.jpg,keep
train,kamyunet,train/kamyunet/195670551.jpg,keep
train,kamyunet,train/kamyunet/195923707.jpg,keep
train,kamyunet,train/kamyunet/196412320.jpg,keep
train,kamyunet,train/kamyunet/197387270.jpg,keep
train,kamyunet,train/kamyunet/197510266.jpg,keep
train,kamyunet,train/kamyunet/197524191.jpg,keep
train,kamyunet,train/kamyunet/197919393.jpg,keep
train,kamyunet,train/kamyunet/198119425.jpg,keep
train,kamyunet,train/kamyunet/198199671.jpg,keep
train,kamyunet,train/kamyunet/198247089.jpg,keep
train,kamyunet,train/kamyunet/198438253.jpg,keep
train,kamyunet,train/kamyunet/198458220.jpg,keep
train,kamyunet,train/kamyunet/198810534.jpg,keep
train,kamyunet,train/kamyunet/199179018.jpg,keep
train,kamyunet,train/kamyunet/199644443.jpg,keep
train,kamyunet,train/kamyunet/199773210.jpg,keep
train,kamyunet,train/kamyunet/200359181.jpg,keep
train,kamyunet,train/kamyunet/200413006.jpg,keep
train,kamyunet,train/kamyunet/200460350.jpg,keep
train,kamyunet,train/kamyunet/200467078.jpg,keep
train,kamyunet,train/kamyunet/201179873.jpg,keep
train,kamyunet,train/kamyunet/201261809.jpg,keep
train,kamyunet,train/kamyunet/202188960.jpg,keep
train,kamyunet,train/kamyunet/202198620.jpg,keep
train,kamyunet,train/kamyunet/202691204.jpg,keep
train,kamyunet,train/kamyunet/205077309.jpg,keep
train,kamyunet,train/kamyunet/205403787.jpg,keep
train,kamyunet,train/kamyunet/205841640.jpg,keep
train,kamyunet,train/kamyunet/206174596.jpg,keep
train,kamyunet,train/kamyunet/206542315.jpg,keep
train,kamyunet,train/kamyunet/208830517.jpg,keep
train,kamyunet,train/kamyunet/208870069.jpg,keep
train,kamyunet,train/kamyunet/209541758.jpg,keep
train,kamyunet,train/kamyunet/209546498.jpg,keep
train,kamyunet,train/kamyunet/209724949.jpg,keep
train,kamyunet,train/kamyunet/210064050.jpg,keep
train,kamyunet,train/kamyunet/210099989.jpg,keep
train,kamyunet,train/kamyunet/210127639.jpg,keep
train,kamyunet,train/kamyunet/210504161.jpg,keep
train,kamyunet,train/kamyunet/210749256.jpg,keep
train,kamyunet,train/kamyunet/211358345.jpg,keep
train,kamyunet,train/kamyunet/212033747.jpg,keep
train,kamyunet,train/kamyunet/212046691.jpg,keep
train,kamyunet,train/kamyunet/212119384.jpg,keep
train,kamyunet,train/kamyunet/212928506.jpg,keep
train,kamyunet,train/kamyunet/213311124.jpg,keep
train,kamyunet,train/kamyunet/213332262.jpg,keep
train,kamyunet,train/kamyunet/213479569.jpg,keep
train,kamyunet,train/kamyunet/213481023.jpg,keep
train,kamyunet,train/kamyunet/213482233.jpg,keep
train,kamyunet,train/kamyunet/214284950.jpg,keep
train,kamyunet,train/kamyunet/214285219.jpg,keep
train,kamyunet,train/kamyunet/214321010.jpg,keep
train,kamyunet,train/kamyunet/214358573.jpg,keep
train,kamyunet,train/kamyunet/214641253.jpg,keep
train,kamyunet,train/kamyunet/214657348.jpg,keep
train,kamyunet,train/kamyunet/214773624.jpg,keep
train,kamyunet,train/kamyunet/214845535.jpg,keep
train,kamyunet,train/kamyunet/214925670.jpg,keep
train,kamyunet,train/kamyunet/215104341.jpg,keep
train,kamyunet,train/kamyunet/215175729.jpg,keep
train,kamyunet,train/kamyunet/215188569.jpg,keep
train,kamyunet,train/kamyunet/215242068.jpg,keep
train,kamyunet,train/kamyunet/215286925.jpg,keep
train,kamyunet,train/kamyunet/215345300.jpg,keep
train,kamyunet,train/kamyunet/215569282.jpg,keep
train,kamyunet,train/kamyunet/215589180.jpg,keep
train,kamyunet,train/kamyunet/215600811.jpg,keep
train,kamyunet,train/kamyunet/215612697.jpg,keep
train,kamyunet,train/kamyunet/215613977.jpg,keep
train,kamyunet,train/kamyunet/215618855.jpg,keep
train,kamyunet,train/kamyunet/215671765.jpg,keep
train,kamyunet,train/kamyunet/215685158.jpg,keep
train,kamyunet,train/kamyunet/215687118.jpg,keep
train,kamyunet,train/kamyunet/215687961.jpg,keep
train,kamyunet,train/kamyunet/215692883.jpg,keep
train,kamyunet,train/kamyunet/215699541.jpg,keep
train,kamyunet,train/kamyunet/215708185.jpg,keep
train,kamyunet,train/kamyunet/215721968.jpg,keep
train,kamyunet,train/kamyunet/215756767.jpg,keep
train,kamyunet,train/kamyunet/215757279.jpg,keep
train,kamyunet,train/kamyunet/215780691.jpg,keep
train,kamyunet,train/kamyunet/215789530.jpg,keep
train,kamyunet,train/kamyunet/215795207.jpg,keep
train,kamyunet,train/kamyunet/215801211.jpg,keep
train,kamyunet,train/kamyunet/215829451.jpg,keep
train,kamyunet,train/kamyunet/215839717.jpg,keep
train,kamyunet,train/kamyunet/215847280.jpg,keep
train,kamyunet,train/kamyunet/215862632.jpg,keep
train,kamyunet,train/kamyunet/215884288.jpg,keep
train,kamyunet,train/kamyunet/215904707.jpg,keep
train,kamyunet,train/kamyunet/215906129.jpg,keep
train,kamyunet,train/kamyunet/215916570.jpg,keep
train,kamyunet,train/kamyunet/215917528.jpg,keep
train,kamyunet,train/kamyunet/215946155.jpg,keep
train,kamyunet,train/kamyunet/215951406.jpg,keep
train,kamyunet,train/kamyunet/215951709.jpg,keep
train,kamyunet,train/kamyunet/215961412.jpg,keep
train,kamyunet,train/kamyunet/216006559.jpg,keep
train,kamyunet,train/kamyunet/216008162.jpg,keep
train,kamyunet,train/kamyunet/216010811.jpg,keep
train,kamyunet,train/kamyunet/216019031.jpg,keep
train,kamyunet,train/kamyunet/216022236.jpg,keep
train,kamyunet,train/kamyunet/216026504.jpg,keep
train,kamyunet,train/kamyunet/216027967.jpg,keep
train,kamyunet,train/kamyunet/216030677.jpg,keep
train,kamyunet,train/kamyunet/216038703.jpg,keep
train,kamyunet,train/kamyunet/216039206.jpg,keep
train,kamyunet,train/kamyunet/216039996.jpg,keep
train,kamyunet,train/kamyunet/216045870.jpg,keep
train,kamyunet,train/kamyunet/216048837.jpg,keep
train,kamyunet,train/kamyunet/216071433.jpg,keep
train,kamyunet,train/kamyunet/216084425.jpg,keep
train,kamyunet,train/kamyunet/216088991.jpg,keep
train,kamyunet,train/kamyunet/216104417.jpg,keep
train,kamyunet,train/kamyunet/216158404.jpg,keep
train,kamyunet,train/kamyunet/216293604.jpg,keep
train,kamyunet,train/kamyunet/216318337.jpg,keep
train,kamyunet,train/kamyunet/216417572.jpg,keep
train,kamyunet,train/kamyunet/216433007.jpg,keep
train,kamyunet,train/kamyunet/216447524.jpg,keep
train,kamyunet,train/kamyunet/216483357.jpg,keep
train,kamyunet,train/kamyunet/216491496.jpg,keep
train,kamyunet,train/kamyunet/216538122.jpg,keep
train,kamyunet,train/kamyunet/216539171.jpg,keep
train,kamyunet,train/kamyunet/216561920.jpg,keep
train,kamyunet,train/kamyunet/216563794.jpg,keep
train,kamyunet,train/kamyunet/216578494.jpg,keep
train,kamyunet,train/kamyunet/216581893.jpg,keep
train,kamyunet,train/kamyunet/216589057.jpg,keep
train,kamyunet,train/kamyunet/216618023.jpg,keep
train,kamyunet,train/kamyunet/216625819.jpg,keep
train,kamyunet,train/kamyunet/216628238.jpg,keep
train,kamyunet,train/kamyunet/216646196.jpg,keep
train,kamyunet,train/kamyunet/216648866.jpg,keep
train,kamyunet,train/kamyunet/216733938.jpg,keep
train,kamyunet,train/kamyunet/216738258.jpg,keep
train,kamyunet,train/kamyunet/216769772.jpg,keep
train,kamyunet,train/kamyunet/216779337.jpg,keep
train,kamyunet,train/kamyunet/216808886.jpg,keep
train,kamyunet,train/kamyunet/216832169.jpg,keep
train,kamyunet,train/kamyunet/216833735.jpg,keep
train,kamyunet,train/kamyunet/216854381.jpg,keep
train,kamyunet,train/kamyunet/216864100.jpg,keep
train,kamyunet,train/kamyunet/216909763.jpg,keep
train,kamyunet,train/kamyunet/216934910.jpg,keep
train,kamyunet,train/kamyunet/216964385.jpg,keep
train,kamyunet,train/kamyunet/216973054.jpg,keep
train,kamyunet,train/kamyunet/216984996.jpg,keep
train,kamyunet,train/kamyunet/217008914.jpg,keep
train,kamyunet,train/kamyunet/217031973.jpg,keep
train,kamyunet,train/kamyunet/217054200.jpg,keep
train,kamyunet,train/kamyunet/217054853.jpg,keep
train,kamyunet,train/kamyunet/217064296.jpg,keep
train,kamyunet,train/kamyunet/217140921.jpg,keep
train,kamyunet,train/kamyunet/217143476.jpg,keep
train,kamyunet,train/kamyunet/217156552.jpg,keep
train,kamyunet,train/kamyunet/217185484.jpg,keep
train,kamyunet,train/kamyunet/217189003.jpg,keep
train,kamyunet,train/kamyunet/217193298.jpg,keep
train,kamyunet,train/kamyunet/217194325.jpg,keep
train,kamyunet,train/kamyunet/217199468.jpg,keep
train,kamyunet,train/kamyunet/217202775.jpg,keep
train,kamyunet,train/kamyunet/217203031.jpg,keep
train,kamyunet,train/kamyunet/217203351.jpg,keep
train,kamyunet,train/kamyunet/217206646.jpg,keep
train,kamyunet,train/kamyunet/217328161.jpg,keep
train,kamyunet,train/kamyunet/217341470.jpg,keep
train,kamyunet,train/kamyunet/217381231.jpg,keep
train,kamyunet,train/kamyunet/217425322.jpg,keep
train,kamyunet,train/kamyunet/217624081.jpg,keep
train,kamyunet,train/kamyunet/217743945.jpg,keep
train,kamyunet,train/kamyunet/217760085.jpg,keep
train,kamyunet,train/kamyunet/217762819.jpg,keep
train,kamyunet,train/kamyunet/217763231.jpg,keep
train,kamyunet,train/kamyunet/217780037.jpg,keep
train,kamyunet,train/kamyunet/217795203.jpg,keep
train,kamyunet,train/kamyunet/217800606.jpg,keep
train,kamyunet,train/kamyunet/217807697.jpg,keep
train,kamyunet,train/kamyunet/217859902.jpg,keep
train,kamyunet,train/kamyunet/217914514.jpg,keep
train,kamyunet,train/kamyunet/217948136.jpg,keep
train,kamyunet,train/kamyunet/217957818.jpg,keep
train,kamyunet,train/kamyunet/217958045.jpg,keep
train,kamyunet,train/kamyunet/217970390.jpg,keep
train,kamyunet,train/kamyunet/217986709.jpg,keep
train,kamyunet,train/kamyunet/217999922.jpg,keep
train,kamyunet,train/kamyunet/218020793.jpg,keep
train,kamyunet,train/kamyunet/218063376.jpg,keep
train,kamyunet,train/kamyunet/218063876.jpg,keep
train,kamyunet,train/kamyunet/218064792.jpg,keep
train,kamyunet,train/kamyunet/218065087.jpg,keep
train,kamyunet,train/kamyunet/218071562.jpg,keep
train,kamyunet,train/kamyunet/218130006.jpg,keep
train,kamyunet,train/kamyunet/218137882.jpg,keep
train,kamyunet,train/kamyunet/218154755.jpg,keep
train,kamyunet,train/kamyunet/218166349.jpg,keep
train,kamyunet,train/kamyunet/218178501.jpg,keep
train,kamyunet,train/kamyunet/218206459.jpg,keep
train,kamyunet,train/kamyunet/218324130.jpg,keep
train,kamyunet,train/kamyunet/218324880.jpg,keep
train,kamyunet,train/kamyunet/218367749.jpg,keep
train,kamyunet,train/kamyunet/218410038.jpg,keep
train,kamyunet,train/kamyunet/218482181.jpg,keep
train,kamyunet,train/kamyunet/218532550.jpg,keep
train,kamyunet,train/kamyunet/218541002.jpg,keep
train,kamyunet,train/kamyunet/218583813.jpg,keep
train,kamyunet,train/kamyunet/218587067.jpg,keep
train,kamyunet,train/kamyunet/218596985.jpg,keep
train,kamyunet,train/kamyunet/218624593.jpg,keep
train,kamyunet,train/kamyunet/218683897.jpg,keep
train,kamyunet,train/kamyunet/218712588.jpg,keep
train,kamyunet,train/kamyunet/218713895.jpg,keep
train,kamyunet,train/kamyunet/218716430.jpg,keep
train,kamyunet,train/kamyunet/218719693.jpg,keep
train,kamyunet,train/kamyunet/218720188.jpg,keep
train,kamyunet,train/kamyunet/218723178.jpg,keep
train,kamyunet,train/kamyunet/218726050.jpg,keep
train,kamyunet,train/kamyunet/218727216.jpg,keep
train,kamyunet,train/kamyunet/218756122.jpg,keep
train,kamyunet,train/kamyunet/218756357.jpg,keep
train,kamyunet,train/kamyunet/218777039.jpg,keep
train,kamyunet,train/kamyunet/218804420.jpg,keep
train,kamyunet,train/kamyunet/218813969.jpg,keep
train,kamyunet,train/kamyunet/218825517.jpg,keep
train,kamyunet,train/kamyunet/218839669.jpg,keep
train,kamyunet,train/kamyunet/218866893.jpg,keep
train,kamyunet,train/kamyunet/218872188.jpg,keep
train,kamyunet,train/kamyunet/218878704.jpg,keep
train,kamyunet,train/kamyunet/218892809.jpg,keep
train,kamyunet,train/kamyunet/218906168.jpg,keep
train,kamyunet,train/kamyunet/218935445.jpg,keep
train,kamyunet,train/kamyunet/218936367.jpg,keep
train,kamyunet,train/kamyunet/218946635.jpg,keep
train,kamyunet,train/kamyunet/218948404.jpg,keep
train,kamyunet,train/kamyunet/218963223.jpg,keep
train,kamyunet,train/kamyunet/218965460.jpg,keep
train,kamyunet,train/kamyunet/218973447.jpg,keep
train,kamyunet,train/kamyunet/218974741.jpg,keep
train,kamyunet,train/kamyunet/218983938.jpg,keep
train,kamyunet,train/kamyunet/218984358.jpg,keep
train,kamyunet,train/kamyunet/218984813.jpg,keep
train,kamyunet,train/kamyunet/219002808.jpg,keep
train,kamyunet,train/kamyunet/219008632.jpg,keep
train,kamyunet,train/kamyunet/219008707.jpg,keep
train,kamyunet,train/kamyunet/219011995.jpg,keep
train,kamyunet,train/kamyunet/219017445.jpg,keep
train,kamyunet,train/kamyunet/219021636.jpg,keep
train,kamyunet,train/kamyunet/219055863.jpg,keep
train,kamyunet,train/kamyunet/219057756.jpg,keep
train,kamyunet,train/kamyunet/219060424.jpg,keep
train,kamyunet,train/kamyunet/219069952.jpg,keep
train,kamyunet,train/kamyunet/219070364.jpg,keep
train,kamyunet,train/kamyunet/219082928.jpg,keep
train,kamyunet,train/kamyunet/219114546.jpg,keep
train,kamyunet,train/kamyunet/219118055.jpg,keep
train,kamyunet,train/kamyunet/219120783.jpg,keep
train,minibus,train/minibus/193167614.jpg,keep
train,minibus,train/minibus/193880181.jpg,keep
train,minibus,train/minibus/193927778.jpg,keep
train,minibus,train/minibus/194601918.jpg,keep
train,minibus,train/minibus/195315678.jpg,keep
train,minibus,train/minibus/195315739.jpg,keep
train,minibus,train/minibus/195644491.jpg,keep
train,minibus,train/minibus/196234914.jpg,keep
train,minibus,train/minibus/196261888.jpg,keep
train,minibus,train/minibus/196385182.jpg,keep
train,minibus,train/minibus/196386397.jpg,keep
train,minibus,train/minibus/196752594.jpg,keep
train,minibus,train/minibus/197142055.jpg,keep
train,minibus,train/minibus/197490596.jpg,keep
train,minibus,train/minibus/197855728.jpg,keep
train,minibus,train/minibus/197892143.jpg,keep
train,minibus,train/minibus/198084245.jpg,keep
train,minibus,train/minibus/198108578.jpg,keep
train,minibus,train/minibus/198331521.jpg,keep
train,minibus,train/minibus/198398123.jpg,keep
train,minibus,train/minibus/198432863.jpg,keep
train,minibus,train/minibus/198466093.jpg,keep
train,minibus,train/minibus/198472825.jpg,keep
train,minibus,train/minibus/198508755.jpg,keep
train,minibus,train/minibus/198885269.jpg,keep
train,minibus,train/minibus/198885299.jpg,keep
train,minibus,train/minibus/199981262.jpg,keep
train,minibus,train/minibus/200463401.jpg,keep
train,minibus,train/minibus/201364864.jpg,keep
train,minibus,train/minibus/202222574.jpg,keep
train,minibus,train/minibus/202350769.jpg,keep
train,minibus,train/minibus/203237495.jpg,keep
train,minibus,train/minibus/203238526.jpg,keep
train,minibus,train/minibus/203404935.jpg,keep
train,minibus,train/minibus/203677139.jpg,keep
train,minibus,train/minibus/204463987.jpg,keep
train,minibus,train/minibus/205737488.jpg,keep
train,minibus,train/minibus/205763607.jpg,keep
train,minibus,train/minibus/205808255.jpg,keep
train,minibus,train/minibus/205855305.jpg,keep
train,minibus,train/minibus/205866523.jpg,keep
train,minibus,train/minibus/205924190.jpg,keep
train,minibus,train/minibus/205924423.jpg,keep
train,minibus,train/minibus/205925887.jpg,keep
train,minibus,train/minibus/205929260.jpg,keep
train,minibus,train/minibus/205929471.jpg,keep
train,minibus,train/minibus/205930284.jpg,keep
train,minibus,train/minibus/205936989.jpg,keep
train,minibus,train/minibus/205940443.jpg,keep
train,minibus,train/minibus/205941203.jpg,keep
train,minibus,train/minibus/205941237.jpg,keep
train,minibus,train/minibus/205942181.jpg,keep
train,minibus,train/minibus/205942776.jpg,keep
train,minibus,train/minibus/205944778.jpg,keep
train,minibus,train/minibus/206058953.jpg,keep
train,minibus,train/minibus/206066058.jpg,keep
train,minibus,train/minibus/206067532.jpg,keep
train,minibus,train/minibus/206121407.jpg,keep
train,minibus,train/minibus/206169936.jpg,keep
train,minibus,train/minibus/206172277.jpg,keep
train,minibus,train/minibus/206185314.jpg,keep
train,minibus,train/minibus/206186624.jpg,keep
train,minibus,train/minibus/206188796.jpg,keep
train,minibus,train/minibus/206193278.jpg,keep
train,minibus,train/minibus/206253264.jpg,keep
train,minibus,train/minibus/206606436.jpg,keep
train,minibus,train/minibus/207309597.jpg,keep
train,minibus,train/minibus/208050952.jpg,keep
train,minibus,train/minibus/209781589.jpg,keep
train,minibus,train/minibus/210099617.jpg,keep
train,minibus,train/minibus/210100594.jpg,keep
train,minibus,train/minibus/210102531.jpg,keep
train,minibus,train/minibus/210105535.jpg,keep
train,minibus,train/minibus/210108171.jpg,keep
train,minibus,train/minibus/210125671.jpg,keep
train,minibus,train/minibus/210170230.jpg,keep
train,minibus,train/minibus/210270715.jpg,keep
train,minibus,train/minibus/212142103.jpg,keep
train,minibus,train/minibus/213030257.jpg,keep
train,minibus,train/minibus/213204770.jpg,keep
train,minibus,train/minibus/214045254.jpg,keep
train,minibus,train/minibus/214381211.jpg,keep
train,minibus,train/minibus/214620434.jpg,keep
train,minibus,train/minibus/214672749.jpg,keep
train,minibus,train/minibus/214730971.jpg,keep
train,minibus,train/minibus/214734110.jpg,keep
train,minibus,train/minibus/214762035.jpg,keep
train,minibus,train/minibus/214795141.jpg,keep
train,minibus,train/minibus/214810628.jpg,keep
train,minibus,train/minibus/214813678.jpg,keep
train,minibus,train/minibus/214823637.jpg,keep
train,minibus,train/minibus/215113899.jpg,keep
train,minibus,train/minibus/215143612.jpg,keep
train,minibus,train/minibus/215155081.jpg,keep
train,minibus,train/minibus/215180805.jpg,keep
train,minibus,train/minibus/215329984.jpg,keep
train,minibus,train/minibus/215508288.jpg,keep
train,minibus,train/minibus/215533576.jpg,keep
train,minibus,train/minibus/215585136.jpg,keep
train,minibus,train/minibus/215607636.jpg,drop_near_test
train,minibus,train/minibus/215610138.jpg,keep
train,minibus,train/minibus/215666828.jpg,keep
train,minibus,train/minibus/215690344.jpg,keep
train,minibus,train/minibus/215694184.jpg,keep
train,minibus,train/minibus/215703743.jpg,keep
train,minibus,train/minibus/215716513.jpg,keep
train,minibus,train/minibus/215721654.jpg,keep
train,minibus,train/minibus/215722954.jpg,keep
train,minibus,train/minibus/215726997.jpg,keep
train,minibus,train/minibus/215743713.jpg,keep
train,minibus,train/minibus/215763336.jpg,keep
train,minibus,train/minibus/215772197.jpg,keep
train,minibus,train/minibus/215772762.jpg,keep
train,minibus,train/minibus/215773477.jpg,keep
train,minibus,train/minibus/215777882.jpg,keep
train,minibus,train/minibus/215779776.jpg,keep
train,minibus,train/minibus/215836229.jpg,keep
train,minibus,train/minibus/215857913.jpg,keep
train,minibus,train/minibus/215859419.jpg,drop_near_test
train,minibus,train/minibus/215890147.jpg,keep
train,minibus,train/minibus/215913440.jpg,keep
train,minibus,train/minibus/215934908.jpg,keep
train,minibus,train/minibus/215945358.jpg,keep
train,minibus,train/minibus/215984229.jpg,keep
train,minibus,train/minibus/215985546.jpg,keep
train,minibus,train/minibus/215989638.jpg,keep
train,minibus,train/minibus/215989811.jpg,keep
train,minibus,train/minibus/216003886.jpg,keep
train,minibus,train/minibus/216024184.jpg,keep
train,minibus,train/minibus/216034562.jpg,keep
train,minibus,train/minibus/216044266.jpg,keep
train,minibus,train/minibus/216077073.jpg,keep
train,minibus,train/minibus/216088632.jpg,keep
train,minibus,train/minibus/216102563.jpg,keep
train,minibus,train/minibus/216106217.jpg,keep
train,minibus,train/minibus/216115253.jpg,keep
train,minibus,train/minibus/216127047.jpg,keep
train,minibus,train/minibus/216127555.jpg,keep
train,minibus,train/minibus/216147129.jpg,keep
train,minibus,train/minibus/216166252.jpg,keep
train,minibus,train/minibus/216184596.jpg,keep
train,minibus,train/minibus/216326170.jpg,keep
train,minibus,train/minibus/216405073.jpg,keep
train,minibus,train/minibus/216419649.jpg,keep
train,minibus,train/minibus/216427737.jpg,keep
train,minibus,train/minibus/216428820.jpg,keep
train,minibus,train/minibus/216465953.jpg,keep
train,minibus,train/minibus/216496687.jpg,keep
train,minibus,train/minibus/216539402.jpg,drop_near_test
train,minibus,train/minibus/216566437.jpg,keep
train,minibus,train/minibus/216616255.jpg,keep
train,minibus,train/minibus/216631528.jpg,keep
train,minibus,train/minibus/216667781.jpg,keep
train,minibus,train/minibus/216680958.jpg,keep
train,minibus,train/minibus/216735501.jpg,keep
train,minibus,train/minibus/216736603.jpg,keep
train,minibus,train/minibus/216736913.jpg,keep
train,minibus,train/minibus/216763364.jpg,keep
train,minibus,train/minibus/216769695.jpg,keep
train,minibus,train/minibus/216782744.jpg,keep
train,minibus,train/minibus/216782805.jpg,keep
train,minibus,train/minibus/216830668.jpg,keep
train,minibus,train/minibus/216842480.jpg,keep
train,minibus,train/minibus/216874482.jpg,keep
train,minibus,train/minibus/216875575.jpg,keep
train,minibus,train/minibus/216910456.jpg,keep
train,minibus,train/minibus/216912246.jpg,keep
train,minibus,train/minibus/216947159.jpg,keep
train,minibus,train/minibus/216973888.jpg,keep
train,minibus,train/minibus/216977414.jpg,keep
train,minibus,train/minibus/216999560.jpg,keep
train,minibus,train/minibus/217006575.jpg,keep
train,minibus,train/minibus/217009310.jpg,keep
train,minibus,train/minibus/217025806.jpg,keep
train,minibus,train/minibus/217173695.jpg,keep
train,minibus,train/minibus/217188225.jpg,keep
train,minibus,train/minibus/217196726.jpg,keep
train,minibus,train/minibus/217197302.jpg,keep
train,minibus,train/minibus/217634434.jpg,keep
train,minibus,train/minibus/217712958.jpg,keep
train,minibus,train/minibus/217826361.jpg,keep
train,minibus,train/minibus/217959075.jpg,keep
train,minibus,train/minibus/217986520.jpg,keep
train,minibus,train/minibus/217995231.jpg,keep
train,minibus,train/minibus/218002136.jpg,keep
train,minibus,train/minibus/218022337.jpg,keep
train,minibus,train/minibus/218049788.jpg,keep
train,minibus,train/minibus/218080034.jpg,keep
train,minibus,train/minibus/218106671.jpg,keep
train,minibus,train/minibus/218145621.jpg,keep
train,minibus,train/minibus/218145650.jpg,keep
train,minibus,train/minibus/218145869.jpg,keep
train,minibus,train/minibus/218147720.jpg,keep
train,minibus,train/minibus/218185076.jpg,keep
train,minibus,train/minibus/218223645.jpg,keep
train,minibus,train/minibus/218317977.jpg,keep
train,minibus,train/minibus/218321697.jpg,drop_near_test
train,minibus,train/minibus/218367789.jpg,keep
train,minibus,train/minibus/218541081.jpg,keep
train,minibus,train/minibus/218553813.jpg,keep
train,minibus,train/minibus/218573670.jpg,keep
train,minibus,train/minibus/218588128.jpg,keep
train,minibus,train/minibus/218588746.jpg,keep
train,minibus,train/minibus/218596879.jpg,drop_near_test
train,minibus,train/minibus/218598404.jpg,keep
train,minibus,train/minibus/218608623.jpg,keep
train,minibus,train/minibus/218624962.jpg,keep
train,minibus,train/minibus/218657520.jpg,keep
train,minibus,train/minibus/218659561.jpg,keep
train,minibus,train/minibus/218681641.jpg,keep
train,minibus,train/minibus/218722599.jpg,keep
train,minibus,train/minibus/218728399.jpg,keep
train,minibus,train/minibus/218732172.jpg,keep
train,minibus,train/minibus/218740264.jpg,keep
train,minibus,train/minibus/218740708.jpg,keep
train,minibus,train/minibus/218768816.jpg,keep
train,minibus,train/minibus/218845268.jpg,keep
train,minibus,train/minibus/218882489.jpg,keep
train,minibus,train/minibus/218901213.jpg,keep
train,minibus,train/minibus/218918535.jpg,keep
train,minibus,train/minibus/218939308.jpg,keep
train,minibus,train/minibus/218952212.jpg,keep
train,minibus,train/minibus/218979253.jpg,keep
train,minibus,train/minibus/218984737.jpg,keep
train,minibus,train/minibus/218999495.jpg,keep
train,minibus,train/minibus/219015757.jpg,keep
train,minibus,train/minibus/219024828.jpg,keep
train,minibus,train/minibus/219025847.jpg,keep
train,minibus,train/minibus/219068960.jpg,keep
train,minibus,train/minibus/219123664.jpg,keep
train,savari,train/savari/193865576.jpg,keep
train,savari,train/savari/195461114.jpg,keep
train,savari,train/savari/195586052.jpg,keep
train,savari,train/savari/195839967.jpg,keep
train,savari,train/savari/195911472.jpg,keep
train,savari,train/savari/196477980.jpg,keep
train,savari,train/savari/196601379.jpg,keep
train,savari,train/savari/197021107.jpg,keep
train,savari,train/savari/197381955.jpg,keep
train,savari,train/savari/197668390.jpg,keep
train,savari,train/savari/197695504.jpg,keep
train,savari,train/savari/197696747.jpg,keep
train,savari,train/savari/197816467.jpg,keep
train,savari,train/savari/198132254.jpg,keep
train,savari,train/savari/198221838.jpg,keep
train,savari,train/savari/198224561.jpg,keep
train,savari,train/savari/198334045.jpg,keep
train,savari,train/savari/198340571.jpg,keep
train,savari,train/savari/198385679.jpg,keep
train,savari,train/savari/198508281.jpg,keep
train,savari,train/savari/198600953.jpg,keep
train,savari,train/savari/198701356.jpg,keep
train,savari,train/savari/198734860.jpg,keep
train,savari,train/savari/198748852.jpg,keep
train,savari,train/savari/198929401.jpg,keep
train,savari,train/savari/199057130.jpg,keep
train,savari,train/savari/199201260.jpg,keep
train,savari,train/savari/199256640.jpg,keep
train,savari,train/savari/199280713.jpg,keep
train,savari,train/savari/199300081.jpg,keep
train,savari,train/savari/199595051.jpg,keep
train,savari,train/savari/199630427.jpg,keep
train,savari,train/savari/199702972.jpg,keep
train,savari,train/savari/199827467.jpg,keep
train,savari,train/savari/200121154.jpg,keep
train,savari,train/savari/200850651.jpg,keep
train,savari,train/savari/200868342.jpg,keep
train,savari,train/savari/201730625.jpg,keep
train,savari,train/savari/201797319.jpg,keep
train,savari,train/savari/202041863.jpg,keep
train,savari,train/savari/202273928.jpg,keep
train,savari,train/savari/202316938.jpg,keep
train,savari,train/savari/202772152.jpg,keep
train,savari,train/savari/204792146.jpg,keep
train,savari,train/savari/205009323.jpg,keep
train,savari,train/savari/205049904.jpg,keep
train,savari,train/savari/205313767.jpg,keep
train,savari,train/savari/205354762.jpg,keep
train,savari,train/savari/205377474.jpg,keep
train,savari,train/savari/205495938.jpg,keep
train,savari,train/savari/206027281.jpg,keep
train,savari,train/savari/206140594.jpg,keep
train,savari,train/savari/206147449.jpg,keep
train,savari,train/savari/206290018.jpg,keep
train,savari,train/savari/206375505.jpg,keep
train,savari,train/savari/206420263.jpg,keep
train,savari,train/savari/206431037.jpg,keep
train,savari,train/savari/206523590.jpg,keep
train,savari,train/savari/206573249.jpg,keep
train,savari,train/savari/206755128.jpg,keep
train,savari,train/savari/206830043.jpg,keep
train,savari,train/savari/206858481.jpg,keep
train,savari,train/savari/206925163.jpg,keep
train,savari,train/savari/207703881.jpg,keep
train,savari,train/savari/207759852.jpg,keep
train,savari,train/savari/207814911.jpg,keep
train,savari,train/savari/207849789.jpg,keep
train,savari,train/savari/207857225.jpg,keep
train,savari,train/savari/207964148.jpg,keep
train,savari,train/savari/208090232.jpg,keep
train,savari,train/savari/208184846.jpg,keep
train,savari,train/savari/208296185.jpg,keep
train,savari,train/savari/208355250.jpg,keep
train,savari,train/savari/208443200.jpg,keep
train,savari,train/savari/208516040.jpg,keep
train,savari,train/savari/208561726.jpg,keep
train,savari,train/savari/208637892.jpg,keep
train,savari,train/savari/208698681.jpg,keep
train,savari,train/savari/209013092.jpg,keep
train,savari,train/savari/209111011.jpg,keep
train,savari,train/savari/209117376.jpg,keep
train,savari,train/savari/209285270.jpg,keep
train,savari,train/savari/209371818.jpg,keep
train,savari,train/savari/209403185.jpg,keep
train,savari,train/savari/209527831.jpg,keep
train,savari,train/savari/209847217.jpg,keep
train,savari,train/savari/210015193.jpg,keep
train,savari,train/savari/210379387.jpg,keep
train,savari,train/savari/210403204.jpg,keep
train,savari,train/savari/210403494.jpg,keep
train,savari,train/savari/210488078.jpg,keep
train,savari,train/savari/210565057.jpg,keep
train,savari,train/savari/210771543.jpg,keep
train,savari,train/savari/210970421.jpg,keep
train,savari,train/savari/211053195.jpg,keep
train,savari,train/savari/211163295.jpg,keep
train,savari,train/savari/211295182.jpg,keep
train,savari,train/savari/211395884.jpg,keep
train,savari,train/savari/211425180.jpg,keep
train,savari,train/savari/211480297.jpg,keep
train,savari,train/savari/211483910.jpg,keep
train,savari,train/savari/211521907.jpg,keep
train,savari,train/savari/211574020.jpg,keep
train,savari,train/savari/211781928.jpg,keep
train,savari,train/savari/211932573.jpg,keep
train,savari,train/savari/211944076.jpg,keep
train,savari,train/savari/211951629.jpg,keep
train,savari,train/savari/212001568.jpg,keep
train,savari,train/savari/212107649.jpg,keep
train,savari,train/savari/212301629.jpg,keep
train,savari,train/savari/212311889.jpg,keep
train,savari,train/savari/212364016.jpg,keep
train,savari,train/savari/213056482.jpg,keep
train,savari,train/savari/213059955.jpg,keep
train,savari,train/savari/213179580.jpg,keep
train,savari,train/savari/213228565.jpg,keep
train,savari,train/savari/213298031.jpg,keep
train,savari,train/savari/213322591.jpg,keep
train,savari,train/savari/213336730.jpg,keep
train,savari,train/savari/213545578.jpg,keep
train,savari,train/savari/214217815.jpg,keep
train,savari,train/savari/214361998.jpg,keep
train,savari,train/savari/214391601.jpg,keep
train,savari,train/savari/214535283.jpg,keep
train,savari,train/savari/214690824.jpg,keep
train,savari,train/savari/214749765.jpg,keep
train,savari,train/savari/214754706.jpg,keep
train,savari,train/savari/214790427.jpg,keep
train,savari,train/savari/214845815.jpg,keep
train,savari,train/savari/215062582.jpg,keep
train,savari,train/savari/215156551.jpg,keep
train,savari,train/savari/215476329.jpg,keep
train,savari,train/savari/215700187.jpg,keep
train,savari,train/savari/215767529.jpg,keep
train,savari,train/savari/215841797.jpg,keep
train,savari,train/savari/215962276.jpg,keep
train,savari,train/savari/215997280.jpg,keep
train,savari,train/savari/216019459.jpg,keep
train,savari,train/savari/216020950.jpg,keep
train,savari,train/savari/216106609.jpg,keep
train,savari,train/savari/216119295.jpg,keep
train,savari,train/savari/216120769.jpg,keep
train,savari,train/savari/216121140.jpg,keep
train,savari,train/savari/216129393.jpg,keep
train,savari,train/savari/216155616.jpg,keep
train,savari,train/savari/216157894.jpg,keep
train,savari,train/savari/216182368.jpg,keep
train,savari,train/savari/216192117.jpg,keep
train,savari,train/savari/216232087.jpg,keep
train,savari,train/savari/216234933.jpg,keep
train,savari,train/savari/216418770.jpg,keep
train,savari,train/savari/216423320.jpg,keep
train,savari,train/savari/216426931.jpg,keep
train,savari,train/savari/216453356.jpg,keep
train,savari,train/savari/216522104.jpg,keep
train,savari,train/savari/216526649.jpg,keep
train,savari,train/savari/216533289.jpg,keep
train,savari,train/savari/216539135.jpg,keep
train,savari,train/savari/216561625.jpg,keep
train,savari,train/savari/216562677.jpg,keep
train,savari,train/savari/216585891.jpg,keep
train,savari,train/savari/216587611.jpg,keep
train,savari,train/savari/216621071.jpg,keep
train,savari,train/savari/216623020.jpg,keep
train,savari,train/savari/216624283.jpg,keep
train,savari,train/savari/216655941.jpg,keep
train,savari,train/savari/216662449.jpg,keep
train,savari,train/savari/216691992.jpg,keep
train,savari,train/savari/216694598.jpg,keep
train,savari,train/savari/216722981.jpg,keep
train,savari,train/savari/216767197.jpg,keep
train,savari,train/savari/216809812.jpg,keep
train,savari,train/savari/216814138.jpg,keep
train,savari,train/savari/216826110.jpg,keep
train,savari,train/savari/216840028.jpg,keep
train,savari,train/savari/216858353.jpg,keep
train,savari,train/savari/216899188.jpg,keep
train,savari,train/savari/216912005.jpg,keep
train,savari,train/savari/216960089.jpg,keep
train,savari,train/savari/216968563.jpg,keep
train,savari,train/savari/217014334.jpg,keep
train,savari,train/savari/217026272.jpg,keep
train,savari,train/savari/217054235.jpg,keep
train,savari,train/savari/217066965.jpg,keep
train,savari,train/savari/217103048.jpg,keep
train,savari,train/savari/217115848.jpg,keep
train,savari,train/savari/217128837.jpg,keep
train,savari,train/savari/217164961.jpg,keep
train,savari,train/savari/217203738.jpg,keep
train,savari,train/savari/217253879.jpg,keep
train,savari,train/savari/217259942.jpg,keep
train,savari,train/savari/217266476.jpg,keep
train,savari,train/savari/217267545.jpg,keep
train,savari,train/savari/217280199.jpg,keep
train,savari,train/savari/217301960.jpg,keep
train,savari,train/savari/217318570.jpg,keep
train,savari,train/savari/217377450.jpg,keep
train,savari,train/savari/217387431.jpg,keep
train,savari,train/savari/217403096.jpg,keep
train,savari,train/savari/217528722.jpg,keep
train,savari,train/savari/217560232.jpg,keep
train,savari,train/savari/217595807.jpg,keep
train,savari,train/savari/217617097.jpg,keep
train,savari,train/savari/217664284.jpg,keep
train,savari,train/savari/217737871.jpg,keep
train,savari,train/savari/217755103.jpg,keep
train,savari,train/savari/217939245.jpg,keep
train,savari,train/savari/217985851.jpg,keep
train,savari,train/savari/218043366.jpg,keep
train,savari,train/savari/218051598.jpg,keep
train,savari,train/savari/218055833.jpg,keep
train,savari,train/savari/218077655.jpg,keep
train,savari,train/savari/218147453.jpg,keep
train,savari,train/savari/218187376.jpg,keep
train,savari,train/savari/218220982.jpg,keep
train,savari,train/savari/218224358.jpg,keep
train,savari,train/savari/218266205.jpg,keep
train,savari,train/savari/218268791.jpg,keep
train,savari,train/savari/218307934.jpg,keep
train,savari,train/savari/218328926.jpg,keep
train,savari,train/savari/218335799.jpg,keep
train,savari,train/savari/218362132.jpg,keep
train,savari,train/savari/218493796.jpg,keep
train,savari,train/savari/218522644.jpg,keep
train,savari,train/savari/218545382.jpg,keep
train,savari,train/savari/218569012.jpg,keep
train,savari,train/savari/218569843.jpg,keep
train,savari,train/savari/218577056.jpg,keep
train,savari,train/savari/218584705.jpg,keep
train,savari,train/savari/218591795.jpg,keep
train,savari,train/savari/218641908.jpg,keep
train,savari,train/savari/218681566.jpg,keep
train,savari,train/savari/218692987.jpg,keep
train,savari,train/savari/218711427.jpg,keep
train,savari,train/savari/218721508.jpg,keep
train,savari,train/savari/218726882.jpg,keep
train,savari,train/savari/218745573.jpg,keep
train,savari,train/savari/218745687.jpg,keep
train,savari,train/savari/218777011.jpg,keep
train,savari,train/savari/218777657.jpg,keep
train,savari,train/savari/218787990.jpg,keep
train,savari,train/savari/218827119.jpg,keep
train,savari,train/savari/218868809.jpg,keep
train,savari,train/savari/218899462.jpg,keep
train,savari,train/savari/218943099.jpg,keep
train,savari,train/savari/218949284.jpg,keep
train,savari,train/savari/218953537.jpg,keep
train,savari,train/savari/218958124.jpg,keep
train,savari,train/savari/218986062.jpg,keep
train,savari,train/savari/218987822.jpg,keep
train,savari,train/savari/219049738.jpg,keep
train,savari,train/savari/219084529.jpg,keep
train,savari,train/savari/219093208.jpg,keep
train,taxi,train/taxi/193797292.jpg,keep
train,taxi,train/taxi/194297941.jpg,keep
train,taxi,train/taxi/195141634.jpg,keep
train,taxi,train/taxi/195273350.jpg,keep
train,taxi,train/taxi/196019684.jpg,keep
train,taxi,train/taxi/196271367.jpg,keep
train,taxi,train/taxi/196711537.jpg,keep
train,taxi,train/taxi/196727449.jpg,keep
train,taxi,train/taxi/196859984.jpg,keep
train,taxi,train/taxi/196903889.jpg,keep
train,taxi,train/taxi/197032336.jpg,keep
train,taxi,train/taxi/197362638.jpg,keep
train,taxi,train/taxi/197408900.jpg,keep
train,taxi,train/taxi/198048598.jpg,keep
train,taxi,train/taxi/198065488.jpg,keep
train,taxi,train/taxi/198289203.jpg,keep
train,taxi,train/taxi/198459778.jpg,keep
train,taxi,train/taxi/198521544.jpg,keep
train,taxi,train/taxi/198548695.jpg,keep
train,taxi,train/taxi/198633794.jpg,keep
train,taxi,train/taxi/198935466.jpg,keep
train,taxi,train/taxi/199039305.jpg,keep
train,taxi,train/taxi/199044255.jpg,keep
train,taxi,train/taxi/199202965.jpg,keep
train,taxi,train/taxi/199808827.jpg,keep
train,taxi,train/taxi/199946477.jpg,keep
train,taxi,train/taxi/199994844.jpg,keep
train,taxi,train/taxi/200326261.jpg,keep
train,taxi,train/taxi/200643840.jpg,keep
train,taxi,train/taxi/203730891.jpg,keep
train,taxi,train/taxi/206803325.jpg,keep
train,taxi,train/taxi/211554070.jpg,keep
train,taxi,train/taxi/211667354.jpg,keep
train,taxi,train/taxi/211773485.jpg,keep
train,taxi,train/taxi/211808656.jpg,keep
train,taxi,train/taxi/211856112.jpg,keep
train,taxi,train/taxi/211997826.jpg,keep
train,taxi,train/taxi/212110018.jpg,keep
train,taxi,train/taxi/212237527.jpg,keep
train,taxi,train/taxi/212354100.jpg,keep
train,taxi,train/taxi/212411751.jpg,keep
train,taxi,train/taxi/212460719.jpg,keep
train,taxi,train/taxi/212538464.jpg,keep
train,taxi,train/taxi/212714723.jpg,keep
train,taxi,train/taxi/212737728.jpg,keep
train,taxi,train/taxi/213061361.jpg,keep
train,taxi,train/taxi/213163041.jpg,keep
train,taxi,train/taxi/213169109.jpg,keep
train,taxi,train/taxi/213219294.jpg,keep
train,taxi,train/taxi/213300692.jpg,keep
train,taxi,train/taxi/213590830.jpg,keep
train,taxi,train/taxi/213625241.jpg,keep
train,taxi,train/taxi/214583113.jpg,keep
train,taxi,train/taxi/214612979.jpg,keep
train,taxi,train/taxi/214628757.jpg,keep
train,taxi,train/taxi/214678598.jpg,keep
train,taxi,train/taxi/214698644.jpg,keep
train,taxi,train/taxi/214699680.jpg,keep
train,taxi,train/taxi/214738834.jpg,keep
train,taxi,train/taxi/214741348.jpg,keep
train,taxi,train/taxi/214743143.jpg,keep
train,taxi,train/taxi/214750508.jpg,keep
train,taxi,train/taxi/214752341.jpg,keep
train,taxi,train/taxi/214804869.jpg,keep
train,taxi,train/taxi/214833819.jpg,keep
train,taxi,train/taxi/215057971.jpg,keep
train,taxi,train/taxi/215086606.jpg,keep
train,taxi,train/taxi/215086610.jpg,keep
train,taxi,train/taxi/215098353.jpg,keep
train,taxi,train/taxi/215105398.jpg,keep
train,taxi,train/taxi/215131777.jpg,keep
train,taxi,train/taxi/215186511.jpg,keep
train,taxi,train/taxi/215261693.jpg,keep
train,taxi,train/taxi/215263228.jpg,keep
train,taxi,train/taxi/215570730.jpg,keep
train,taxi,train/taxi/215581089.jpg,keep
train,taxi,train/taxi/215626542.jpg,keep
train,taxi,train/taxi/215631113.jpg,keep
train,taxi,train/taxi/215631129.jpg,keep
train,taxi,train/taxi/215658087.jpg,keep
train,taxi,train/taxi/215679375.jpg,keep
train,taxi,train/taxi/215681913.jpg,keep
train,taxi,train/taxi/215694229.jpg,keep
train,taxi,train/taxi/215704125.jpg,keep
train,taxi,train/taxi/215710435.jpg,keep
train,taxi,train/taxi/215734816.jpg,keep
train,taxi,train/taxi/215741938.jpg,keep
train,taxi,train/taxi/215771511.jpg,keep
train,taxi,train/taxi/215772638.jpg,keep
train,taxi,train/taxi/215773124.jpg,keep
train,taxi,train/taxi/215777419.jpg,keep
train,taxi,train/taxi/215804635.jpg,keep
train,taxi,train/taxi/215822416.jpg,keep
train,taxi,train/taxi/215833228.jpg,keep
train,taxi,train/taxi/215854075.jpg,keep
train,taxi,train/taxi/215875418.jpg,keep
train,taxi,train/taxi/215878168.jpg,keep
train,taxi,train/taxi/215920981.jpg,keep
train,taxi,train/taxi/215948383.jpg,keep
train,taxi,train/taxi/216003493.jpg,keep
train,taxi,train/taxi/216006259.jpg,keep
train,taxi,train/taxi/216016502.jpg,keep
train,taxi,train/taxi/216017859.jpg,keep
train,taxi,train/taxi/216019687.jpg,keep
train,taxi,train/taxi/216061960.jpg,keep
train,taxi,train/taxi/216111008.jpg,keep
train,taxi,train/taxi/216118231.jpg,keep
train,taxi,train/taxi/216191824.jpg,keep
train,taxi,train/taxi/216203466.jpg,keep
train,taxi,train/taxi/216207089.jpg,keep
train,taxi,train/taxi/216209734.jpg,keep
train,taxi,train/taxi/216210740.jpg,keep
train,taxi,train/taxi/216288852.jpg,keep
train,taxi,train/taxi/216373693.jpg,keep
train,taxi,train/taxi/216398127.jpg,keep
train,taxi,train/taxi/216402445.jpg,keep
train,taxi,train/taxi/216422192.jpg,keep
train,taxi,train/taxi/216432200.jpg,keep
train,taxi,train/taxi/216435100.jpg,keep
train,taxi,train/taxi/216524007.jpg,keep
train,taxi,train/taxi/216532535.jpg,keep
train,taxi,train/taxi/216555951.jpg,keep
train,taxi,train/taxi/216560016.jpg,keep
train,taxi,train/taxi/216562251.jpg,keep
train,taxi,train/taxi/216616342.jpg,keep
train,taxi,train/taxi/216616795.jpg,keep
train,taxi,train/taxi/216618122.jpg,keep
train,taxi,train/taxi/216629590.jpg,keep
train,taxi,train/taxi/216762705.jpg,keep
train,taxi,train/taxi/216785981.jpg,keep
train,taxi,train/taxi/216787354.jpg,keep
train,taxi,train/taxi/216804552.jpg,keep
train,taxi,train/taxi/216816628.jpg,keep
train,taxi,train/taxi/216860191.jpg,keep
train,taxi,train/taxi/216878759.jpg,keep
train,taxi,train/taxi/216893661.jpg,keep
train,taxi,train/taxi/216929149.jpg,keep
train,taxi,train/taxi/216952757.jpg,keep
train,taxi,train/taxi/216964234.jpg,keep
train,taxi,train/taxi/216968614.jpg,keep
train,taxi,train/taxi/217002049.jpg,keep
train,taxi,train/taxi/217054704.jpg,keep
train,taxi,train/taxi/217058934.jpg,keep
train,taxi,train/taxi/217088721.jpg,keep
train,taxi,train/taxi/217093155.jpg,keep
train,taxi,train/taxi/217111373.jpg,keep
train,taxi,train/taxi/217144560.jpg,keep
train,taxi,train/taxi/217163644.jpg,keep
train,taxi,train/taxi/217170866.jpg,keep
train,taxi,train/taxi/217195564.jpg,keep
train,taxi,train/taxi/217233737.jpg,keep
train,taxi,train/taxi/217243222.jpg,keep
train,taxi,train/taxi/217244427.jpg,keep
train,taxi,train/taxi/217255043.jpg,keep
train,taxi,train/taxi/217264329.jpg,keep
train,taxi,train/taxi/217270060.jpg,keep
train,taxi,train/taxi/217285903.jpg,keep
train,taxi,train/taxi/217395242.jpg,keep
train,taxi,train/taxi/217405463.jpg,keep
train,taxi,train/taxi/217426237.jpg,keep
train,taxi,train/taxi/217478871.jpg,keep
train,taxi,train/taxi/217482526.jpg,keep
train,taxi,train/taxi/217506735.jpg,keep
train,taxi,train/taxi/217533470.jpg,keep
train,taxi,train/taxi/217544550.jpg,keep
train,taxi,train/taxi/217548779.jpg,keep
train,taxi,train/taxi/217570575.jpg,keep
train,taxi,train/taxi/217580230.jpg,keep
train,taxi,train/taxi/217601310.jpg,keep
train,taxi,train/taxi/217627944.jpg,keep
train,taxi,train/taxi/217656357.jpg,keep
train,taxi,train/taxi/217729028.jpg,keep
train,taxi,train/taxi/217747000.jpg,keep
train,taxi,train/taxi/217763528.jpg,keep
train,taxi,train/taxi/217766035.jpg,keep
train,taxi,train/taxi/217787108.jpg,keep
train,taxi,train/taxi/217799839.jpg,keep
train,taxi,train/taxi/217814325.jpg,keep
train,taxi,train/taxi/217834801.jpg,keep
train,taxi,train/taxi/217898024.jpg,keep
train,taxi,train/taxi/217951846.jpg,keep
train,taxi,train/taxi/217977572.jpg,keep
train,taxi,train/taxi/218000849.jpg,keep
train,taxi,train/taxi/218002619.jpg,keep
train,taxi,train/taxi/218009858.jpg,keep
train,taxi,train/taxi/218024619.jpg,keep
train,taxi,train/taxi/218045822.jpg,keep
train,taxi,train/taxi/218051297.jpg,keep
train,taxi,train/taxi/218056965.jpg,keep
train,taxi,train/taxi/218078057.jpg,keep
train,taxi,train/taxi/218093052.jpg,keep
train,taxi,train/taxi/218104747.jpg,keep
train,taxi,train/taxi/218120685.jpg,keep
train,taxi,train/taxi/218136743.jpg,keep
train,taxi,train/taxi/218156501.jpg,keep
train,taxi,train/taxi/218159183.jpg,keep
train,taxi,train/taxi/218169975.jpg,keep
train,taxi,train/taxi/218201278.jpg,keep
train,taxi,train/taxi/218203719.jpg,keep
train,taxi,train/taxi/218205147.jpg,keep
train,taxi,train/taxi/218213642.jpg,keep
train,taxi,train/taxi/218219642.jpg,keep
train,taxi,train/taxi/218228771.jpg,keep
train,taxi,train/taxi/218243301.jpg,keep
train,taxi,train/taxi/218248245.jpg,keep
train,taxi,train/taxi/218270063.jpg,keep
train,taxi,train/taxi/218279077.jpg,keep
train,taxi,train/taxi/218320753.jpg,keep
train,taxi,train/taxi/218321884.jpg,keep
train,taxi,train/taxi/218339564.jpg,keep
train,taxi,train/taxi/218342807.jpg,keep
train,taxi,train/taxi/218343681.jpg,drop_near_test
train,taxi,train/taxi/218360827.jpg,keep
train,taxi,train/taxi/218377804.jpg,keep
train,taxi,train/taxi/218402981.jpg,keep
train,taxi,train/taxi/218414701.jpg,keep
train,taxi,train/taxi/218501211.jpg,keep
train,taxi,train/taxi/218521917.jpg,keep
train,taxi,train/taxi/218522456.jpg,keep
train,taxi,train/taxi/218567436.jpg,keep
train,taxi,train/taxi/218578770.jpg,keep
train,taxi,train/taxi/218580315.jpg,keep
train,taxi,train/taxi/218597916.jpg,keep
train,taxi,train/taxi/218655409.jpg,keep
train,taxi,train/taxi/218670583.jpg,keep
train,taxi,train/taxi/218681190.jpg,keep
train,taxi,train/taxi/218685986.jpg,keep
train,taxi,train/taxi/218690372.jpg,keep
train,taxi,train/taxi/218738200.jpg,keep
train,taxi,train/taxi/218748243.jpg,keep
train,taxi,train/taxi/218787302.jpg,drop_near_test
train,taxi,train/taxi/218805085.jpg,keep
train,taxi,train/taxi/218811381.jpg,keep
train,taxi,train/taxi/218813121.jpg,keep
train,taxi,train/taxi/218832954.jpg,keep
train,taxi,train/taxi/218834664.jpg,keep
train,taxi,train/taxi/218835592.jpg,keep
train,taxi,train/taxi/218861019.jpg,keep
train,taxi,train/taxi/218887865.jpg,keep
train,taxi,train/taxi/218901805.jpg,keep
train,taxi,train/taxi/218932282.jpg,keep
train,taxi,train/taxi/218937266.jpg,keep
train,taxi,train/taxi/218944731.jpg,keep
train,taxi,train/taxi/218948357.jpg,keep
train,taxi,train/taxi/219012191.jpg,keep
train,taxi,train/taxi/219027793.jpg,keep
train,taxi,train/taxi/219055248.jpg,keep
train,vanet,train/vanet/194285934.jpg,keep
train,vanet,train/vanet/195274804.jpg,keep
train,vanet,train/vanet/196163447.jpg,keep
train,vanet,train/vanet/196305661.jpg,keep
train,vanet,train/vanet/196322593.jpg,keep
train,vanet,train/vanet/197508757.jpg,keep
train,vanet,train/vanet/197838737.jpg,keep
train,vanet,train/vanet/198019923.jpg,keep
train,vanet,train/vanet/198055205.jpg,keep
train,vanet,train/vanet/198100361.jpg,keep
train,vanet,train/vanet/198119089.jpg,keep
train,vanet,train/vanet/198361421.jpg,keep
train,vanet,train/vanet/198401066.jpg,keep
train,vanet,train/vanet/198693433.jpg,keep
train,vanet,train/vanet/199126941.jpg,keep
train,vanet,train/vanet/199158191.jpg,keep
train,vanet,train/vanet/199392072.jpg,keep
train,vanet,train/vanet/200024004.jpg,keep
train,vanet,train/vanet/201758472.jpg,keep
train,vanet,train/vanet/202121208.jpg,keep
train,vanet,train/vanet/202784956.jpg,keep
train,vanet,train/vanet/202794779.jpg,keep
train,vanet,train/vanet/203265997.jpg,keep
train,vanet,train/vanet/203269085.jpg,keep
train,vanet,train/vanet/203413968.jpg,keep
train,vanet,train/vanet/203739270.jpg,keep
train,vanet,train/vanet/206108673.jpg,keep
train,vanet,train/vanet/206177192.jpg,keep
train,vanet,train/vanet/206926152.jpg,keep
train,vanet,train/vanet/207016564.jpg,keep
train,vanet,train/vanet/207156622.jpg,keep
train,vanet,train/vanet/207410682.jpg,keep
train,vanet,train/vanet/207702391.jpg,keep
train,vanet,train/vanet/207721906.jpg,keep
train,vanet,train/vanet/207803201.jpg,keep
train,vanet,train/vanet/208129801.jpg,keep
train,vanet,train/vanet/208237798.jpg,keep
train,vanet,train/vanet/208635729.jpg,keep
train,vanet,train/vanet/209501291.jpg,keep
train,vanet,train/vanet/209780947.jpg,keep
train,vanet,train/vanet/210379308.jpg,keep
train,vanet,train/vanet/210908141.jpg,keep
train,vanet,train/vanet/211868443.jpg,keep
train,vanet,train/vanet/212130689.jpg,keep
train,vanet,train/vanet/212465016.jpg,keep
train,vanet,train/vanet/212665899.jpg,keep
train,vanet,train/vanet/212755321.jpg,keep
train,vanet,train/vanet/213788075.jpg,keep
train,vanet,train/vanet/214048101.jpg,keep
train,vanet,train/vanet/214176969.jpg,keep
train,vanet,train/vanet/214726285.jpg,keep
train,vanet,train/vanet/214758714.jpg,keep
train,vanet,train/vanet/215621022.jpg,keep
train,vanet,train/vanet/215891603.jpg,keep
train,vanet,train/vanet/216352099.jpg,keep
train,vanet,train/vanet/216485447.jpg,keep
train,vanet,train/vanet/216566708.jpg,keep
train,vanet,train/vanet/216608800.jpg,keep
train,vanet,train/vanet/216618067.jpg,keep
train,vanet,train/vanet/216797745.jpg,keep
train,vanet,train/vanet/216830335.jpg,keep
train,vanet,train/vanet/216972735.jpg,keep
train,vanet,train/vanet/217021452.jpg,keep
train,vanet,train/vanet/217178596.jpg,keep
train,vanet,train/vanet/217216852.jpg,keep
train,vanet,train/vanet/217834045.jpg,keep
train,vanet,train/vanet/217881286.jpg,keep
train,vanet,train/vanet/217881742.jpg,keep
train,vanet,train/vanet/218088144.jpg,keep
train,vanet,train/vanet/218130945.jpg,keep
train,vanet,train/vanet/218206335.jpg,keep
train,vanet,train/vanet/218299620.jpg,keep
train,vanet,train/vanet/218514544.jpg,keep
train,vanet,train/vanet/218602877.jpg,keep
train,vanet,train/vanet/218844932.jpg,keep
train,vanet,train/vanet/218955810.jpg,keep
train,vanet,train/vanet/219127494.jpg,keep
test,ambulance,test/ambulance/197398569.jpg,test_frozen
test,ambulance,test/ambulance/198860064.jpg,test_frozen
test,ambulance,test/ambulance/200396165.jpg,test_frozen
test,ambulance,test/ambulance/205374292.jpg,test_frozen
test,ambulance,test/ambulance/206980891.jpg,test_frozen
test,ambulance,test/ambulance/209860183.jpg,test_frozen
test,ambulance,test/ambulance/211589404.jpg,test_frozen
test,ambulance,test/ambulance/212112327.jpg,test_frozen
test,ambulance,test/ambulance/213375240.jpg,test_frozen
test,ambulance,test/ambulance/214215422.jpg,test_frozen
test,ambulance,test/ambulance/214830125.jpg,test_frozen
test,ambulance,test/ambulance/214896720.jpg,test_frozen
test,ambulance,test/ambulance/215056292.jpg,test_frozen
test,ambulance,test/ambulance/215093049.jpg,test_frozen
test,ambulance,test/ambulance/215164070.jpg,test_frozen
test,ambulance,test/ambulance/215180455.jpg,test_frozen
test,ambulance,test/ambulance/215713763.jpg,test_frozen
test,ambulance,test/ambulance/215714439.jpg,test_frozen
test,ambulance,test/ambulance/215884349.jpg,test_frozen
test,ambulance,test/ambulance/215936132.jpg,test_frozen
test,ambulance,test/ambulance/216081108.jpg,test_frozen
test,ambulance,test/ambulance/216095686.jpg,test_frozen
test,ambulance,test/ambulance/216676395.jpg,test_frozen
test,ambulance,test/ambulance/216915758.jpg,test_frozen
test,ambulance,test/ambulance/217040489.jpg,test_frozen
test,ambulance,test/ambulance/217064467.jpg,test_frozen
test,ambulance,test/ambulance/217073157.jpg,test_frozen
test,ambulance,test/ambulance/217165853.jpg,test_frozen
test,ambulance,test/ambulance/217206506.jpg,test_frozen
test,ambulance,test/ambulance/217239890.jpg,test_frozen
test,ambulance,test/ambulance/217240526.jpg,test_frozen
test,ambulance,test/ambulance/217260292.jpg,test_frozen
test,ambulance,test/ambulance/217268786.jpg,test_frozen
test,ambulance,test/ambulance/217369634.jpg,test_frozen
test,ambulance,test/ambulance/217401029.jpg,test_frozen
test,ambulance,test/ambulance/217498407.jpg,test_frozen
test,ambulance,test/ambulance/217777782.jpg,test_frozen
test,ambulance,test/ambulance/217955115.jpg,test_frozen
test,ambulance,test/ambulance/218067329.jpg,test_frozen
test,ambulance,test/ambulance/218089422.jpg,test_frozen
test,ambulance,test/ambulance/218107250.jpg,test_frozen
test,ambulance,test/ambulance/218157597.jpg,test_frozen
test,ambulance,test/ambulance/218314722.jpg,test_frozen
test,ambulance,test/ambulance/218366611.jpg,test_frozen
test,ambulance,test/ambulance/218417129.jpg,test_frozen
test,ambulance,test/ambulance/218950212.jpg,test_frozen
test,ambulance,test/ambulance/218976274.jpg,test_frozen
test,ambulance,test/ambulance/219052793.jpg,test_frozen
test,ambulance,test/ambulance/219072781.jpg,test_frozen
test,ambulance,test/ambulance/219100814.jpg,test_frozen
test,autobus,test/autobus/193573320.jpg,test_frozen
test,autobus,test/autobus/194271877.jpg,test_frozen
test,autobus,test/autobus/194420546.jpg,test_frozen
test,autobus,test/autobus/194466821.jpg,test_frozen
test,autobus,test/autobus/198083967.jpg,test_frozen
test,autobus,test/autobus/198127139.jpg,test_frozen
test,autobus,test/autobus/198195343.jpg,test_frozen
test,autobus,test/autobus/198384601.jpg,test_frozen
test,autobus,test/autobus/198431566.jpg,test_frozen
test,autobus,test/autobus/198592842.jpg,test_frozen
test,autobus,test/autobus/201816308.jpg,test_frozen
test,autobus,test/autobus/202148987.jpg,test_frozen
test,autobus,test/autobus/205096821.jpg,test_frozen
test,autobus,test/autobus/209712474.jpg,test_frozen
test,autobus,test/autobus/210029256.jpg,test_frozen
test,autobus,test/autobus/210733650.jpg,test_frozen
test,autobus,test/autobus/211089191.jpg,test_frozen
test,autobus,test/autobus/213632540.jpg,test_frozen
test,autobus,test/autobus/214052917.jpg,test_frozen
test,autobus,test/autobus/214357697.jpg,test_frozen
test,autobus,test/autobus/214795472.jpg,test_frozen
test,autobus,test/autobus/214804942.jpg,test_frozen
test,autobus,test/autobus/215056927.jpg,test_frozen
test,autobus,test/autobus/215678079.jpg,test_frozen
test,autobus,test/autobus/215792046.jpg,test_frozen
test,autobus,test/autobus/215799691.jpg,test_frozen
test,autobus,test/autobus/215923574.jpg,test_frozen
test,autobus,test/autobus/215989141.jpg,test_frozen
test,autobus,test/autobus/216118215.jpg,test_frozen
test,autobus,test/autobus/216169926.jpg,test_frozen
test,autobus,test/autobus/216309415.jpg,test_frozen
test,autobus,test/autobus/216357562.jpg,test_frozen
test,autobus,test/autobus/216463669.jpg,test_frozen
test,autobus,test/autobus/216586073.jpg,test_frozen
test,autobus,test/autobus/216612009.jpg,test_frozen
test,autobus,test/autobus/216625091.jpg,test_frozen
test,autobus,test/autobus/216758328.jpg,test_frozen
test,autobus,test/autobus/216919635.jpg,test_frozen
test,autobus,test/autobus/217008397.jpg,test_frozen
test,autobus,test/autobus/217020493.jpg,test_frozen
test,autobus,test/autobus/217138019.jpg,test_frozen
test,autobus,test/autobus/217405547.jpg,test_frozen
test,autobus,test/autobus/217784510.jpg,test_frozen
test,autobus,test/autobus/217948652.jpg,test_frozen
test,autobus,test/autobus/217986817.jpg,test_frozen
test,autobus,test/autobus/218113258.jpg,test_frozen
test,autobus,test/autobus/218660636.jpg,test_frozen
test,autobus,test/autobus/218693703.jpg,test_frozen
test,autobus,test/autobus/218796237.jpg,test_frozen
test,autobus,test/autobus/218858344.jpg,test_frozen
test,kamyun,test/kamyun/194250338.jpg,test_frozen
test,kamyun,test/kamyun/195970927.jpg,test_frozen
test,kamyun,test/kamyun/198521389.jpg,test_frozen
test,kamyun,test/kamyun/199634694.jpg,test_frozen
test,kamyun,test/kamyun/206203223.jpg,test_frozen
test,kamyun,test/kamyun/208920165.jpg,test_frozen
test,kamyun,test/kamyun/209037146.jpg,test_frozen
test,kamyun,test/kamyun/212763412.jpg,test_frozen
test,kamyun,test/kamyun/212881811.jpg,test_frozen
test,kamyun,test/kamyun/215104031.jpg,test_frozen
test,kamyun,test/kamyun/215479247.jpg,test_frozen
test,kamyun,test/kamyun/215524992.jpg,test_frozen
test,kamyun,test/kamyun/215619169.jpg,test_frozen
test,kamyun,test/kamyun/215662509.jpg,test_frozen
test,kamyun,test/kamyun/215683633.jpg,test_frozen
test,kamyun,test/kamyun/215684233.jpg,test_frozen
test,kamyun,test/kamyun/215785627.jpg,test_frozen
test,kamyun,test/kamyun/215806835.jpg,test_frozen
test,kamyun,test/kamyun/215824473.jpg,test_frozen
test,kamyun,test/kamyun/215840960.jpg,test_frozen
test,kamyun,test/kamyun/215908494.jpg,test_frozen
test,kamyun,test/kamyun/216005873.jpg,test_frozen
test,kamyun,test/kamyun/216034399.jpg,test_frozen
test,kamyun,test/kamyun/216474870.jpg,test_frozen
test,kamyun,test/kamyun/216498548.jpg,test_frozen
test,kamyun,test/kamyun/216529238.jpg,test_frozen
test,kamyun,test/kamyun/216769012.jpg,test_frozen
test,kamyun,test/kamyun/216888567.jpg,test_frozen
test,kamyun,test/kamyun/216963744.jpg,test_frozen
test,kamyun,test/kamyun/217001556.jpg,test_frozen
test,kamyun,test/kamyun/217042755.jpg,test_frozen
test,kamyun,test/kamyun/217129195.jpg,test_frozen
test,kamyun,test/kamyun/217258940.jpg,test_frozen
test,kamyun,test/kamyun/217403425.jpg,test_frozen
test,kamyun,test/kamyun/217835143.jpg,test_frozen
test,kamyun,test/kamyun/217924264.jpg,test_frozen
test,kamyun,test/kamyun/218185920.jpg,test_frozen
test,kamyun,test/kamyun/218240914.jpg,test_frozen
test,kamyun,test/kamyun/218328645.jpg,test_frozen
test,kamyun,test/kamyun/218464353.jpg,test_frozen
test,kamyun,test/kamyun/218606314.jpg,test_frozen
test,kamyun,test/kamyun/218618273.jpg,test_frozen
test,kamyun,test/kamyun/218699876.jpg,test_frozen
test,kamyun,test/kamyun/218716785.jpg,test_frozen
test,kamyun,test/kamyun/218789288.jpg,test_frozen
test,kamyun,test/kamyun/218815698.jpg,test_frozen
test,kamyun,test/kamyun/218947259.jpg,test_frozen
test,kamyun,test/kamyun/218992950.jpg,test_frozen
test,kamyunet,test/kamyunet/196728966.jpg,test_frozen
test,kamyunet,test/kamyunet/197190996.jpg,test_frozen
test,kamyunet,test/kamyunet/197231871.jpg,test_frozen
test,kamyunet,test/kamyunet/197786918.jpg,test_frozen
test,kamyunet,test/kamyunet/198434168.jpg,test_frozen
test,kamyunet,test/kamyunet/198439783.jpg,test_frozen
test,kamyunet,test/kamyunet/198636917.jpg,test_frozen
test,kamyunet,test/kamyunet/202686425.jpg,test_frozen
test,kamyunet,test/kamyunet/206769671.jpg,test_frozen
test,kamyunet,test/kamyunet/208853947.jpg,test_frozen
test,kamyunet,test/kamyunet/211050468.jpg,test_frozen
test,kamyunet,test/kamyunet/212731940.jpg,test_frozen
test,kamyunet,test/kamyunet/213294319.jpg,test_frozen
test,kamyunet,test/kamyunet/213821508.jpg,test_frozen
test,kamyunet,test/kamyunet/215094485.jpg,test_frozen
test,kamyunet,test/kamyunet/215104991.jpg,test_frozen
test,kamyunet,test/kamyunet/215770886.jpg,test_frozen
test,kamyunet,test/kamyunet/215773348.jpg,test_frozen
test,kamyunet,test/kamyunet/215773663.jpg,test_frozen
test,kamyunet,test/kamyunet/215957360.jpg,test_frozen
test,kamyunet,test/kamyunet/216013078.jpg,test_frozen
test,kamyunet,test/kamyunet/216061835.jpg,test_frozen
test,kamyunet,test/kamyunet/216084517.jpg,test_frozen
test,kamyunet,test/kamyunet/216102144.jpg,test_frozen
test,kamyunet,test/kamyunet/216156914.jpg,test_frozen
test,kamyunet,test/kamyunet/216186618.jpg,test_frozen
test,kamyunet,test/kamyunet/216282044.jpg,test_frozen
test,kamyunet,test/kamyunet/216393244.jpg,test_frozen
test,kamyunet,test/kamyunet/216580566.jpg,test_frozen
test,kamyunet,test/kamyunet/216584019.jpg,test_frozen
test,kamyunet,test/kamyunet/216736518.jpg,test_frozen
test,kamyunet,test/kamyunet/216842673.jpg,test_frozen
test,kamyunet,test/kamyunet/216852176.jpg,test_frozen
test,kamyunet,test/kamyunet/216957598.jpg,test_frozen
test,kamyunet,test/kamyunet/216959516.jpg,test_frozen
test,kamyunet,test/kamyunet/216966952.jpg,test_frozen
test,kamyunet,test/kamyunet/216999155.jpg,test_frozen
test,kamyunet,test/kamyunet/217029557.jpg,test_frozen
test,kamyunet,test/kamyunet/217166297.jpg,test_frozen
test,kamyunet,test/kamyunet/217378853.jpg,test_frozen
test,kamyunet,test/kamyunet/217950577.jpg,test_frozen
test,kamyunet,test/kamyunet/217955504.jpg,test_frozen
test,kamyunet,test/kamyunet/218055101.jpg,test_frozen
test,kamyunet,test/kamyunet/218090961.jpg,test_frozen
test,kamyunet,test/kamyunet/218129415.jpg,test_frozen
test,kamyunet,test/kamyunet/218134493.jpg,test_frozen
test,kamyunet,test/kamyunet/218383949.jpg,test_frozen
test,kamyunet,test/kamyunet/218702481.jpg,test_frozen
test,kamyunet,test/kamyunet/218866716.jpg,test_frozen
test,kamyunet,test/kamyunet/218956226.jpg,test_frozen
test,kamyunet,test/kamyunet/219022599.jpg,test_frozen
test,kamyunet,test/kamyunet/219119368.jpg,test_frozen
test,minibus,test/minibus/197110576.jpg,test_frozen
test,minibus,test/minibus/198362799.jpg,test_frozen
test,minibus,test/minibus/199907770.jpg,test_frozen
test,minibus,test/minibus/204478559.jpg,test_frozen
test,minibus,test/minibus/205787928.jpg,test_frozen
test,minibus,test/minibus/205923148.jpg,test_frozen
test,minibus,test/minibus/205940059.jpg,test_frozen
test,minibus,test/minibus/207051574.jpg,test_frozen
test,minibus,test/minibus/210100934.jpg,test_frozen
test,minibus,test/minibus/210115332.jpg,test_frozen
test,minibus,test/minibus/210126898.jpg,test_frozen
test,minibus,test/minibus/211453726.jpg,test_frozen
test,minibus,test/minibus/212140261.jpg,test_frozen
test,minibus,test/minibus/213563060.jpg,test_frozen
test,minibus,test/minibus/213611520.jpg,test_frozen
test,minibus,test/minibus/213711965.jpg,test_frozen
test,minibus,test/minibus/214496054.jpg,test_frozen
test,minibus,test/minibus/215119023.jpg,test_frozen
test,minibus,test/minibus/215128581.jpg,test_frozen
test,minibus,test/minibus/215507730.jpg,test_frozen
test,minibus,test/minibus/215779841.jpg,test_frozen
test,minibus,test/minibus/215792583.jpg,test_frozen
test,minibus,test/minibus/215808924.jpg,test_frozen
test,minibus,test/minibus/215858014.jpg,test_frozen
test,minibus,test/minibus/215973871.jpg,test_frozen
test,minibus,test/minibus/216053678.jpg,test_frozen
test,minibus,test/minibus/216138469.jpg,test_frozen
test,minibus,test/minibus/216155350.jpg,test_frozen
test,minibus,test/minibus/216241825.jpg,test_frozen
test,minibus,test/minibus/216249951.jpg,test_frozen
test,minibus,test/minibus/216335737.jpg,test_frozen
test,minibus,test/minibus/216737437.jpg,test_frozen
test,minibus,test/minibus/216740055.jpg,test_frozen
test,minibus,test/minibus/216761671.jpg,test_frozen
test,minibus,test/minibus/216806221.jpg,test_frozen
test,minibus,test/minibus/216839173.jpg,test_frozen
test,minibus,test/minibus/216850683.jpg,test_frozen
test,minibus,test/minibus/216950277.jpg,test_frozen
test,minibus,test/minibus/216954877.jpg,test_frozen
test,minibus,test/minibus/217234709.jpg,test_frozen
test,minibus,test/minibus/217959147.jpg,test_frozen
test,minibus,test/minibus/218138154.jpg,test_frozen
test,minibus,test/minibus/218307381.jpg,test_frozen
test,minibus,test/minibus/218328619.jpg,test_frozen
test,minibus,test/minibus/218333282.jpg,test_frozen
test,minibus,test/minibus/218590836.jpg,test_frozen
test,minibus,test/minibus/218605367.jpg,test_frozen
test,minibus,test/minibus/218643730.jpg,test_frozen
test,minibus,test/minibus/218849745.jpg,test_frozen
test,minibus,test/minibus/218911207.jpg,test_frozen
test,savari,test/savari/195238770.jpg,test_frozen
test,savari,test/savari/195766645.jpg,test_frozen
test,savari,test/savari/197096867.jpg,test_frozen
test,savari,test/savari/197666500.jpg,test_frozen
test,savari,test/savari/197813029.jpg,test_frozen
test,savari,test/savari/197814306.jpg,test_frozen
test,savari,test/savari/199994379.jpg,test_frozen
test,savari,test/savari/200081418.jpg,test_frozen
test,savari,test/savari/200989560.jpg,test_frozen
test,savari,test/savari/202058797.jpg,test_frozen
test,savari,test/savari/203382686.jpg,test_frozen
test,savari,test/savari/204027920.jpg,test_frozen
test,savari,test/savari/206134948.jpg,test_frozen
test,savari,test/savari/206456878.jpg,test_frozen
test,savari,test/savari/206559296.jpg,test_frozen
test,savari,test/savari/206606848.jpg,test_frozen
test,savari,test/savari/206757757.jpg,test_frozen
test,savari,test/savari/207140641.jpg,test_frozen
test,savari,test/savari/207481567.jpg,test_frozen
test,savari,test/savari/208336353.jpg,test_frozen
test,savari,test/savari/209168112.jpg,test_frozen
test,savari,test/savari/209361107.jpg,test_frozen
test,savari,test/savari/209427269.jpg,test_frozen
test,savari,test/savari/210317139.jpg,test_frozen
test,savari,test/savari/210627739.jpg,test_frozen
test,savari,test/savari/211212134.jpg,test_frozen
test,savari,test/savari/213046686.jpg,test_frozen
test,savari,test/savari/213155633.jpg,test_frozen
test,savari,test/savari/214403682.jpg,test_frozen
test,savari,test/savari/215887510.jpg,test_frozen
test,savari,test/savari/216136331.jpg,test_frozen
test,savari,test/savari/216216502.jpg,test_frozen
test,savari,test/savari/216218291.jpg,test_frozen
test,savari,test/savari/216419216.jpg,test_frozen
test,savari,test/savari/216755450.jpg,test_frozen
test,savari,test/savari/216767398.jpg,test_frozen
test,savari,test/savari/216882674.jpg,test_frozen
test,savari,test/savari/217371599.jpg,test_frozen
test,savari,test/savari/217665283.jpg,test_frozen
test,savari,test/savari/217712581.jpg,test_frozen
test,savari,test/savari/218163369.jpg,test_frozen
test,savari,test/savari/218363990.jpg,test_frozen
test,savari,test/savari/218429844.jpg,test_frozen
test,savari,test/savari/218484994.jpg,test_frozen
test,savari,test/savari/218701858.jpg,test_frozen
test,savari,test/savari/218769351.jpg,test_frozen
test,savari,test/savari/218778142.jpg,test_frozen
test,savari,test/savari/218814576.jpg,test_frozen
test,savari,test/savari/218913098.jpg,test_frozen
test,savari,test/savari/219072151.jpg,test_frozen
test,taxi,test/taxi/196245220.jpg,test_frozen
test,taxi,test/taxi/197138182.jpg,test_frozen
test,taxi,test/taxi/198048924.jpg,test_frozen
test,taxi,test/taxi/198068531.jpg,test_frozen
test,taxi,test/taxi/198096713.jpg,test_frozen
test,taxi,test/taxi/198495096.jpg,test_frozen
test,taxi,test/taxi/199826528.jpg,test_frozen
test,taxi,test/taxi/200411889.jpg,test_frozen
test,taxi,test/taxi/206264188.jpg,test_frozen
test,taxi,test/taxi/212609713.jpg,test_frozen
test,taxi,test/taxi/212732215.jpg,test_frozen
test,taxi,test/taxi/213302210.jpg,test_frozen
test,taxi,test/taxi/214712572.jpg,test_frozen
test,taxi,test/taxi/214805594.jpg,test_frozen
test,taxi,test/taxi/215165181.jpg,test_frozen
test,taxi,test/taxi/215670318.jpg,test_frozen
test,taxi,test/taxi/215828804.jpg,test_frozen
test,taxi,test/taxi/216060007.jpg,test_frozen
test,taxi,test/taxi/216125436.jpg,test_frozen
test,taxi,test/taxi/216190755.jpg,test_frozen
test,taxi,test/taxi/216324691.jpg,test_frozen
test,taxi,test/taxi/216465138.jpg,test_frozen
test,taxi,test/taxi/216497125.jpg,test_frozen
test,taxi,test/taxi/216563328.jpg,test_frozen
test,taxi,test/taxi/216640530.jpg,test_frozen
test,taxi,test/taxi/216649147.jpg,test_frozen
test,taxi,test/taxi/216659419.jpg,test_frozen
test,taxi,test/taxi/216753720.jpg,test_frozen
test,taxi,test/taxi/217286174.jpg,test_frozen
test,taxi,test/taxi/217369619.jpg,test_frozen
test,taxi,test/taxi/217447082.jpg,test_frozen
test,taxi,test/taxi/217470423.jpg,test_frozen
test,taxi,test/taxi/217726063.jpg,test_frozen
test,taxi,test/taxi/217909207.jpg,test_frozen
test,taxi,test/taxi/217932617.jpg,test_frozen
test,taxi,test/taxi/217977521.jpg,test_frozen
test,taxi,test/taxi/218033613.jpg,test_frozen
test,taxi,test/taxi/218058543.jpg,test_frozen
test,taxi,test/taxi/218150166.jpg,test_frozen
test,taxi,test/taxi/218155625.jpg,test_frozen
test,taxi,test/taxi/218164022.jpg,test_frozen
test,taxi,test/taxi/218235081.jpg,test_frozen
test,taxi,test/taxi/218318751.jpg,test_frozen
test,taxi,test/taxi/218520736.jpg,test_frozen
test,taxi,test/taxi/218586145.jpg,test_frozen
test,taxi,test/taxi/218648571.jpg,test_frozen
test,taxi,test/taxi/218713530.jpg,test_frozen
test,taxi,test/taxi/218720521.jpg,test_frozen
test,taxi,test/taxi/218879405.jpg,test_frozen
test,taxi,test/taxi/219092271.jpg,test_frozen
test,vanet,test/vanet/196511721.jpg,test_frozen
test,vanet,test/vanet/198062095.jpg,test_frozen
test,vanet,test/vanet/207078479.jpg,test_frozen
test,vanet,test/vanet/207595119.jpg,test_frozen
test,vanet,test/vanet/207772050.jpg,test_frozen
test,vanet,test/vanet/215692075.jpg,test_frozen
test,vanet,test/vanet/216727686.jpg,test_frozen
test,vanet,test/vanet/217150802.jpg,test_frozen
test,vanet,test/vanet/217551389.jpg,test_frozen
test,vanet,test/vanet/217951013.jpg,test_frozen
test,vanet,test/vanet/218939246.jpg,test_frozen
unclean,ambulance,unclean/ambulance/198197588.jpg,unclean_candidate
unclean,ambulance,unclean/ambulance/199038575.jpg,unclean_candidate
unclean,ambulance,unclean/ambulance/199656777.jpg,unclean_candidate
unclean,ambulance,unclean/ambulance/199984667.jpg,drop_duplicate
unclean,ambulance,unclean/ambulance/200105319.jpg,unclean_candidate
unclean,ambulance,unclean/ambulance/200180166.jpg,unclean_candidate
unclean,ambulance,unclean/ambulance/200396165.jpg,drop_near_test
unclean,ambulance,unclean/ambulance/200605434.jpg,unclean_candidate
unclean,ambulance,unclean/ambulance/200771627.jpg,unclean_candidate
unclean,ambulance,unclean/ambulance/201232370.jpg,unclean_candidate
unclean,ambulance,unclean/ambulance/201944291.jpg,unclean_candidate
unclean,ambulance,unclean/ambulance/202045377.jpg,unclean_candidate
unclean,ambulance,unclean/ambulance/206808986.jpg,drop_duplicate
unclean,ambulance,unclean/ambulance/207226876.jpg,unclean_candidate
unclean,ambulance,unclean/ambulance/208738861.jpg,drop_duplicate
unclean,ambulance,unclean/ambulance/209258888.jpg,unclean_candidate
unclean,ambulance,unclean/ambulance/209524502.jpg,unclean_candidate
unclean,ambulance,unclean/ambulance/210118911.jpg,unclean_candidate
unclean,ambulance,unclean/ambulance/210178416.jpg,unclean_candidate
unclean,ambulance,unclean/ambulance/210925845.jpg,unclean_candidate
unclean,ambulance,unclean/ambulance/211184410.jpg,unclean_candidate
unclean,ambulance,unclean/ambulance/211531125.jpg,unclean_candidate
unclean,ambulance,unclean/ambulance/211874554.jpg,unclean_candidate
unclean,ambulance,unclean/ambulance/211881113.jpg,unclean_candidate
unclean,ambulance,unclean/ambulance/212001982.jpg,unclean_candidate
unclean,ambulance,unclean/ambulance/212170320.jpg,unclean_candidate
unclean,ambulance,unclean/ambulance/212304509.jpg,unclean_candidate
unclean,ambulance,unclean/ambulance/212360232.jpg,unclean_candidate
unclean,ambulance,unclean/ambulance/212759904.jpg,unclean_candidate
unclean,ambulance,unclean/ambulance/212836783.jpg,unclean_candidate
unclean,ambulance,unclean/ambulance/212921984.jpg,unclean_candidate
unclean,ambulance,unclean/ambulance/213231064.jpg,unclean_candidate
unclean,ambulance,unclean/ambulance/213260411.jpg,unclean_candidate
unclean,ambulance,unclean/ambulance/213342200.jpg,drop_duplicate
unclean,ambulance,unclean/ambulance/213495669.jpg,unclean_candidate
unclean,ambulance,unclean/ambulance/213615902.jpg,unclean_candidate
unclean,ambulance,unclean/ambulance/213796534.jpg,unclean_candidate
unclean,ambulance,unclean/ambulance/213801906.jpg,drop_duplicate
unclean,ambulance,unclean/ambulance/214289809.jpg,unclean_candidate
unclean,ambulance,unclean/ambulance/214343204.jpg,unclean_candidate
unclean,ambulance,unclean/ambulance/214375238.jpg,unclean_candidate
unclean,ambulance,unclean/ambulance/214491147.jpg,unclean_candidate
unclean,ambulance,unclean/ambulance/214632265.jpg,unclean_candidate
unclean,ambulance,unclean/ambulance/214639587.jpg,unclean_candidate
unclean,ambulance,unclean/ambulance/214644650.jpg,unclean_candidate
unclean,ambulance,unclean/ambulance/214721739.jpg,unclean_candidate
unclean,ambulance,unclean/ambulance/214735836.jpg,unclean_candidate
unclean,ambulance,unclean/ambulance/214830125.jpg,drop_near_test
unclean,ambulance,unclean/ambulance/214851600.jpg,unclean_candidate
unclean,ambulance,unclean/ambulance/215068423.jpg,unclean_candidate
unclean,ambulance,unclean/ambulance/215080857.jpg,unclean_candidate
unclean,ambulance,unclean/ambulance/215169753.jpg,unclean_candidate
unclean,ambulance,unclean/ambulance/215417394.jpg,unclean_candidate
unclean,ambulance,unclean/ambulance/215578376.jpg,unclean_candidate
unclean,ambulance,unclean/ambulance/215630754.jpg,unclean_candidate
unclean,ambulance,unclean/ambulance/215692641.jpg,unclean_candidate
unclean,ambulance,unclean/ambulance/215713763.jpg,drop_near_test
unclean,ambulance,unclean/ambulance/215726067.jpg,unclean_candidate
unclean,ambulance,unclean/ambulance/215775075.jpg,unclean_candidate
unclean,ambulance,unclean/ambulance/215776808.jpg,unclean_candidate
unclean,ambulance,unclean/ambulance/215784252.jpg,unclean_candidate
unclean,ambulance,unclean/ambulance/215802717.jpg,unclean_candidate
unclean,ambulance,unclean/ambulance/215818698.jpg,unclean_candidate
unclean,ambulance,unclean/ambulance/215942342.jpg,unclean_candidate
unclean,ambulance,unclean/ambulance/215951291.jpg,unclean_candidate
unclean,ambulance,unclean/ambulance/215973116.jpg,unclean_candidate
unclean,ambulance,unclean/ambulance/215980770.jpg,unclean_candidate
unclean,ambulance,unclean/ambulance/216021723.jpg,unclean_candidate
unclean,ambulance,unclean/ambulance/216050566.jpg,unclean_candidate
unclean,ambulance,unclean/ambulance/216056611.jpg,unclean_candidate
unclean,ambulance,unclean/ambulance/216082736.jpg,unclean_candidate
unclean,ambulance,unclean/ambulance/216086363.jpg,unclean_candidate
unclean,ambulance,unclean/ambulance/216095686.jpg,drop_near_test
unclean,ambulance,unclean/ambulance/216216403.jpg,drop_duplicate
unclean,ambulance,unclean/ambulance/216219333.jpg,unclean_candidate
unclean,ambulance,unclean/ambulance/216222707.jpg,unclean_candidate
unclean,ambulance,unclean/ambulance/216235901.jpg,unclean_candidate
unclean,ambulance,unclean/ambulance/216291191.jpg,unclean_candidate
unclean,ambulance,unclean/ambulance/216292398.jpg,unclean_candidate
unclean,ambulance,unclean/ambulance/216347959.jpg,unclean_candidate
unclean,ambulance,unclean/ambulance/216362224.jpg,unclean_candidate
unclean,ambulance,unclean/ambulance/216456892.jpg,unclean_candidate
unclean,ambulance,unclean/ambulance/216529830.jpg,unclean_candidate
unclean,ambulance,unclean/ambulance/216576768.jpg,unclean_candidate
unclean,ambulance,unclean/ambulance/216625195.jpg,unclean_candidate
unclean,ambulance,unclean/ambulance/216662289.jpg,unclean_candidate
unclean,ambulance,unclean/ambulance/216676321.jpg,unclean_candidate
unclean,ambulance,unclean/ambulance/216685886.jpg,unclean_candidate
unclean,ambulance,unclean/ambulance/216702100.jpg,unclean_candidate
unclean,ambulance,unclean/ambulance/216756276.jpg,unclean_candidate
unclean,ambulance,unclean/ambulance/216771004.jpg,unclean_candidate
unclean,ambulance,unclean/ambulance/216841428.jpg,unclean_candidate
unclean,ambulance,unclean/ambulance/216999633.jpg,unclean_candidate
unclean,ambulance,unclean/ambulance/217040489.jpg,drop_near_test
unclean,ambulance,unclean/ambulance/217064863.jpg,unclean_candidate
unclean,ambulance,unclean/ambulance/217161744.jpg,unclean_candidate
unclean,ambulance,unclean/ambulance/217165994.jpg,unclean_candidate
unclean,ambulance,unclean/ambulance/217183766.jpg,unclean_candidate
unclean,ambulance,unclean/ambulance/217200843.jpg,unclean_candidate
unclean,ambulance,unclean/ambulance/217206401.jpg,unclean_candidate
unclean,ambulance,unclean/ambulance/217219997.jpg,unclean_candidate
unclean,ambulance,unclean/ambulance/217255744.jpg,unclean_candidate
unclean,ambulance,unclean/ambulance/217282219.jpg,unclean_candidate
unclean,ambulance,unclean/ambulance/217323165.jpg,unclean_candidate
unclean,ambulance,unclean/ambulance/217377073.jpg,unclean_candidate
unclean,ambulance,unclean/ambulance/217399746.jpg,unclean_candidate
unclean,ambulance,unclean/ambulance/217408246.jpg,unclean_candidate
unclean,ambulance,unclean/ambulance/217479305.jpg,unclean_candidate
unclean,ambulance,unclean/ambulance/217495327.jpg,unclean_candidate
unclean,ambulance,unclean/ambulance/217579130.jpg,unclean_candidate
unclean,ambulance,unclean/ambulance/217676452.jpg,unclean_candidate
unclean,ambulance,unclean/ambulance/217696116.jpg,unclean_candidate
unclean,ambulance,unclean/ambulance/217782582.jpg,unclean_candidate
unclean,ambulance,unclean/ambulance/217813096.jpg,unclean_candidate
unclean,ambulance,unclean/ambulance/217896022.jpg,unclean_candidate
unclean,ambulance,unclean/ambulance/217941976.jpg,unclean_candidate
unclean,ambulance,unclean/ambulance/217998219.jpg,unclean_candidate
unclean,ambulance,unclean/ambulance/218069485.jpg,unclean_candidate
unclean,ambulance,unclean/ambulance/218070390.jpg,unclean_candidate
unclean,ambulance,unclean/ambulance/218080033.jpg,unclean_candidate
unclean,ambulance,unclean/ambulance/218089422.jpg,drop_near_test
unclean,ambulance,unclean/ambulance/218166278.jpg,unclean_candidate
unclean,ambulance,unclean/ambulance/218171063.jpg,unclean_candidate
unclean,ambulance,unclean/ambulance/218179131.jpg,unclean_candidate
unclean,ambulance,unclean/ambulance/218197220.jpg,unclean_candidate
unclean,ambulance,unclean/ambulance/218214695.jpg,unclean_candidate
unclean,ambulance,unclean/ambulance/218275571.jpg,unclean_candidate
unclean,ambulance,unclean/ambulance/218335016.jpg,unclean_candidate
unclean,ambulance,unclean/ambulance/218352247.jpg,unclean_candidate
unclean,ambulance,unclean/ambulance/218460563.jpg,unclean_candidate
unclean,ambulance,unclean/ambulance/218461482.jpg,unclean_candidate
unclean,ambulance,unclean/ambulance/218591595.jpg,drop_duplicate
unclean,ambulance,unclean/ambulance/218644798.jpg,unclean_candidate
unclean,ambulance,unclean/ambulance/218653505.jpg,unclean_candidate
unclean,ambulance,unclean/ambulance/218665571.jpg,unclean_candidate
unclean,ambulance,unclean/ambulance/218666389.jpg,unclean_candidate
unclean,ambulance,unclean/ambulance/218718826.jpg,unclean_candidate
unclean,ambulance,unclean/ambulance/218739355.jpg,unclean_candidate
unclean,ambulance,unclean/ambulance/218756593.jpg,unclean_candidate
unclean,ambulance,unclean/ambulance/218771670.jpg,unclean_candidate
unclean,ambulance,unclean/ambulance/218775859.jpg,unclean_candidate
unclean,ambulance,unclean/ambulance/218786704.jpg,unclean_candidate
unclean,ambulance,unclean/ambulance/218825718.jpg,unclean_candidate
unclean,ambulance,unclean/ambulance/218868478.jpg,unclean_candidate
unclean,ambulance,unclean/ambulance/218940365.jpg,unclean_candidate
unclean,ambulance,unclean/ambulance/218966979.jpg,drop_duplicate
unclean,ambulance,unclean/ambulance/218967792.jpg,unclean_candidate
unclean,ambulance,unclean/ambulance/219020835.jpg,unclean_candidate
unclean,ambulance,unclean/ambulance/219035975.jpg,unclean_candidate
unclean,ambulance,unclean/ambulance/219036698.jpg,unclean_candidate
unclean,ambulance,unclean/ambulance/219046558.jpg,unclean_candidate
unclean,ambulance,unclean/ambulance/219048928.jpg,unclean_candidate
unclean,ambulance,unclean/ambulance/219052707.jpg,unclean_candidate
unclean,ambulance,unclean/ambulance/219063107.jpg,unclean_candidate
unclean,ambulance,unclean/ambulance/219077664.jpg,unclean_candidate
unclean,autobus,unclean/autobus/193597587.jpg,unclean_candidate
unclean,autobus,unclean/autobus/193813673.jpg,unclean_candidate
unclean,autobus,unclean/autobus/194458934.jpg,unclean_candidate
unclean,autobus,unclean/autobus/196191533.jpg,unclean_candidate
unclean,autobus,unclean/autobus/196526860.jpg,unclean_candidate
unclean,autobus,unclean/autobus/196595859.jpg,unclean_candidate
unclean,autobus,unclean/autobus/197331533.jpg,unclean_candidate
unclean,autobus,unclean/autobus/197977992.jpg,unclean_candidate
unclean,autobus,unclean/autobus/198272507.jpg,unclean_candidate
unclean,autobus,unclean/autobus/198274798.jpg,unclean_candidate
unclean,autobus,unclean/autobus/198385240.jpg,unclean_candidate
unclean,autobus,unclean/autobus/198451326.jpg,unclean_candidate
unclean,autobus,unclean/autobus/198482481.jpg,unclean_candidate
unclean,autobus,unclean/autobus/198693556.jpg,unclean_candidate
unclean,autobus,unclean/autobus/198756999.jpg,unclean_candidate
unclean,autobus,unclean/autobus/199115928.jpg,unclean_candidate
unclean,autobus,unclean/autobus/199205393.jpg,unclean_candidate
unclean,autobus,unclean/autobus/199209846.jpg,unclean_candidate
unclean,autobus,unclean/autobus/199713076.jpg,unclean_candidate
unclean,autobus,unclean/autobus/199917107.jpg,unclean_candidate
unclean,autobus,unclean/autobus/199961601.jpg,unclean_candidate
unclean,autobus,unclean/autobus/200139637.jpg,unclean_candidate
unclean,autobus,unclean/autobus/200600907.jpg,unclean_candidate
unclean,autobus,unclean/autobus/200603886.jpg,unclean_candidate
unclean,autobus,unclean/autobus/200699667.jpg,unclean_candidate
unclean,autobus,unclean/autobus/201226148.jpg,unclean_candidate
unclean,autobus,unclean/autobus/205217960.jpg,unclean_candidate
unclean,autobus,unclean/autobus/205990197.jpg,unclean_candidate
unclean,autobus,unclean/autobus/208014403.jpg,unclean_candidate
unclean,autobus,unclean/autobus/209489102.jpg,unclean_candidate
unclean,autobus,unclean/autobus/210000620.jpg,unclean_candidate
unclean,autobus,unclean/autobus/210100636.jpg,unclean_candidate
unclean,autobus,unclean/autobus/210108251.jpg,unclean_candidate
unclean,autobus,unclean/autobus/210452880.jpg,unclean_candidate
unclean,autobus,unclean/autobus/210750784.jpg,unclean_candidate
unclean,autobus,unclean/autobus/210758346.jpg,unclean_candidate
unclean,autobus,unclean/autobus/210882256.jpg,unclean_candidate
unclean,autobus,unclean/autobus/210955520.jpg,unclean_candidate
unclean,autobus,unclean/autobus/211425528.jpg,unclean_candidate
unclean,autobus,unclean/autobus/211954710.jpg,unclean_candidate
unclean,autobus,unclean/autobus/212025778.jpg,unclean_candidate
unclean,autobus,unclean/autobus/212199633.jpg,unclean_candidate
unclean,autobus,unclean/autobus/212480589.jpg,unclean_candidate
unclean,autobus,unclean/autobus/212513253.jpg,unclean_candidate
unclean,autobus,unclean/autobus/212866341.jpg,unclean_candidate
unclean,autobus,unclean/autobus/213351498.jpg,unclean_candidate
unclean,autobus,unclean/autobus/213387462.jpg,unclean_candidate
unclean,autobus,unclean/autobus/213441216.jpg,unclean_candidate
unclean,autobus,unclean/autobus/213497548.jpg,unclean_candidate
unclean,autobus,unclean/autobus/213512673.jpg,unclean_candidate
unclean,autobus,unclean/autobus/213538203.jpg,unclean_candidate
unclean,autobus,unclean/autobus/214366235.jpg,unclean_candidate
unclean,autobus,unclean/autobus/214366241.jpg,unclean_candidate
unclean,autobus,unclean/autobus/214543193.jpg,unclean_candidate
unclean,autobus,unclean/autobus/214708296.jpg,unclean_candidate
unclean,autobus,unclean/autobus/214775316.jpg,unclean_candidate
unclean,autobus,unclean/autobus/214778708.jpg,unclean_candidate
unclean,autobus,unclean/autobus/214799092.jpg,unclean_candidate
unclean,autobus,unclean/autobus/215105897.jpg,unclean_candidate
unclean,autobus,unclean/autobus/215129619.jpg,unclean_candidate
unclean,autobus,unclean/autobus/215151704.jpg,unclean_candidate
unclean,autobus,unclean/autobus/215161403.jpg,unclean_candidate
unclean,autobus,unclean/autobus/215468137.jpg,unclean_candidate
unclean,autobus,unclean/autobus/215504509.jpg,unclean_candidate
unclean,autobus,unclean/autobus/215521655.jpg,unclean_candidate
unclean,autobus,unclean/autobus/215551069.jpg,unclean_candidate
unclean,autobus,unclean/autobus/215573481.jpg,unclean_candidate
unclean,autobus,unclean/autobus/215587537.jpg,unclean_candidate
unclean,autobus,unclean/autobus/215642404.jpg,unclean_candidate
unclean,autobus,unclean/autobus/215646286.jpg,unclean_candidate
unclean,autobus,unclean/autobus/215674095.jpg,unclean_candidate
unclean,autobus,unclean/autobus/215685399.jpg,unclean_candidate
unclean,autobus,unclean/autobus/215700578.jpg,unclean_candidate
unclean,autobus,unclean/autobus/215710729.jpg,unclean_candidate
unclean,autobus,unclean/autobus/215713565.jpg,unclean_candidate
unclean,autobus,unclean/autobus/215769366.jpg,unclean_candidate
unclean,autobus,unclean/autobus/215792010.jpg,unclean_candidate
unclean,autobus,unclean/autobus/215825871.jpg,unclean_candidate
unclean,autobus,unclean/autobus/215829949.jpg,unclean_candidate
unclean,autobus,unclean/autobus/215831614.jpg,unclean_candidate
unclean,autobus,unclean/autobus/215856085.jpg,unclean_candidate
unclean,autobus,unclean/autobus/215856791.jpg,unclean_candidate
unclean,autobus,unclean/autobus/215865757.jpg,unclean_candidate
unclean,autobus,unclean/autobus/215872433.jpg,unclean_candidate
unclean,autobus,unclean/autobus/215893121.jpg,unclean_candidate
unclean,autobus,unclean/autobus/215943907.jpg,unclean_candidate
unclean,autobus,unclean/autobus/215981206.jpg,unclean_candidate
unclean,autobus,unclean/autobus/215993552.jpg,unclean_candidate
unclean,autobus,unclean/autobus/215999914.jpg,unclean_candidate
unclean,autobus,unclean/autobus/216016488.jpg,unclean_candidate
unclean,autobus,unclean/autobus/216022475.jpg,unclean_candidate
unclean,autobus,unclean/autobus/216034928.jpg,unclean_candidate
unclean,autobus,unclean/autobus/216036079.jpg,drop_near_test
unclean,autobus,unclean/autobus/216037448.jpg,unclean_candidate
unclean,autobus,unclean/autobus/216064635.jpg,unclean_candidate
unclean,autobus,unclean/autobus/216072125.jpg,unclean_candidate
unclean,autobus,unclean/autobus/216084543.jpg,unclean_candidate
unclean,autobus,unclean/autobus/216086020.jpg,unclean_candidate
unclean,autobus,unclean/autobus/216087654.jpg,unclean_candidate
unclean,autobus,unclean/autobus/216103002.jpg,unclean_candidate
unclean,autobus,unclean/autobus/216158622.jpg,unclean_candidate
unclean,autobus,unclean/autobus/216159953.jpg,unclean_candidate
unclean,autobus,unclean/autobus/216162374.jpg,unclean_candidate
unclean,autobus,unclean/autobus/216169980.jpg,unclean_candidate
unclean,autobus,unclean/autobus/216171296.jpg,unclean_candidate
unclean,autobus,unclean/autobus/216198078.jpg,unclean_candidate
unclean,autobus,unclean/autobus/216256289.jpg,unclean_candidate
unclean,autobus,unclean/autobus/216261915.jpg,unclean_candidate
unclean,autobus,unclean/autobus/216265509.jpg,unclean_candidate
unclean,autobus,unclean/autobus/216269810.jpg,drop_near_test
unclean,autobus,unclean/autobus/216273878.jpg,unclean_candidate
unclean,autobus,unclean/autobus/216275103.jpg,unclean_candidate
unclean,autobus,unclean/autobus/216279911.jpg,unclean_candidate
unclean,autobus,unclean/autobus/216324107.jpg,unclean_candidate
unclean,autobus,unclean/autobus/216360643.jpg,unclean_candidate
unclean,autobus,unclean/autobus/216410090.jpg,unclean_candidate
unclean,autobus,unclean/autobus/216426389.jpg,unclean_candidate
unclean,autobus,unclean/autobus/216460431.jpg,unclean_candidate
unclean,autobus,unclean/autobus/216495787.jpg,unclean_candidate
unclean,autobus,unclean/autobus/216583468.jpg,unclean_candidate
unclean,autobus,unclean/autobus/216594094.jpg,unclean_candidate
unclean,autobus,unclean/autobus/216637123.jpg,unclean_candidate
unclean,autobus,unclean/autobus/216639197.jpg,unclean_candidate
unclean,autobus,unclean/autobus/216649816.jpg,unclean_candidate
unclean,autobus,unclean/autobus/216652655.jpg,unclean_candidate
unclean,autobus,unclean/autobus/216658438.jpg,unclean_candidate
unclean,autobus,unclean/autobus/216709950.jpg,unclean_candidate
unclean,autobus,unclean/autobus/216720717.jpg,unclean_candidate
unclean,autobus,unclean/autobus/216732326.jpg,unclean_candidate
unclean,autobus,unclean/autobus/216735885.jpg,unclean_candidate
unclean,autobus,unclean/autobus/216735981.jpg,unclean_candidate
unclean,autobus,unclean/autobus/216782041.jpg,unclean_candidate
unclean,autobus,unclean/autobus/216797922.jpg,unclean_candidate
unclean,autobus,unclean/autobus/216865540.jpg,unclean_candidate
unclean,autobus,unclean/autobus/216867892.jpg,unclean_candidate
unclean,autobus,unclean/autobus/216869309.jpg,unclean_candidate
unclean,autobus,unclean/autobus/216870701.jpg,unclean_candidate
unclean,autobus,unclean/autobus/216913762.jpg,unclean_candidate
unclean,autobus,unclean/autobus/216917990.jpg,unclean_candidate
unclean,autobus,unclean/autobus/216933271.jpg,unclean_candidate
unclean,autobus,unclean/autobus/216939494.jpg,unclean_candidate
unclean,autobus,unclean/autobus/216946438.jpg,unclean_candidate
unclean,autobus,unclean/autobus/216947203.jpg,unclean_candidate
unclean,autobus,unclean/autobus/216967854.jpg,unclean_candidate
unclean,autobus,unclean/autobus/216977351.jpg,unclean_candidate
unclean,autobus,unclean/autobus/217002020.jpg,unclean_candidate
unclean,autobus,unclean/autobus/217005583.jpg,unclean_candidate
unclean,autobus,unclean/autobus/217007082.jpg,unclean_candidate
unclean,autobus,unclean/autobus/217008884.jpg,unclean_candidate
unclean,autobus,unclean/autobus/217011802.jpg,unclean_candidate
unclean,autobus,unclean/autobus/217056270.jpg,unclean_candidate
unclean,autobus,unclean/autobus/217071340.jpg,unclean_candidate
unclean,autobus,unclean/autobus/217094566.jpg,unclean_candidate
unclean,autobus,unclean/autobus/217116492.jpg,unclean_candidate
unclean,autobus,unclean/autobus/217131284.jpg,unclean_candidate
unclean,autobus,unclean/autobus/217153827.jpg,unclean_candidate
unclean,autobus,unclean/autobus/217199412.jpg,unclean_candidate
unclean,autobus,unclean/autobus/217200065.jpg,unclean_candidate
unclean,autobus,unclean/autobus/217207859.jpg,unclean_candidate
unclean,autobus,unclean/autobus/217405807.jpg,unclean_candidate
unclean,autobus,unclean/autobus/217414585.jpg,unclean_candidate
unclean,autobus,unclean/autobus/217564030.jpg,unclean_candidate
unclean,autobus,unclean/autobus/217713976.jpg,unclean_candidate
unclean,autobus,unclean/autobus/217735260.jpg,unclean_candidate
unclean,autobus,unclean/autobus/217768428.jpg,unclean_candidate
unclean,autobus,unclean/autobus/217784847.jpg,unclean_candidate
unclean,autobus,unclean/autobus/217852671.jpg,unclean_candidate
unclean,autobus,unclean/autobus/217892348.jpg,unclean_candidate
unclean,autobus,unclean/autobus/217923117.jpg,unclean_candidate
unclean,autobus,unclean/autobus/217924220.jpg,unclean_candidate
unclean,autobus,unclean/autobus/217925813.jpg,unclean_candidate
unclean,autobus,unclean/autobus/217979622.jpg,unclean_candidate
unclean,autobus,unclean/autobus/217992551.jpg,unclean_candidate
unclean,autobus,unclean/autobus/217994375.jpg,unclean_candidate
unclean,autobus,unclean/autobus/217999361.jpg,unclean_candidate
unclean,autobus,unclean/autobus/218010594.jpg,unclean_candidate
unclean,autobus,unclean/autobus/218041355.jpg,unclean_candidate
unclean,autobus,unclean/autobus/218042517.jpg,unclean_candidate
unclean,autobus,unclean/autobus/218048879.jpg,unclean_candidate
unclean,autobus,unclean/autobus/218088953.jpg,unclean_candidate
unclean,autobus,unclean/autobus/218187113.jpg,unclean_candidate
unclean,autobus,unclean/autobus/218199792.jpg,unclean_candidate
unclean,autobus,unclean/autobus/218208038.jpg,unclean_candidate
unclean,autobus,unclean/autobus/218214929.jpg,unclean_candidate
unclean,autobus,unclean/autobus/218267459.jpg,unclean_candidate
unclean,autobus,unclean/autobus/218337345.jpg,drop_duplicate
unclean,autobus,unclean/autobus/218374242.jpg,unclean_candidate
unclean,autobus,unclean/autobus/218384939.jpg,unclean_candidate
unclean,autobus,unclean/autobus/218398681.jpg,unclean_candidate
unclean,autobus,unclean/autobus/218405806.jpg,unclean_candidate
unclean,autobus,unclean/autobus/218426058.jpg,unclean_candidate
unclean,autobus,unclean/autobus/218434288.jpg,drop_near_test
unclean,autobus,unclean/autobus/218486197.jpg,unclean_candidate
unclean,autobus,unclean/autobus/218544249.jpg,unclean_candidate
unclean,autobus,unclean/autobus/218564482.jpg,unclean_candidate
unclean,autobus,unclean/autobus/218595025.jpg,unclean_candidate
unclean,autobus,unclean/autobus/218634883.jpg,unclean_candidate
unclean,autobus,unclean/autobus/218691159.jpg,unclean_candidate
unclean,autobus,unclean/autobus/218703717.jpg,unclean_candidate
unclean,autobus,unclean/autobus/218705074.jpg,unclean_candidate
unclean,autobus,unclean/autobus/218710860.jpg,unclean_candidate
unclean,autobus,unclean/autobus/218712334.jpg,unclean_candidate
unclean,autobus,unclean/autobus/218725809.jpg,unclean_candidate
unclean,autobus,unclean/autobus/218729799.jpg,unclean_candidate
unclean,autobus,unclean/autobus/218729996.jpg,unclean_candidate
unclean,autobus,unclean/autobus/218732478.jpg,unclean_candidate
unclean,autobus,unclean/autobus/218737467.jpg,unclean_candidate
unclean,autobus,unclean/autobus/218751068.jpg,unclean_candidate
unclean,autobus,unclean/autobus/218754987.jpg,unclean_candidate
unclean,autobus,unclean/autobus/218755990.jpg,unclean_candidate
unclean,autobus,unclean/autobus/218783127.jpg,unclean_candidate
unclean,autobus,unclean/autobus/218800911.jpg,unclean_candidate
unclean,autobus,unclean/autobus/218875399.jpg,unclean_candidate
unclean,autobus,unclean/autobus/218900005.jpg,unclean_candidate
unclean,autobus,unclean/autobus/218905236.jpg,unclean_candidate
unclean,autobus,unclean/autobus/218905897.jpg,unclean_candidate
unclean,autobus,unclean/autobus/218907601.jpg,unclean_candidate
unclean,autobus,unclean/autobus/218932712.jpg,unclean_candidate
unclean,autobus,unclean/autobus/218933062.jpg,unclean_candidate
unclean,autobus,unclean/autobus/218939231.jpg,unclean_candidate
unclean,autobus,unclean/autobus/218955741.jpg,unclean_candidate
unclean,autobus,unclean/autobus/218962057.jpg,unclean_candidate
unclean,autobus,unclean/autobus/218988618.jpg,unclean_candidate
unclean,autobus,unclean/autobus/219027510.jpg,unclean_candidate
unclean,autobus,unclean/autobus/219055285.jpg,unclean_candidate
unclean,autobus,unclean/autobus/219067267.jpg,unclean_candidate
unclean,kamyun,unclean/kamyun/192927834.jpg,unclean_candidate
unclean,kamyun,unclean/kamyun/193072517.jpg,unclean_candidate
unclean,kamyun,unclean/kamyun/193873079.jpg,unclean_candidate
unclean,kamyun,unclean/kamyun/194253735.jpg,unclean_candidate
unclean,kamyun,unclean/kamyun/194273205.jpg,unclean_candidate
unclean,kamyun,unclean/kamyun/195660529.jpg,unclean_candidate
unclean,kamyun,unclean/kamyun/196417710.jpg,unclean_candidate
unclean,kamyun,unclean/kamyun/196424170.jpg,unclean_candidate
unclean,kamyun,unclean/kamyun/197203445.jpg,unclean_candidate
unclean,kamyun,unclean/kamyun/198181313.jpg,unclean_candidate
unclean,kamyun,unclean/kamyun/198248492.jpg,unclean_candidate
unclean,kamyun,unclean/kamyun/198280548.jpg,unclean_candidate
unclean,kamyun,unclean/kamyun/198440602.jpg,unclean_candidate
unclean,kamyun,unclean/kamyun/198461875.jpg,unclean_candidate
unclean,kamyun,unclean/kamyun/198657567.jpg,unclean_candidate
unclean,kamyun,unclean/kamyun/198714516.jpg,unclean_candidate
unclean,kamyun,unclean/kamyun/199575055.jpg,unclean_candidate
unclean,kamyun,unclean/kamyun/199605657.jpg,unclean_candidate
unclean,kamyun,unclean/kamyun/199636802.jpg,unclean_candidate
unclean,kamyun,unclean/kamyun/200457547.jpg,unclean_candidate
unclean,kamyun,unclean/kamyun/201501771.jpg,unclean_candidate
unclean,kamyun,unclean/kamyun/202364275.jpg,unclean_candidate
unclean,kamyun,unclean/kamyun/203161511.jpg,unclean_candidate
unclean,kamyun,unclean/kamyun/205327106.jpg,unclean_candidate
unclean,kamyun,unclean/kamyun/205439945.jpg,unclean_candidate
unclean,kamyun,unclean/kamyun/205904567.jpg,unclean_candidate
unclean,kamyun,unclean/kamyun/206728823.jpg,unclean_candidate
unclean,kamyun,unclean/kamyun/206812424.jpg,unclean_candidate
unclean,kamyun,unclean/kamyun/207936351.jpg,unclean_candidate
unclean,kamyun,unclean/kamyun/208307172.jpg,unclean_candidate
unclean,kamyun,unclean/kamyun/209332179.jpg,unclean_candidate
unclean,kamyun,unclean/kamyun/209576488.jpg,unclean_candidate
unclean,kamyun,unclean/kamyun/209981626.jpg,unclean_candidate
unclean,kamyun,unclean/kamyun/210254715.jpg,unclean_candidate
unclean,kamyun,unclean/kamyun/210778693.jpg,unclean_candidate
unclean,kamyun,unclean/kamyun/211010019.jpg,unclean_candidate
unclean,kamyun,unclean/kamyun/211410411.jpg,unclean_candidate
unclean,kamyun,unclean/kamyun/212008183.jpg,unclean_candidate
unclean,kamyun,unclean/kamyun/212492339.jpg,unclean_candidate
unclean,kamyun,unclean/kamyun/212511089.jpg,unclean_candidate
unclean,kamyun,unclean/kamyun/212564070.jpg,unclean_candidate
unclean,kamyun,unclean/kamyun/213331158.jpg,unclean_candidate
unclean,kamyun,unclean/kamyun/213750078.jpg,unclean_candidate
unclean,kamyun,unclean/kamyun/213879581.jpg,unclean_candidate
unclean,kamyun,unclean/kamyun/214034569.jpg,unclean_candidate
unclean,kamyun,unclean/kamyun/214288744.jpg,unclean_candidate
unclean,kamyun,unclean/kamyun/214493117.jpg,unclean_candidate
unclean,kamyun,unclean/kamyun/214632229.jpg,unclean_candidate
unclean,kamyun,unclean/kamyun/214646142.jpg,unclean_candidate
unclean,kamyun,unclean/kamyun/214822567.jpg,unclean_candidate
unclean,kamyun,unclean/kamyun/215406388.jpg,unclean_candidate
unclean,kamyun,unclean/kamyun/215416939.jpg,unclean_candidate
unclean,kamyun,unclean/kamyun/215435203.jpg,unclean_candidate
unclean,kamyun,unclean/kamyun/215545975.jpg,unclean_candidate
unclean,kamyun,unclean/kamyun/215581956.jpg,unclean_candidate
unclean,kamyun,unclean/kamyun/215657122.jpg,unclean_candidate
unclean,kamyun,unclean/kamyun/215675761.jpg,unclean_candidate
unclean,kamyun,unclean/kamyun/215678322.jpg,unclean_candidate
unclean,kamyun,unclean/kamyun/215686425.jpg,unclean_candidate
unclean,kamyun,unclean/kamyun/215696402.jpg,unclean_candidate
unclean,kamyun,unclean/kamyun/215697977.jpg,unclean_candidate
unclean,kamyun,unclean/kamyun/215704325.jpg,unclean_candidate
unclean,kamyun,unclean/kamyun/215743151.jpg,unclean_candidate
unclean,kamyun,unclean/kamyun/215762954.jpg,unclean_candidate
unclean,kamyun,unclean/kamyun/215798585.jpg,unclean_candidate
unclean,kamyun,unclean/kamyun/215807286.jpg,unclean_candidate
unclean,kamyun,unclean/kamyun/215809652.jpg,unclean_candidate
unclean,kamyun,unclean/kamyun/215816828.jpg,unclean_candidate
unclean,kamyun,unclean/kamyun/215829124.jpg,unclean_candidate
unclean,kamyun,unclean/kamyun/215894307.jpg,unclean_candidate
unclean,kamyun,unclean/kamyun/215897723.jpg,unclean_candidate
unclean,kamyun,unclean/kamyun/215908637.jpg,unclean_candidate
unclean,kamyun,unclean/kamyun/215910955.jpg,unclean_candidate
unclean,kamyun,unclean/kamyun/215943238.jpg,unclean_candidate
unclean,kamyun,unclean/kamyun/215956539.jpg,unclean_candidate
unclean,kamyun,unclean/kamyun/215958562.jpg,unclean_candidate
unclean,kamyun,unclean/kamyun/215969701.jpg,unclean_candidate
unclean,kamyun,unclean/kamyun/215976288.jpg,unclean_candidate
unclean,kamyun,unclean/kamyun/215987359.jpg,unclean_candidate
unclean,kamyun,unclean/kamyun/215994997.jpg,unclean_candidate
unclean,kamyun,unclean/kamyun/216019497.jpg,unclean_candidate
unclean,kamyun,unclean/kamyun/216023198.jpg,unclean_candidate
unclean,kamyun,unclean/kamyun/216025066.jpg,unclean_candidate
unclean,kamyun,unclean/kamyun/216033092.jpg,unclean_candidate
unclean,kamyun,unclean/kamyun/216037426.jpg,unclean_candidate
unclean,kamyun,unclean/kamyun/216044993.jpg,unclean_candidate
unclean,kamyun,unclean/kamyun/216047322.jpg,unclean_candidate
unclean,kamyun,unclean/kamyun/216055748.jpg,unclean_candidate
unclean,kamyun,unclean/kamyun/216061754.jpg,unclean_candidate
unclean,kamyun,unclean/kamyun/216073290.jpg,unclean_candidate
unclean,kamyun,unclean/kamyun/216087919.jpg,unclean_candidate
unclean,kamyun,unclean/kamyun/216104141.jpg,unclean_candidate
unclean,kamyun,unclean/kamyun/216108515.jpg,unclean_candidate
unclean,kamyun,unclean/kamyun/216144484.jpg,unclean_candidate
unclean,kamyun,unclean/kamyun/216147957.jpg,unclean_candidate
unclean,kamyun,unclean/kamyun/216165956.jpg,unclean_candidate
unclean,kamyun,unclean/kamyun/216204473.jpg,unclean_candidate
unclean,kamyun,unclean/kamyun/216211899.jpg,unclean_candidate
unclean,kamyun,unclean/kamyun/216212208.jpg,unclean_candidate
unclean,kamyun,unclean/kamyun/216231496.jpg,unclean_candidate
unclean,kamyun,unclean/kamyun/216324458.jpg,unclean_candidate
unclean,kamyun,unclean/kamyun/216328900.jpg,unclean_candidate
unclean,kamyun,unclean/kamyun/216353860.jpg,unclean_candidate
unclean,kamyun,unclean/kamyun/216393221.jpg,unclean_candidate
unclean,kamyun,unclean/kamyun/216410031.jpg,unclean_candidate
unclean,kamyun,unclean/kamyun/216422242.jpg,unclean_candidate
unclean,kamyun,unclean/kamyun/216427325.jpg,unclean_candidate
unclean,kamyun,unclean/kamyun/216434062.jpg,unclean_candidate
unclean,kamyun,unclean/kamyun/216454111.jpg,unclean_candidate
unclean,kamyun,unclean/kamyun/216456908.jpg,unclean_candidate
unclean,kamyun,unclean/kamyun/216484088.jpg,unclean_candidate
unclean,kamyun,unclean/kamyun/216533545.jpg,unclean_candidate
unclean,kamyun,unclean/kamyun/216536045.jpg,unclean_candidate
unclean,kamyun,unclean/kamyun/216537889.jpg,unclean_candidate
unclean,kamyun,unclean/kamyun/216560083.jpg,unclean_candidate
unclean,kamyun,unclean/kamyun/216560895.jpg,unclean_candidate
unclean,kamyun,unclean/kamyun/216568882.jpg,unclean_candidate
unclean,kamyun,unclean/kamyun/216596453.jpg,unclean_candidate
unclean,kamyun,unclean/kamyun/216616423.jpg,unclean_candidate
unclean,kamyun,unclean/kamyun/216637785.jpg,unclean_candidate
unclean,kamyun,unclean/kamyun/216647985.jpg,unclean_candidate
unclean,kamyun,unclean/kamyun/216648052.jpg,unclean_candidate
unclean,kamyun,unclean/kamyun/216677011.jpg,unclean_candidate
unclean,kamyun,unclean/kamyun/216739511.jpg,unclean_candidate
unclean,kamyun,unclean/kamyun/216768621.jpg,unclean_candidate
unclean,kamyun,unclean/kamyun/216797255.jpg,unclean_candidate
unclean,kamyun,unclean/kamyun/216849455.jpg,unclean_candidate
unclean,kamyun,unclean/kamyun/216854596.jpg,unclean_candidate
unclean,kamyun,unclean/kamyun/216864895.jpg,unclean_candidate
unclean,kamyun,unclean/kamyun/216891505.jpg,unclean_candidate
unclean,kamyun,unclean/kamyun/216926294.jpg,unclean_candidate
unclean,kamyun,unclean/kamyun/216962905.jpg,unclean_candidate
unclean,kamyun,unclean/kamyun/217000647.jpg,unclean_candidate
unclean,kamyun,unclean/kamyun/217050719.jpg,unclean_candidate
unclean,kamyun,unclean/kamyun/217066957.jpg,unclean_candidate
unclean,kamyun,unclean/kamyun/217070577.jpg,unclean_candidate
unclean,kamyun,unclean/kamyun/217072267.jpg,unclean_candidate
unclean,kamyun,unclean/kamyun/217114315.jpg,unclean_candidate
unclean,kamyun,unclean/kamyun/217183554.jpg,unclean_candidate
unclean,kamyun,unclean/kamyun/217187069.jpg,unclean_candidate
unclean,kamyun,unclean/kamyun/217190222.jpg,unclean_candidate
unclean,kamyun,unclean/kamyun/217273409.jpg,unclean_candidate
unclean,kamyun,unclean/kamyun/217309460.jpg,unclean_candidate
unclean,kamyun,unclean/kamyun/217368931.jpg,unclean_candidate
unclean,kamyun,unclean/kamyun/217382212.jpg,unclean_candidate
unclean,kamyun,unclean/kamyun/217393780.jpg,unclean_candidate
unclean,kamyun,unclean/kamyun/217433211.jpg,unclean_candidate
unclean,kamyun,unclean/kamyun/217634183.jpg,unclean_candidate
unclean,kamyun,unclean/kamyun/217694641.jpg,unclean_candidate
unclean,kamyun,unclean/kamyun/217832581.jpg,unclean_candidate
unclean,kamyun,unclean/kamyun/217892920.jpg,unclean_candidate
unclean,kamyun,unclean/kamyun/217903362.jpg,unclean_candidate
unclean,kamyun,unclean/kamyun/217922047.jpg,unclean_candidate
unclean,kamyun,unclean/kamyun/217940022.jpg,unclean_candidate
unclean,kamyun,unclean/kamyun/217967481.jpg,unclean_candidate
unclean,kamyun,unclean/kamyun/217989700.jpg,unclean_candidate
unclean,kamyun,unclean/kamyun/217998174.jpg,unclean_candidate
unclean,kamyun,unclean/kamyun/218028621.jpg,unclean_candidate
unclean,kamyun,unclean/kamyun/218036546.jpg,unclean_candidate
unclean,kamyun,unclean/kamyun/218039449.jpg,unclean_candidate
unclean,kamyun,unclean/kamyun/218097257.jpg,unclean_candidate
unclean,kamyun,unclean/kamyun/218134792.jpg,unclean_candidate
unclean,kamyun,unclean/kamyun/218151052.jpg,unclean_candidate
unclean,kamyun,unclean/kamyun/218163443.jpg,unclean_candidate
unclean,kamyun,unclean/kamyun/218164341.jpg,unclean_candidate
unclean,kamyun,unclean/kamyun/218182764.jpg,unclean_candidate
unclean,kamyun,unclean/kamyun/218199412.jpg,unclean_candidate
unclean,kamyun,unclean/kamyun/218206526.jpg,unclean_candidate
unclean,kamyun,unclean/kamyun/218208780.jpg,unclean_candidate
unclean,kamyun,unclean/kamyun/218259112.jpg,unclean_candidate
unclean,kamyun,unclean/kamyun/218330500.jpg,unclean_candidate
unclean,kamyun,unclean/kamyun/218342110.jpg,unclean_candidate
unclean,kamyun,unclean/kamyun/218342823.jpg,unclean_candidate
unclean,kamyun,unclean/kamyun/218381430.jpg,unclean_candidate
unclean,kamyun,unclean/kamyun/218384709.jpg,unclean_candidate
unclean,kamyun,unclean/kamyun/218432185.jpg,unclean_candidate
unclean,kamyun,unclean/kamyun/218492318.jpg,unclean_candidate
unclean,kamyun,unclean/kamyun/218559449.jpg,unclean_candidate
unclean,kamyun,unclean/kamyun/218560204.jpg,unclean_candidate
unclean,kamyun,unclean/kamyun/218568954.jpg,unclean_candidate
unclean,kamyun,unclean/kamyun/218572201.jpg,unclean_candidate
unclean,kamyun,unclean/kamyun/218572695.jpg,unclean_candidate
unclean,kamyun,unclean/kamyun/218576473.jpg,unclean_candidate
unclean,kamyun,unclean/kamyun/218596968.jpg,unclean_candidate
unclean,kamyun,unclean/kamyun/218601432.jpg,unclean_candidate
unclean,kamyun,unclean/kamyun/218609300.jpg,unclean_candidate
unclean,kamyun,unclean/kamyun/218639875.jpg,unclean_candidate
unclean,kamyun,unclean/kamyun/218642439.jpg,unclean_candidate
unclean,kamyun,unclean/kamyun/218666415.jpg,unclean_candidate
unclean,kamyun,unclean/kamyun/218685223.jpg,unclean_candidate
unclean,kamyun,unclean/kamyun/218689825.jpg,unclean_candidate
unclean,kamyun,unclean/kamyun/218696889.jpg,unclean_candidate
unclean,kamyun,unclean/kamyun/218699915.jpg,unclean_candidate
unclean,kamyun,unclean/kamyun/218715737.jpg,unclean_candidate
unclean,kamyun,unclean/kamyun/218716781.jpg,unclean_candidate
unclean,kamyun,unclean/kamyun/218720713.jpg,unclean_candidate
unclean,kamyun,unclean/kamyun/218720842.jpg,unclean_candidate
unclean,kamyun,unclean/kamyun/218721747.jpg,unclean_candidate
unclean,kamyun,unclean/kamyun/218723246.jpg,unclean_candidate
unclean,kamyun,unclean/kamyun/218755560.jpg,unclean_candidate
unclean,kamyun,unclean/kamyun/218771525.jpg,unclean_candidate
unclean,kamyun,unclean/kamyun/218795910.jpg,unclean_candidate
unclean,kamyun,unclean/kamyun/218800079.jpg,unclean_candidate
unclean,kamyun,unclean/kamyun/218830724.jpg,unclean_candidate
unclean,kamyun,unclean/kamyun/218849140.jpg,unclean_candidate
unclean,kamyun,unclean/kamyun/218860925.jpg,unclean_candidate
unclean,kamyun,unclean/kamyun/218877388.jpg,unclean_candidate
unclean,kamyun,unclean/kamyun/218906408.jpg,unclean_candidate
unclean,kamyun,unclean/kamyun/218913056.jpg,unclean_candidate
unclean,kamyun,unclean/kamyun/218915243.jpg,unclean_candidate
unclean,kamyun,unclean/kamyun/218916372.jpg,unclean_candidate
unclean,kamyun,unclean/kamyun/218927452.jpg,unclean_candidate
unclean,kamyun,unclean/kamyun/218931656.jpg,unclean_candidate
unclean,kamyun,unclean/kamyun/218942767.jpg,unclean_candidate
unclean,kamyun,unclean/kamyun/218951797.jpg,unclean_candidate
unclean,kamyun,unclean/kamyun/218972010.jpg,unclean_candidate
unclean,kamyun,unclean/kamyun/218978195.jpg,unclean_candidate
unclean,kamyun,unclean/kamyun/218981964.jpg,unclean_candidate
unclean,kamyun,unclean/kamyun/218983235.jpg,unclean_candidate
unclean,kamyun,unclean/kamyun/218984838.jpg,unclean_candidate
unclean,kamyun,unclean/kamyun/218988535.jpg,unclean_candidate
unclean,kamyun,unclean/kamyun/218990997.jpg,unclean_candidate
unclean,kamyun,unclean/kamyun/218994039.jpg,unclean_candidate
unclean,kamyun,unclean/kamyun/219012783.jpg,unclean_candidate
unclean,kamyun,unclean/kamyun/219050932.jpg,unclean_candidate
unclean,kamyun,unclean/kamyun/219057807.jpg,unclean_candidate
unclean,kamyun,unclean/kamyun/219084652.jpg,unclean_candidate
unclean,kamyun,unclean/kamyun/219108317.jpg,unclean_candidate
unclean,kamyun,unclean/kamyun/219121462.jpg,unclean_candidate
unclean,kamyunet,unclean/kamyunet/193558761.jpg,unclean_candidate
unclean,kamyunet,unclean/kamyunet/193903806.jpg,drop_duplicate
unclean,kamyunet,unclean/kamyunet/194270924.jpg,drop_duplicate
unclean,kamyunet,unclean/kamyunet/194280486.jpg,unclean_candidate
unclean,kamyunet,unclean/kamyunet/194484076.jpg,unclean_candidate
unclean,kamyunet,unclean/kamyunet/195416036.jpg,unclean_candidate
unclean,kamyunet,unclean/kamyunet/195578789.jpg,drop_duplicate
unclean,kamyunet,unclean/kamyunet/195898713.jpg,unclean_candidate
unclean,kamyunet,unclean/kamyunet/195918838.jpg,unclean_candidate
unclean,kamyunet,unclean/kamyunet/196513453.jpg,unclean_candidate
unclean,kamyunet,unclean/kamyunet/197132093.jpg,unclean_candidate
unclean,kamyunet,unclean/kamyunet/197504981.jpg,unclean_candidate
unclean,kamyunet,unclean/kamyunet/198068040.jpg,unclean_candidate
unclean,kamyunet,unclean/kamyunet/198111935.jpg,unclean_candidate
unclean,kamyunet,unclean/kamyunet/198158463.jpg,unclean_candidate
unclean,kamyunet,unclean/kamyunet/198243942.jpg,unclean_candidate
unclean,kamyunet,unclean/kamyunet/198264037.jpg,unclean_candidate
unclean,kamyunet,unclean/kamyunet/198330600.jpg,unclean_candidate
unclean,kamyunet,unclean/kamyunet/198385201.jpg,unclean_candidate
unclean,kamyunet,unclean/kamyunet/198425102.jpg,unclean_candidate
unclean,kamyunet,unclean/kamyunet/198465540.jpg,unclean_candidate
unclean,kamyunet,unclean/kamyunet/198991559.jpg,unclean_candidate
unclean,kamyunet,unclean/kamyunet/199184462.jpg,unclean_candidate
unclean,kamyunet,unclean/kamyunet/199279799.jpg,unclean_candidate
unclean,kamyunet,unclean/kamyunet/199375942.jpg,unclean_candidate
unclean,kamyunet,unclean/kamyunet/199637722.jpg,unclean_candidate
unclean,kamyunet,unclean/kamyunet/199946768.jpg,unclean_candidate
unclean,kamyunet,unclean/kamyunet/202209206.jpg,unclean_candidate
unclean,kamyunet,unclean/kamyunet/202409039.jpg,unclean_candidate
unclean,kamyunet,unclean/kamyunet/202540223.jpg,unclean_candidate
unclean,kamyunet,unclean/kamyunet/203426119.jpg,unclean_candidate
unclean,kamyunet,unclean/kamyunet/204597188.jpg,unclean_candidate
unclean,kamyunet,unclean/kamyunet/205243013.jpg,unclean_candidate
unclean,kamyunet,unclean/kamyunet/205437377.jpg,unclean_candidate
unclean,kamyunet,unclean/kamyunet/206862339.jpg,unclean_candidate
unclean,kamyunet,unclean/kamyunet/207076419.jpg,unclean_candidate
unclean,kamyunet,unclean/kamyunet/207502063.jpg,unclean_candidate
unclean,kamyunet,unclean/kamyunet/207598810.jpg,unclean_candidate
unclean,kamyunet,unclean/kamyunet/208424445.jpg,unclean_candidate
unclean,kamyunet,unclean/kamyunet/209517188.jpg,unclean_candidate
unclean,kamyunet,unclean/kamyunet/209845919.jpg,unclean_candidate
unclean,kamyunet,unclean/kamyunet/209859136.jpg,unclean_candidate
unclean,kamyunet,unclean/kamyunet/210034335.jpg,unclean_candidate
unclean,kamyunet,unclean/kamyunet/210107304.jpg,unclean_candidate
unclean,kamyunet,unclean/kamyunet/210122932.jpg,unclean_candidate
unclean,kamyunet,unclean/kamyunet/211524213.jpg,unclean_candidate
unclean,kamyunet,unclean/kamyunet/211723634.jpg,unclean_candidate
unclean,kamyunet,unclean/kamyunet/212082731.jpg,unclean_candidate
unclean,kamyunet,unclean/kamyunet/212165742.jpg,unclean_candidate
unclean,kamyunet,unclean/kamyunet/212169487.jpg,unclean_candidate
unclean,kamyunet,unclean/kamyunet/212295113.jpg,unclean_candidate
unclean,kamyunet,unclean/kamyunet/212708966.jpg,unclean_candidate
unclean,kamyunet,unclean/kamyunet/212722682.jpg,unclean_candidate
unclean,kamyunet,unclean/kamyunet/212746296.jpg,unclean_candidate
unclean,kamyunet,unclean/kamyunet/212916835.jpg,unclean_candidate
unclean,kamyunet,unclean/kamyunet/213234314.jpg,unclean_candidate
unclean,kamyunet,unclean/kamyunet/213270925.jpg,unclean_candidate
unclean,kamyunet,unclean/kamyunet/213506255.jpg,unclean_candidate
unclean,kamyunet,unclean/kamyunet/213511840.jpg,unclean_candidate
unclean,kamyunet,unclean/kamyunet/213627127.jpg,unclean_candidate
unclean,kamyunet,unclean/kamyunet/213853081.jpg,unclean_candidate
unclean,kamyunet,unclean/kamyunet/214048005.jpg,unclean_candidate
unclean,kamyunet,unclean/kamyunet/214105935.jpg,unclean_candidate
unclean,kamyunet,unclean/kamyunet/214283248.jpg,unclean_candidate
unclean,kamyunet,unclean/kamyunet/214357757.jpg,unclean_candidate
unclean,kamyunet,unclean/kamyunet/214359092.jpg,unclean_candidate
unclean,kamyunet,unclean/kamyunet/214490121.jpg,unclean_candidate
unclean,kamyunet,unclean/kamyunet/214490765.jpg,unclean_candidate
unclean,kamyunet,unclean/kamyunet/214493265.jpg,unclean_candidate
unclean,kamyunet,unclean/kamyunet/214731512.jpg,unclean_candidate
unclean,kamyunet,unclean/kamyunet/214806720.jpg,unclean_candidate
unclean,kamyunet,unclean/kamyunet/214956940.jpg,unclean_candidate
unclean,kamyunet,unclean/kamyunet/214962809.jpg,unclean_candidate
unclean,kamyunet,unclean/kamyunet/215100998.jpg,unclean_candidate
unclean,kamyunet,unclean/kamyunet/215144561.jpg,unclean_candidate
unclean,kamyunet,unclean/kamyunet/215181817.jpg,unclean_candidate
unclean,kamyunet,unclean/kamyunet/215183315.jpg,unclean_candidate
unclean,kamyunet,unclean/kamyunet/215298296.jpg,unclean_candidate
unclean,kamyunet,unclean/kamyunet/215318772.jpg,unclean_candidate
unclean,kamyunet,unclean/kamyunet/215569155.jpg,unclean_candidate
unclean,kamyunet,unclean/kamyunet/215576573.jpg,unclean_candidate
unclean,kamyunet,unclean/kamyunet/215579018.jpg,unclean_candidate
unclean,kamyunet,unclean/kamyunet/215628593.jpg,unclean_candidate
unclean,kamyunet,unclean/kamyunet/215647485.jpg,unclean_candidate
unclean,kamyunet,unclean/kamyunet/215676546.jpg,unclean_candidate
unclean,kamyunet,unclean/kamyunet/215715240.jpg,unclean_candidate
unclean,kamyunet,unclean/kamyunet/215724393.jpg,unclean_candidate
unclean,kamyunet,unclean/kamyunet/215726793.jpg,unclean_candidate
unclean,kamyunet,unclean/kamyunet/215739554.jpg,unclean_candidate
unclean,kamyunet,unclean/kamyunet/215772684.jpg,unclean_candidate
unclean,kamyunet,unclean/kamyunet/215805277.jpg,unclean_candidate
unclean,kamyunet,unclean/kamyunet/215805284.jpg,unclean_candidate
unclean,kamyunet,unclean/kamyunet/215809055.jpg,unclean_candidate
unclean,kamyunet,unclean/kamyunet/215814774.jpg,unclean_candidate
unclean,kamyunet,unclean/kamyunet/215849760.jpg,unclean_candidate
unclean,kamyunet,unclean/kamyunet/215856019.jpg,unclean_candidate
unclean,kamyunet,unclean/kamyunet/215906143.jpg,unclean_candidate
unclean,kamyunet,unclean/kamyunet/215989790.jpg,unclean_candidate
unclean,kamyunet,unclean/kamyunet/216013680.jpg,unclean_candidate
unclean,kamyunet,unclean/kamyunet/216023451.jpg,unclean_candidate
unclean,kamyunet,unclean/kamyunet/216034688.jpg,unclean_candidate
unclean,kamyunet,unclean/kamyunet/216035343.jpg,unclean_candidate
unclean,kamyunet,unclean/kamyunet/216045130.jpg,unclean_candidate
unclean,kamyunet,unclean/kamyunet/216048031.jpg,unclean_candidate
unclean,kamyunet,unclean/kamyunet/216050933.jpg,unclean_candidate
unclean,kamyunet,unclean/kamyunet/216070131.jpg,unclean_candidate
unclean,kamyunet,unclean/kamyunet/216109678.jpg,unclean_candidate
unclean,kamyunet,unclean/kamyunet/216151124.jpg,unclean_candidate
unclean,kamyunet,unclean/kamyunet/216199187.jpg,unclean_candidate
unclean,kamyunet,unclean/kamyunet/216223738.jpg,unclean_candidate
unclean,kamyunet,unclean/kamyunet/216230183.jpg,unclean_candidate
unclean,kamyunet,unclean/kamyunet/216297399.jpg,unclean_candidate
unclean,kamyunet,unclean/kamyunet/216304874.jpg,unclean_candidate
unclean,kamyunet,unclean/kamyunet/216317142.jpg,unclean_candidate
unclean,kamyunet,unclean/kamyunet/216323557.jpg,unclean_candidate
unclean,kamyunet,unclean/kamyunet/216392196.jpg,unclean_candidate
unclean,kamyunet,unclean/kamyunet/216428687.jpg,unclean_candidate
unclean,kamyunet,unclean/kamyunet/216430042.jpg,unclean_candidate
unclean,kamyunet,unclean/kamyunet/216446865.jpg,unclean_candidate
unclean,kamyunet,unclean/kamyunet/216450914.jpg,unclean_candidate
unclean,kamyunet,unclean/kamyunet/216480042.jpg,unclean_candidate
unclean,kamyunet,unclean/kamyunet/216496874.jpg,unclean_candidate
unclean,kamyunet,unclean/kamyunet/216526240.jpg,unclean_candidate
unclean,kamyunet,unclean/kamyunet/216575329.jpg,unclean_candidate
unclean,kamyunet,unclean/kamyunet/216585734.jpg,unclean_candidate
unclean,kamyunet,unclean/kamyunet/216618682.jpg,unclean_candidate
unclean,kamyunet,unclean/kamyunet/216631549.jpg,unclean_candidate
unclean,kamyunet,unclean/kamyunet/216673880.jpg,unclean_candidate
unclean,kamyunet,unclean/kamyunet/216696969.jpg,unclean_candidate
unclean,kamyunet,unclean/kamyunet/216699823.jpg,unclean_candidate
unclean,kamyunet,unclean/kamyunet/216737299.jpg,unclean_candidate
unclean,kamyunet,unclean/kamyunet/216742207.jpg,unclean_candidate
unclean,kamyunet,unclean/kamyunet/216748572.jpg,unclean_candidate
unclean,kamyunet,unclean/kamyunet/216751610.jpg,unclean_candidate
unclean,kamyunet,unclean/kamyunet/216759709.jpg,unclean_candidate
unclean,kamyunet,unclean/kamyunet/216761927.jpg,unclean_candidate
unclean,kamyunet,unclean/kamyunet/216763745.jpg,unclean_candidate
unclean,kamyunet,unclean/kamyunet/216771096.jpg,unclean_candidate
unclean,kamyunet,unclean/kamyunet/216779130.jpg,unclean_candidate
unclean,kamyunet,unclean/kamyunet/216790354.jpg,unclean_candidate
unclean,kamyunet,unclean/kamyunet/216792837.jpg,unclean_candidate
unclean,kamyunet,unclean/kamyunet/216816286.jpg,unclean_candidate
unclean,kamyunet,unclean/kamyunet/216829724.jpg,unclean_candidate
unclean,kamyunet,unclean/kamyunet/216850292.jpg,unclean_candidate
unclean,kamyunet,unclean/kamyunet/216892357.jpg,unclean_candidate
unclean,kamyunet,unclean/kamyunet/216904183.jpg,unclean_candidate
unclean,kamyunet,unclean/kamyunet/216916842.jpg,unclean_candidate
unclean,kamyunet,unclean/kamyunet/216929918.jpg,unclean_candidate
unclean,kamyunet,unclean/kamyunet/216930847.jpg,unclean_candidate
unclean,kamyunet,unclean/kamyunet/216941617.jpg,unclean_candidate
unclean,kamyunet,unclean/kamyunet/216972904.jpg,unclean_candidate
unclean,kamyunet,unclean/kamyunet/217000128.jpg,unclean_candidate
unclean,kamyunet,unclean/kamyunet/217008010.jpg,unclean_candidate
unclean,kamyunet,unclean/kamyunet/217024570.jpg,unclean_candidate
unclean,kamyunet,unclean/kamyunet/217031137.jpg,unclean_candidate
unclean,kamyunet,unclean/kamyunet/217031763.jpg,unclean_candidate
unclean,kamyunet,unclean/kamyunet/217052078.jpg,unclean_candidate
unclean,kamyunet,unclean/kamyunet/217083046.jpg,unclean_candidate
unclean,kamyunet,unclean/kamyunet/217154686.jpg,unclean_candidate
unclean,kamyunet,unclean/kamyunet/217156552.jpg,drop_duplicate
unclean,kamyunet,unclean/kamyunet/217168731.jpg,unclean_candidate
unclean,kamyunet,unclean/kamyunet/217189439.jpg,unclean_candidate
unclean,kamyunet,unclean/kamyunet/217195459.jpg,unclean_candidate
unclean,kamyunet,unclean/kamyunet/217350352.jpg,unclean_candidate
unclean,kamyunet,unclean/kamyunet/217385379.jpg,unclean_candidate
unclean,kamyunet,unclean/kamyunet/217558245.jpg,unclean_candidate
unclean,kamyunet,unclean/kamyunet/217644872.jpg,unclean_candidate
unclean,kamyunet,unclean/kamyunet/217739639.jpg,unclean_candidate
unclean,kamyunet,unclean/kamyunet/217762838.jpg,unclean_candidate
unclean,kamyunet,unclean/kamyunet/217791346.jpg,unclean_candidate
unclean,kamyunet,unclean/kamyunet/217801280.jpg,unclean_candidate
unclean,kamyunet,unclean/kamyunet/217801992.jpg,unclean_candidate
unclean,kamyunet,unclean/kamyunet/217804557.jpg,unclean_candidate
unclean,kamyunet,unclean/kamyunet/217812444.jpg,unclean_candidate
unclean,kamyunet,unclean/kamyunet/217831667.jpg,unclean_candidate
unclean,kamyunet,unclean/kamyunet/217880543.jpg,unclean_candidate
unclean,kamyunet,unclean/kamyunet/217894393.jpg,unclean_candidate
unclean,kamyunet,unclean/kamyunet/217895269.jpg,unclean_candidate
unclean,kamyunet,unclean/kamyunet/217930620.jpg,unclean_candidate
unclean,kamyunet,unclean/kamyunet/217933127.jpg,unclean_candidate
unclean,kamyunet,unclean/kamyunet/217957904.jpg,unclean_candidate
unclean,kamyunet,unclean/kamyunet/218007427.jpg,unclean_candidate
unclean,kamyunet,unclean/kamyunet/218018419.jpg,unclean_candidate
unclean,kamyunet,unclean/kamyunet/218078546.jpg,unclean_candidate
unclean,kamyunet,unclean/kamyunet/218083651.jpg,unclean_candidate
unclean,kamyunet,unclean/kamyunet/218106127.jpg,unclean_candidate
unclean,kamyunet,unclean/kamyunet/218107237.jpg,unclean_candidate
unclean,kamyunet,unclean/kamyunet/218167231.jpg,unclean_candidate
unclean,kamyunet,unclean/kamyunet/218171998.jpg,unclean_candidate
unclean,kamyunet,unclean/kamyunet/218176905.jpg,unclean_candidate
unclean,kamyunet,unclean/kamyunet/218187809.jpg,unclean_candidate
unclean,kamyunet,unclean/kamyunet/218189090.jpg,unclean_candidate
unclean,kamyunet,unclean/kamyunet/218203951.jpg,unclean_candidate
unclean,kamyunet,unclean/kamyunet/218262985.jpg,unclean_candidate
unclean,kamyunet,unclean/kamyunet/218263496.jpg,unclean_candidate
unclean,kamyunet,unclean/kamyunet/218279230.jpg,unclean_candidate
unclean,kamyunet,unclean/kamyunet/218307800.jpg,unclean_candidate
unclean,kamyunet,unclean/kamyunet/218312742.jpg,unclean_candidate
unclean,kamyunet,unclean/kamyunet/218322871.jpg,unclean_candidate
unclean,kamyunet,unclean/kamyunet/218340234.jpg,unclean_candidate
unclean,kamyunet,unclean/kamyunet/218365461.jpg,unclean_candidate
unclean,kamyunet,unclean/kamyunet/218375873.jpg,unclean_candidate
unclean,kamyunet,unclean/kamyunet/218378715.jpg,unclean_candidate
unclean,kamyunet,unclean/kamyunet/218391800.jpg,unclean_candidate
unclean,kamyunet,unclean/kamyunet/218451178.jpg,unclean_candidate
unclean,kamyunet,unclean/kamyunet/218490161.jpg,unclean_candidate
unclean,kamyunet,unclean/kamyunet/218510929.jpg,unclean_candidate
unclean,kamyunet,unclean/kamyunet/218525760.jpg,unclean_candidate
unclean,kamyunet,unclean/kamyunet/218562521.jpg,unclean_candidate
unclean,kamyunet,unclean/kamyunet/218571589.jpg,unclean_candidate
unclean,kamyunet,unclean/kamyunet/218578650.jpg,unclean_candidate
unclean,kamyunet,unclean/kamyunet/218592622.jpg,unclean_candidate
unclean,kamyunet,unclean/kamyunet/218607498.jpg,unclean_candidate
unclean,kamyunet,unclean/kamyunet/218623319.jpg,unclean_candidate
unclean,kamyunet,unclean/kamyunet/218668096.jpg,unclean_candidate
unclean,kamyunet,unclean/kamyunet/218701441.jpg,unclean_candidate
unclean,kamyunet,unclean/kamyunet/218719224.jpg,unclean_candidate
unclean,kamyunet,unclean/kamyunet/218726135.jpg,unclean_candidate
unclean,kamyunet,unclean/kamyunet/218729757.jpg,unclean_candidate
unclean,kamyunet,unclean/kamyunet/218731934.jpg,unclean_candidate
unclean,kamyunet,unclean/kamyunet/218804409.jpg,unclean_candidate
unclean,kamyunet,unclean/kamyunet/218812826.jpg,unclean_candidate
unclean,kamyunet,unclean/kamyunet/218884519.jpg,unclean_candidate
unclean,kamyunet,unclean/kamyunet/218894134.jpg,unclean_candidate
unclean,kamyunet,unclean/kamyunet/218903080.jpg,unclean_candidate
unclean,kamyunet,unclean/kamyunet/218913388.jpg,unclean_candidate
unclean,kamyunet,unclean/kamyunet/218931630.jpg,unclean_candidate
unclean,kamyunet,unclean/kamyunet/218955796.jpg,unclean_candidate
unclean,kamyunet,unclean/kamyunet/218968655.jpg,unclean_candidate
unclean,kamyunet,unclean/kamyunet/218970114.jpg,unclean_candidate
unclean,kamyunet,unclean/kamyunet/218972329.jpg,unclean_candidate
unclean,kamyunet,unclean/kamyunet/218980442.jpg,unclean_candidate
unclean,kamyunet,unclean/kamyunet/218989880.jpg,unclean_candidate
unclean,kamyunet,unclean/kamyunet/218991037.jpg,unclean_candidate
unclean,kamyunet,unclean/kamyunet/219033619.jpg,unclean_candidate
unclean,kamyunet,unclean/kamyunet/219062079.jpg,unclean_candidate
unclean,kamyunet,unclean/kamyunet/219066213.jpg,unclean_candidate
unclean,kamyunet,unclean/kamyunet/219089402.jpg,unclean_candidate
unclean,minibus,unclean/minibus/193746982.jpg,unclean_candidate
unclean,minibus,unclean/minibus/194268546.jpg,unclean_candidate
unclean,minibus,unclean/minibus/194314557.jpg,unclean_candidate
unclean,minibus,unclean/minibus/194328969.jpg,unclean_candidate
unclean,minibus,unclean/minibus/194357693.jpg,unclean_candidate
unclean,minibus,unclean/minibus/195418798.jpg,unclean_candidate
unclean,minibus,unclean/minibus/195904076.jpg,unclean_candidate
unclean,minibus,unclean/minibus/196994498.jpg,unclean_candidate
unclean,minibus,unclean/minibus/197002715.jpg,unclean_candidate
unclean,minibus,unclean/minibus/197446621.jpg,unclean_candidate
unclean,minibus,unclean/minibus/197546828.jpg,unclean_candidate
unclean,minibus,unclean/minibus/197688708.jpg,unclean_candidate
unclean,minibus,unclean/minibus/198100491.jpg,unclean_candidate
unclean,minibus,unclean/minibus/198120481.jpg,unclean_candidate
unclean,minibus,unclean/minibus/198331521.jpg,drop_duplicate
unclean,minibus,unclean/minibus/198427263.jpg,unclean_candidate
unclean,minibus,unclean/minibus/198606990.jpg,unclean_candidate
unclean,minibus,unclean/minibus/199199766.jpg,unclean_candidate
unclean,minibus,unclean/minibus/200143097.jpg,unclean_candidate
unclean,minibus,unclean/minibus/200855721.jpg,unclean_candidate
unclean,minibus,unclean/minibus/203431368.jpg,unclean_candidate
unclean,minibus,unclean/minibus/204276251.jpg,unclean_candidate
unclean,minibus,unclean/minibus/204541641.jpg,unclean_candidate
unclean,minibus,unclean/minibus/204657780.jpg,unclean_candidate
unclean,minibus,unclean/minibus/205180529.jpg,unclean_candidate
unclean,minibus,unclean/minibus/205737488.jpg,drop_duplicate
unclean,minibus,unclean/minibus/205817081.jpg,unclean_candidate
unclean,minibus,unclean/minibus/205925639.jpg,unclean_candidate
unclean,minibus,unclean/minibus/205929411.jpg,unclean_candidate
unclean,minibus,unclean/minibus/205929474.jpg,unclean_candidate
unclean,minibus,unclean/minibus/206047844.jpg,unclean_candidate
unclean,minibus,unclean/minibus/206182725.jpg,unclean_candidate
unclean,minibus,unclean/minibus/206183245.jpg,unclean_candidate
unclean,minibus,unclean/minibus/206187052.jpg,unclean_candidate
unclean,minibus,unclean/minibus/206187093.jpg,unclean_candidate
unclean,minibus,unclean/minibus/206187118.jpg,unclean_candidate
unclean,minibus,unclean/minibus/206190675.jpg,unclean_candidate
unclean,minibus,unclean/minibus/206191662.jpg,unclean_candidate
unclean,minibus,unclean/minibus/206192409.jpg,unclean_candidate
unclean,minibus,unclean/minibus/207901769.jpg,unclean_candidate
unclean,minibus,unclean/minibus/210101333.jpg,unclean_candidate
unclean,minibus,unclean/minibus/210102226.jpg,unclean_candidate
unclean,minibus,unclean/minibus/210102500.jpg,unclean_candidate
unclean,minibus,unclean/minibus/210102777.jpg,unclean_candidate
unclean,minibus,unclean/minibus/210403775.jpg,unclean_candidate
unclean,minibus,unclean/minibus/211051242.jpg,unclean_candidate
unclean,minibus,unclean/minibus/211795475.jpg,unclean_candidate
unclean,minibus,unclean/minibus/212172157.jpg,unclean_candidate
unclean,minibus,unclean/minibus/212475536.jpg,unclean_candidate
unclean,minibus,unclean/minibus/212718337.jpg,unclean_candidate
unclean,minibus,unclean/minibus/213277133.jpg,unclean_candidate
unclean,minibus,unclean/minibus/213300430.jpg,unclean_candidate
unclean,minibus,unclean/minibus/213411665.jpg,unclean_candidate
unclean,minibus,unclean/minibus/213443859.jpg,unclean_candidate
unclean,minibus,unclean/minibus/213619329.jpg,unclean_candidate
unclean,minibus,unclean/minibus/213635219.jpg,unclean_candidate
unclean,minibus,unclean/minibus/213777965.jpg,unclean_candidate
unclean,minibus,unclean/minibus/213875524.jpg,unclean_candidate
unclean,minibus,unclean/minibus/214494171.jpg,unclean_candidate
unclean,minibus,unclean/minibus/214507352.jpg,unclean_candidate
unclean,minibus,unclean/minibus/214524899.jpg,unclean_candidate
unclean,minibus,unclean/minibus/214541786.jpg,unclean_candidate
unclean,minibus,unclean/minibus/214657120.jpg,unclean_candidate
unclean,minibus,unclean/minibus/214773879.jpg,unclean_candidate
unclean,minibus,unclean/minibus/214848754.jpg,unclean_candidate
unclean,minibus,unclean/minibus/215116497.jpg,unclean_candidate
unclean,minibus,unclean/minibus/215155469.jpg,unclean_candidate
unclean,minibus,unclean/minibus/215183131.jpg,unclean_candidate
unclean,minibus,unclean/minibus/215387945.jpg,unclean_candidate
unclean,minibus,unclean/minibus/215499510.jpg,unclean_candidate
unclean,minibus,unclean/minibus/215593952.jpg,unclean_candidate
unclean,minibus,unclean/minibus/215602362.jpg,unclean_candidate
unclean,minibus,unclean/minibus/215614242.jpg,unclean_candidate
unclean,minibus,unclean/minibus/215617838.jpg,unclean_candidate
unclean,minibus,unclean/minibus/215644672.jpg,unclean_candidate
unclean,minibus,unclean/minibus/215673175.jpg,unclean_candidate
unclean,minibus,unclean/minibus/215687610.jpg,unclean_candidate
unclean,minibus,unclean/minibus/215691629.jpg,unclean_candidate
unclean,minibus,unclean/minibus/215692736.jpg,unclean_candidate
unclean,minibus,unclean/minibus/215755894.jpg,unclean_candidate
unclean,minibus,unclean/minibus/215757162.jpg,unclean_candidate
unclean,minibus,unclean/minibus/215771082.jpg,unclean_candidate
unclean,minibus,unclean/minibus/215772392.jpg,unclean_candidate
unclean,minibus,unclean/minibus/215772703.jpg,drop_near_test
unclean,minibus,unclean/minibus/215774280.jpg,unclean_candidate
unclean,minibus,unclean/minibus/215782961.jpg,unclean_candidate
unclean,minibus,unclean/minibus/215808912.jpg,unclean_candidate
unclean,minibus,unclean/minibus/215816214.jpg,unclean_candidate
unclean,minibus,unclean/minibus/215844340.jpg,unclean_candidate
unclean,minibus,unclean/minibus/215869395.jpg,unclean_candidate
unclean,minibus,unclean/minibus/215870097.jpg,unclean_candidate
unclean,minibus,unclean/minibus/215872386.jpg,unclean_candidate
unclean,minibus,unclean/minibus/215893666.jpg,unclean_candidate
unclean,minibus,unclean/minibus/215917000.jpg,drop_near_test
unclean,minibus,unclean/minibus/215969336.jpg,unclean_candidate
unclean,minibus,unclean/minibus/216005190.jpg,unclean_candidate
unclean,minibus,unclean/minibus/216007874.jpg,unclean_candidate
unclean,minibus,unclean/minibus/216032016.jpg,unclean_candidate
unclean,minibus,unclean/minibus/216045431.jpg,unclean_candidate
unclean,minibus,unclean/minibus/216051293.jpg,drop_near_test
unclean,minibus,unclean/minibus/216061853.jpg,drop_near_test
unclean,minibus,unclean/minibus/216094190.jpg,unclean_candidate
unclean,minibus,unclean/minibus/216100362.jpg,unclean_candidate
unclean,minibus,unclean/minibus/216102576.jpg,unclean_candidate
unclean,minibus,unclean/minibus/216196368.jpg,unclean_candidate
unclean,minibus,unclean/minibus/216275706.jpg,unclean_candidate
unclean,minibus,unclean/minibus/216317074.jpg,drop_near_test
unclean,minibus,unclean/minibus/216318483.jpg,unclean_candidate
unclean,minibus,unclean/minibus/216323316.jpg,unclean_candidate
unclean,minibus,unclean/minibus/216335562.jpg,unclean_candidate
unclean,minibus,unclean/minibus/216421891.jpg,unclean_candidate
unclean,minibus,unclean/minibus/216430711.jpg,drop_near_test
unclean,minibus,unclean/minibus/216433429.jpg,unclean_candidate
unclean,minibus,unclean/minibus/216452875.jpg,unclean_candidate
unclean,minibus,unclean/minibus/216573266.jpg,drop_near_test
unclean,minibus,unclean/minibus/216584796.jpg,unclean_candidate
unclean,minibus,unclean/minibus/216593660.jpg,unclean_candidate
unclean,minibus,unclean/minibus/216668413.jpg,unclean_candidate
unclean,minibus,unclean/minibus/216735021.jpg,unclean_candidate
unclean,minibus,unclean/minibus/216737470.jpg,unclean_candidate
unclean,minibus,unclean/minibus/216874507.jpg,unclean_candidate
unclean,minibus,unclean/minibus/216882682.jpg,unclean_candidate
unclean,minibus,unclean/minibus/216907420.jpg,unclean_candidate
unclean,minibus,unclean/minibus/216930102.jpg,unclean_candidate
unclean,minibus,unclean/minibus/216983171.jpg,unclean_candidate
unclean,minibus,unclean/minibus/216990378.jpg,unclean_candidate
unclean,minibus,unclean/minibus/217004609.jpg,unclean_candidate
unclean,minibus,unclean/minibus/217026643.jpg,unclean_candidate
unclean,minibus,unclean/minibus/217030998.jpg,unclean_candidate
unclean,minibus,unclean/minibus/217060207.jpg,unclean_candidate
unclean,minibus,unclean/minibus/217144586.jpg,unclean_candidate
unclean,minibus,unclean/minibus/217217959.jpg,unclean_candidate
unclean,minibus,unclean/minibus/217239328.jpg,unclean_candidate
unclean,minibus,unclean/minibus/217339443.jpg,unclean_candidate
unclean,minibus,unclean/minibus/217712936.jpg,unclean_candidate
unclean,minibus,unclean/minibus/217763204.jpg,unclean_candidate
unclean,minibus,unclean/minibus/217784303.jpg,unclean_candidate
unclean,minibus,unclean/minibus/217802319.jpg,unclean_candidate
unclean,minibus,unclean/minibus/217888250.jpg,unclean_candidate
unclean,minibus,unclean/minibus/217952305.jpg,unclean_candidate
unclean,minibus,unclean/minibus/217959451.jpg,unclean_candidate
unclean,minibus,unclean/minibus/218007837.jpg,unclean_candidate
unclean,minibus,unclean/minibus/218056154.jpg,unclean_candidate
unclean,minibus,unclean/minibus/218126946.jpg,unclean_candidate
unclean,minibus,unclean/minibus/218134277.jpg,unclean_candidate
unclean,minibus,unclean/minibus/218138154.jpg,drop_near_test
unclean,minibus,unclean/minibus/218142111.jpg,unclean_candidate
unclean,minibus,unclean/minibus/218195078.jpg,unclean_candidate
unclean,minibus,unclean/minibus/218241684.jpg,unclean_candidate
unclean,minibus,unclean/minibus/218252019.jpg,drop_near_test
unclean,minibus,unclean/minibus/218257244.jpg,unclean_candidate
unclean,minibus,unclean/minibus/218259887.jpg,unclean_candidate
unclean,minibus,unclean/minibus/218274299.jpg,unclean_candidate
unclean,minibus,unclean/minibus/218276550.jpg,unclean_candidate
unclean,minibus,unclean/minibus/218288861.jpg,unclean_candidate
unclean,minibus,unclean/minibus/218307381.jpg,drop_near_test
unclean,minibus,unclean/minibus/218335519.jpg,unclean_candidate
unclean,minibus,unclean/minibus/218394885.jpg,unclean_candidate
unclean,minibus,unclean/minibus/218409806.jpg,unclean_candidate
unclean,minibus,unclean/minibus/218425722.jpg,unclean_candidate
unclean,minibus,unclean/minibus/218466798.jpg,unclean_candidate
unclean,minibus,unclean/minibus/218542930.jpg,unclean_candidate
unclean,minibus,unclean/minibus/218547989.jpg,unclean_candidate
unclean,minibus,unclean/minibus/218581851.jpg,unclean_candidate
unclean,minibus,unclean/minibus/218588253.jpg,unclean_candidate
unclean,minibus,unclean/minibus/218589609.jpg,unclean_candidate
unclean,minibus,unclean/minibus/218626593.jpg,unclean_candidate
unclean,minibus,unclean/minibus/218635131.jpg,unclean_candidate
unclean,minibus,unclean/minibus/218707170.jpg,drop_near_test
unclean,minibus,unclean/minibus/218717370.jpg,unclean_candidate
unclean,minibus,unclean/minibus/218724931.jpg,unclean_candidate
unclean,minibus,unclean/minibus/218742321.jpg,unclean_candidate
unclean,minibus,unclean/minibus/218784689.jpg,unclean_candidate
unclean,minibus,unclean/minibus/218789502.jpg,unclean_candidate
unclean,minibus,unclean/minibus/218796380.jpg,unclean_candidate
unclean,minibus,unclean/minibus/218798066.jpg,unclean_candidate
unclean,minibus,unclean/minibus/218832361.jpg,unclean_candidate
unclean,minibus,unclean/minibus/218835136.jpg,unclean_candidate
unclean,minibus,unclean/minibus/218838942.jpg,unclean_candidate
unclean,minibus,unclean/minibus/218839864.jpg,unclean_candidate
unclean,minibus,unclean/minibus/218892957.jpg,drop_near_test
unclean,minibus,unclean/minibus/218938634.jpg,unclean_candidate
unclean,minibus,unclean/minibus/218943435.jpg,unclean_candidate
unclean,minibus,unclean/minibus/218956706.jpg,unclean_candidate
unclean,minibus,unclean/minibus/218982546.jpg,drop_near_test
unclean,neysan,unclean/neysan/194604026.jpg,unseen_class
unclean,neysan,unclean/neysan/194840733.jpg,unseen_class
unclean,neysan,unclean/neysan/194841865.jpg,unseen_class
unclean,neysan,unclean/neysan/194853070.jpg,unseen_class
unclean,neysan,unclean/neysan/194936120.jpg,unseen_class
unclean,neysan,unclean/neysan/194942215.jpg,unseen_class
unclean,neysan,unclean/neysan/194960996.jpg,unseen_class
unclean,neysan,unclean/neysan/195003645.jpg,unseen_class
unclean,neysan,unclean/neysan/195080365.jpg,unseen_class
unclean,neysan,unclean/neysan/195110811.jpg,unseen_class
unclean,neysan,unclean/neysan/195132617.jpg,unseen_class
unclean,neysan,unclean/neysan/195136808.jpg,unseen_class
unclean,neysan,unclean/neysan/195147641.jpg,unseen_class
unclean,neysan,unclean/neysan/195148040.jpg,unseen_class
unclean,neysan,unclean/neysan/195151211.jpg,unseen_class
unclean,neysan,unclean/neysan/195158727.jpg,unseen_class
unclean,neysan,unclean/neysan/195165208.jpg,unseen_class
unclean,neysan,unclean/neysan/195290564.jpg,unseen_class
unclean,neysan,unclean/neysan/195297859.jpg,unseen_class
unclean,neysan,unclean/neysan/195371292.jpg,unseen_class
unclean,neysan,unclean/neysan/195391348.jpg,unseen_class
unclean,neysan,unclean/neysan/195395611.jpg,unseen_class
unclean,neysan,unclean/neysan/195451128.jpg,unseen_class
unclean,neysan,unclean/neysan/195478008.jpg,unseen_class
unclean,neysan,unclean/neysan/195489956.jpg,unseen_class
unclean,neysan,unclean/neysan/195491717.jpg,unseen_class
unclean,neysan,unclean/neysan/195575409.jpg,unseen_class
unclean,neysan,unclean/neysan/195623474.jpg,unseen_class
unclean,neysan,unclean/neysan/195646146.jpg,unseen_class
unclean,neysan,unclean/neysan/195657144.jpg,unseen_class
unclean,neysan,unclean/neysan/195673270.jpg,unseen_class
unclean,neysan,unclean/neysan/195691366.jpg,unseen_class
unclean,neysan,unclean/neysan/195718438.jpg,unseen_class
unclean,neysan,unclean/neysan/195720789.jpg,unseen_class
unclean,neysan,unclean/neysan/195728454.jpg,unseen_class
unclean,neysan,unclean/neysan/195729274.jpg,unseen_class
unclean,neysan,unclean/neysan/195737410.jpg,unseen_class
unclean,neysan,unclean/neysan/195740684.jpg,unseen_class
unclean,neysan,unclean/neysan/195895243.jpg,unseen_class
unclean,neysan,unclean/neysan/195950402.jpg,unseen_class
unclean,neysan,unclean/neysan/195955288.jpg,unseen_class
unclean,neysan,unclean/neysan/195988970.jpg,unseen_class
unclean,neysan,unclean/neysan/195991462.jpg,unseen_class
unclean,neysan,unclean/neysan/196095992.jpg,unseen_class
unclean,neysan,unclean/neysan/196216785.jpg,unseen_class
unclean,neysan,unclean/neysan/196271519.jpg,unseen_class
unclean,neysan,unclean/neysan/196296699.jpg,unseen_class
unclean,neysan,unclean/neysan/196356494.jpg,unseen_class
unclean,neysan,unclean/neysan/196472764.jpg,unseen_class
unclean,neysan,unclean/neysan/196484539.jpg,unseen_class
unclean,neysan,unclean/neysan/196501322.jpg,unseen_class
unclean,neysan,unclean/neysan/196541912.jpg,unseen_class
unclean,neysan,unclean/neysan/196577840.jpg,unseen_class
unclean,neysan,unclean/neysan/196586673.jpg,unseen_class
unclean,neysan,unclean/neysan/196587192.jpg,unseen_class
unclean,neysan,unclean/neysan/196600810.jpg,unseen_class
unclean,neysan,unclean/neysan/196659846.jpg,unseen_class
unclean,neysan,unclean/neysan/196691380.jpg,unseen_class
unclean,neysan,unclean/neysan/196756713.jpg,unseen_class
unclean,neysan,unclean/neysan/196908180.jpg,unseen_class
unclean,neysan,unclean/neysan/196935586.jpg,unseen_class
unclean,neysan,unclean/neysan/196943968.jpg,unseen_class
unclean,neysan,unclean/neysan/196946016.jpg,unseen_class
unclean,neysan,unclean/neysan/196951112.jpg,unseen_class
unclean,neysan,unclean/neysan/196958341.jpg,unseen_class
unclean,neysan,unclean/neysan/196993529.jpg,unseen_class
unclean,neysan,unclean/neysan/197012948.jpg,unseen_class
unclean,neysan,unclean/neysan/197030864.jpg,unseen_class
unclean,neysan,unclean/neysan/197037020.jpg,unseen_class
unclean,neysan,unclean/neysan/197050396.jpg,unseen_class
unclean,neysan,unclean/neysan/197051875.jpg,unseen_class
unclean,neysan,unclean/neysan/197126230.jpg,unseen_class
unclean,neysan,unclean/neysan/197145624.jpg,unseen_class
unclean,neysan,unclean/neysan/197150276.jpg,unseen_class
unclean,neysan,unclean/neysan/197155144.jpg,unseen_class
unclean,neysan,unclean/neysan/197187868.jpg,unseen_class
unclean,neysan,unclean/neysan/197223393.jpg,unseen_class
unclean,neysan,unclean/neysan/197230014.jpg,unseen_class
unclean,neysan,unclean/neysan/197237993.jpg,unseen_class
unclean,neysan,unclean/neysan/197241414.jpg,unseen_class
unclean,neysan,unclean/neysan/197247731.jpg,unseen_class
unclean,neysan,unclean/neysan/197248106.jpg,unseen_class
unclean,neysan,unclean/neysan/197248545.jpg,unseen_class
unclean,neysan,unclean/neysan/197253666.jpg,unseen_class
unclean,neysan,unclean/neysan/197255026.jpg,unseen_class
unclean,neysan,unclean/neysan/197261582.jpg,unseen_class
unclean,neysan,unclean/neysan/197277284.jpg,unseen_class
unclean,neysan,unclean/neysan/197308030.jpg,unseen_class
unclean,neysan,unclean/neysan/197316952.jpg,unseen_class
unclean,neysan,unclean/neysan/197319173.jpg,unseen_class
unclean,neysan,unclean/neysan/197365651.jpg,unseen_class
unclean,neysan,unclean/neysan/197375182.jpg,unseen_class
unclean,neysan,unclean/neysan/197400566.jpg,unseen_class
unclean,neysan,unclean/neysan/197410959.jpg,unseen_class
unclean,neysan,unclean/neysan/197417821.jpg,unseen_class
unclean,neysan,unclean/neysan/197437140.jpg,unseen_class
unclean,neysan,unclean/neysan/197440812.jpg,unseen_class
unclean,neysan,unclean/neysan/197495997.jpg,unseen_class
unclean,neysan,unclean/neysan/197500908.jpg,unseen_class
unclean,neysan,unclean/neysan/197526482.jpg,unseen_class
unclean,neysan,unclean/neysan/197527148.jpg,unseen_class
unclean,neysan,unclean/neysan/197560785.jpg,unseen_class
unclean,neysan,unclean/neysan/197599935.jpg,unseen_class
unclean,neysan,unclean/neysan/197629171.jpg,unseen_class
unclean,neysan,unclean/neysan/197642949.jpg,unseen_class
unclean,neysan,unclean/neysan/197702697.jpg,unseen_class
unclean,neysan,unclean/neysan/197741309.jpg,unseen_class
unclean,neysan,unclean/neysan/197762795.jpg,unseen_class
unclean,neysan,unclean/neysan/197799946.jpg,unseen_class
unclean,neysan,unclean/neysan/197800952.jpg,unseen_class
unclean,neysan,unclean/neysan/197801257.jpg,unseen_class
unclean,neysan,unclean/neysan/197844909.jpg,unseen_class
unclean,neysan,unclean/neysan/197852665.jpg,unseen_class
unclean,neysan,unclean/neysan/197880860.jpg,unseen_class
unclean,neysan,unclean/neysan/197957684.jpg,unseen_class
unclean,neysan,unclean/neysan/197959333.jpg,unseen_class
unclean,neysan,unclean/neysan/197986381.jpg,unseen_class
unclean,neysan,unclean/neysan/198034392.jpg,unseen_class
unclean,neysan,unclean/neysan/198052628.jpg,unseen_class
unclean,neysan,unclean/neysan/198067483.jpg,unseen_class
unclean,neysan,unclean/neysan/198067896.jpg,unseen_class
unclean,neysan,unclean/neysan/198081331.jpg,unseen_class
unclean,neysan,unclean/neysan/198083699.jpg,unseen_class
unclean,neysan,unclean/neysan/198180001.jpg,unseen_class
unclean,neysan,unclean/neysan/198195169.jpg,unseen_class
unclean,neysan,unclean/neysan/198237870.jpg,unseen_class
unclean,neysan,unclean/neysan/198246401.jpg,unseen_class
unclean,neysan,unclean/neysan/198248524.jpg,unseen_class
unclean,neysan,unclean/neysan/198251219.jpg,unseen_class
unclean,neysan,unclean/neysan/198256082.jpg,unseen_class
unclean,neysan,unclean/neysan/198284815.jpg,unseen_class
unclean,neysan,unclean/neysan/198366858.jpg,unseen_class
unclean,neysan,unclean/neysan/198381413.jpg,unseen_class
unclean,neysan,unclean/neysan/198415918.jpg,unseen_class
unclean,neysan,unclean/neysan/198420720.jpg,unseen_class
unclean,neysan,unclean/neysan/198422649.jpg,unseen_class
unclean,neysan,unclean/neysan/198454664.jpg,unseen_class
unclean,neysan,unclean/neysan/198459757.jpg,unseen_class
unclean,neysan,unclean/neysan/198460428.jpg,unseen_class
unclean,neysan,unclean/neysan/198484121.jpg,unseen_class
unclean,neysan,unclean/neysan/198487480.jpg,unseen_class
unclean,neysan,unclean/neysan/198488181.jpg,unseen_class
unclean,neysan,unclean/neysan/198502993.jpg,unseen_class
unclean,neysan,unclean/neysan/198504276.jpg,unseen_class
unclean,neysan,unclean/neysan/198521244.jpg,unseen_class
unclean,neysan,unclean/neysan/198532786.jpg,unseen_class
unclean,neysan,unclean/neysan/198578327.jpg,unseen_class
unclean,neysan,unclean/neysan/198628181.jpg,unseen_class
unclean,neysan,unclean/neysan/198661396.jpg,unseen_class
unclean,neysan,unclean/neysan/198682197.jpg,unseen_class
unclean,neysan,unclean/neysan/198738633.jpg,unseen_class
unclean,neysan,unclean/neysan/198830904.jpg,unseen_class
unclean,neysan,unclean/neysan/198838713.jpg,unseen_class
unclean,neysan,unclean/neysan/198879422.jpg,unseen_class
unclean,neysan,unclean/neysan/198922511.jpg,unseen_class
unclean,neysan,unclean/neysan/199036351.jpg,unseen_class
unclean,neysan,unclean/neysan/199169585.jpg,unseen_class
unclean,neysan,unclean/neysan/199280248.jpg,unseen_class
unclean,neysan,unclean/neysan/199318277.jpg,unseen_class
unclean,neysan,unclean/neysan/199334653.jpg,unseen_class
unclean,neysan,unclean/neysan/199339196.jpg,unseen_class
unclean,neysan,unclean/neysan/199343837.jpg,unseen_class
unclean,neysan,unclean/neysan/199358904.jpg,unseen_class
unclean,neysan,unclean/neysan/199401055.jpg,unseen_class
unclean,neysan,unclean/neysan/199405061.jpg,unseen_class
unclean,neysan,unclean/neysan/199411077.jpg,unseen_class
unclean,neysan,unclean/neysan/199412925.jpg,unseen_class
unclean,neysan,unclean/neysan/199447894.jpg,unseen_class
unclean,neysan,unclean/neysan/199524545.jpg,unseen_class
unclean,neysan,unclean/neysan/199525188.jpg,unseen_class
unclean,neysan,unclean/neysan/199534377.jpg,unseen_class
unclean,neysan,unclean/neysan/199550450.jpg,unseen_class
unclean,neysan,unclean/neysan/199677477.jpg,unseen_class
unclean,neysan,unclean/neysan/199706691.jpg,unseen_class
unclean,neysan,unclean/neysan/199759650.jpg,unseen_class
unclean,neysan,unclean/neysan/199788218.jpg,unseen_class
unclean,neysan,unclean/neysan/199800413.jpg,unseen_class
unclean,neysan,unclean/neysan/199825627.jpg,unseen_class
unclean,neysan,unclean/neysan/199831447.jpg,unseen_class
unclean,neysan,unclean/neysan/199832901.jpg,unseen_class
unclean,neysan,unclean/neysan/199942704.jpg,unseen_class
unclean,neysan,unclean/neysan/199953375.jpg,unseen_class
unclean,neysan,unclean/neysan/199998323.jpg,unseen_class
unclean,neysan,unclean/neysan/200298503.jpg,unseen_class
unclean,neysan,unclean/neysan/200389158.jpg,unseen_class
unclean,neysan,unclean/neysan/200420286.jpg,unseen_class
unclean,neysan,unclean/neysan/200481076.jpg,unseen_class
unclean,neysan,unclean/neysan/200533750.jpg,unseen_class
unclean,neysan,unclean/neysan/200609458.jpg,unseen_class
unclean,neysan,unclean/neysan/200630697.jpg,unseen_class
unclean,neysan,unclean/neysan/200792774.jpg,unseen_class
unclean,neysan,unclean/neysan/200794546.jpg,unseen_class
unclean,neysan,unclean/neysan/200802999.jpg,unseen_class
unclean,neysan,unclean/neysan/200809636.jpg,unseen_class
unclean,neysan,unclean/neysan/200823882.jpg,unseen_class
unclean,neysan,unclean/neysan/200843665.jpg,unseen_class
unclean,neysan,unclean/neysan/200932721.jpg,unseen_class
unclean,neysan,unclean/neysan/200943051.jpg,unseen_class
unclean,neysan,unclean/neysan/201094953.jpg,unseen_class
unclean,neysan,unclean/neysan/201189023.jpg,unseen_class
unclean,neysan,unclean/neysan/201223227.jpg,unseen_class
unclean,neysan,unclean/neysan/201790304.jpg,unseen_class
unclean,neysan,unclean/neysan/201814328.jpg,unseen_class
unclean,neysan,unclean/neysan/201847206.jpg,unseen_class
unclean,neysan,unclean/neysan/201927527.jpg,unseen_class
unclean,neysan,unclean/neysan/201971644.jpg,unseen_class
unclean,neysan,unclean/neysan/201982839.jpg,unseen_class
unclean,neysan,unclean/neysan/201998076.jpg,unseen_class
unclean,neysan,unclean/neysan/202019896.jpg,unseen_class
unclean,neysan,unclean/neysan/202045297.jpg,unseen_class
unclean,neysan,unclean/neysan/202177183.jpg,unseen_class
unclean,neysan,unclean/neysan/202308812.jpg,unseen_class
unclean,neysan,unclean/neysan/202667629.jpg,unseen_class
unclean,neysan,unclean/neysan/202766710.jpg,unseen_class
unclean,neysan,unclean/neysan/202810079.jpg,unseen_class
unclean,neysan,unclean/neysan/202819083.jpg,unseen_class
unclean,neysan,unclean/neysan/202856843.jpg,unseen_class
unclean,neysan,unclean/neysan/202875871.jpg,unseen_class
unclean,neysan,unclean/neysan/202926245.jpg,unseen_class
unclean,neysan,unclean/neysan/202980222.jpg,unseen_class
unclean,neysan,unclean/neysan/203138968.jpg,unseen_class
unclean,neysan,unclean/neysan/203213711.jpg,unseen_class
unclean,neysan,unclean/neysan/203270338.jpg,unseen_class
unclean,neysan,unclean/neysan/203362157.jpg,unseen_class
unclean,neysan,unclean/neysan/203454250.jpg,unseen_class
unclean,neysan,unclean/neysan/203938980.jpg,unseen_class
unclean,neysan,unclean/neysan/204002318.jpg,unseen_class
unclean,neysan,unclean/neysan/204210347.jpg,unseen_class
unclean,neysan,unclean/neysan/204405545.jpg,unseen_class
unclean,neysan,unclean/neysan/204725649.jpg,unseen_class
unclean,neysan,unclean/neysan/204859983.jpg,unseen_class
unclean,neysan,unclean/neysan/205193554.jpg,unseen_class
unclean,neysan,unclean/neysan/205262878.jpg,unseen_class
unclean,neysan,unclean/neysan/205272178.jpg,unseen_class
unclean,neysan,unclean/neysan/205317833.jpg,unseen_class
unclean,neysan,unclean/neysan/205327149.jpg,unseen_class
unclean,neysan,unclean/neysan/205354707.jpg,unseen_class
unclean,neysan,unclean/neysan/205359219.jpg,unseen_class
unclean,neysan,unclean/neysan/205573319.jpg,unseen_class
unclean,neysan,unclean/neysan/205720297.jpg,unseen_class
unclean,neysan,unclean/neysan/205765142.jpg,unseen_class
unclean,neysan,unclean/neysan/205788026.jpg,unseen_class
unclean,neysan,unclean/neysan/205814375.jpg,unseen_class
unclean,neysan,unclean/neysan/205839665.jpg,unseen_class
unclean,neysan,unclean/neysan/205893783.jpg,unseen_class
unclean,neysan,unclean/neysan/205952169.jpg,unseen_class
unclean,neysan,unclean/neysan/205997164.jpg,unseen_class
unclean,neysan,unclean/neysan/206000639.jpg,unseen_class
unclean,neysan,unclean/neysan/206019581.jpg,unseen_class
unclean,neysan,unclean/neysan/206081296.jpg,unseen_class
unclean,neysan,unclean/neysan/206095693.jpg,unseen_class
unclean,neysan,unclean/neysan/206133475.jpg,unseen_class
unclean,neysan,unclean/neysan/206134330.jpg,unseen_class
unclean,neysan,unclean/neysan/206146531.jpg,unseen_class
unclean,neysan,unclean/neysan/206157146.jpg,unseen_class
unclean,neysan,unclean/neysan/206171093.jpg,unseen_class
unclean,neysan,unclean/neysan/206203349.jpg,unseen_class
unclean,neysan,unclean/neysan/206216604.jpg,unseen_class
unclean,neysan,unclean/neysan/206278229.jpg,unseen_class
unclean,neysan,unclean/neysan/206292031.jpg,unseen_class
unclean,neysan,unclean/neysan/206357127.jpg,unseen_class
unclean,neysan,unclean/neysan/206569698.jpg,unseen_class
unclean,neysan,unclean/neysan/206608462.jpg,unseen_class
unclean,neysan,unclean/neysan/206612809.jpg,unseen_class
unclean,neysan,unclean/neysan/206621017.jpg,unseen_class
unclean,neysan,unclean/neysan/206621338.jpg,unseen_class
unclean,neysan,unclean/neysan/206728042.jpg,unseen_class
unclean,neysan,unclean/neysan/206739448.jpg,unseen_class
unclean,neysan,unclean/neysan/206990805.jpg,unseen_class
unclean,neysan,unclean/neysan/207057519.jpg,unseen_class
unclean,neysan,unclean/neysan/207079360.jpg,unseen_class
unclean,neysan,unclean/neysan/207089258.jpg,unseen_class
unclean,neysan,unclean/neysan/207142000.jpg,unseen_class
unclean,neysan,unclean/neysan/207142715.jpg,unseen_class
unclean,neysan,unclean/neysan/207145836.jpg,unseen_class
unclean,neysan,unclean/neysan/207163688.jpg,unseen_class
unclean,neysan,unclean/neysan/207200870.jpg,unseen_class
unclean,neysan,unclean/neysan/207216359.jpg,unseen_class
unclean,neysan,unclean/neysan/207379908.jpg,unseen_class
unclean,neysan,unclean/neysan/207385887.jpg,unseen_class
unclean,neysan,unclean/neysan/207412597.jpg,unseen_class
unclean,neysan,unclean/neysan/207588795.jpg,unseen_class
unclean,neysan,unclean/neysan/207596603.jpg,unseen_class
unclean,neysan,unclean/neysan/207677276.jpg,unseen_class
unclean,neysan,unclean/neysan/207684145.jpg,unseen_class
unclean,neysan,unclean/neysan/207696354.jpg,unseen_class
unclean,neysan,unclean/neysan/207739732.jpg,unseen_class
unclean,neysan,unclean/neysan/207742359.jpg,unseen_class
unclean,neysan,unclean/neysan/207748261.jpg,unseen_class
unclean,neysan,unclean/neysan/207749551.jpg,unseen_class
unclean,neysan,unclean/neysan/207752161.jpg,unseen_class
unclean,neysan,unclean/neysan/207767728.jpg,unseen_class
unclean,neysan,unclean/neysan/207785775.jpg,unseen_class
unclean,neysan,unclean/neysan/207786156.jpg,unseen_class
unclean,neysan,unclean/neysan/207846586.jpg,unseen_class
unclean,neysan,unclean/neysan/207850008.jpg,unseen_class
unclean,neysan,unclean/neysan/207857872.jpg,unseen_class
unclean,neysan,unclean/neysan/207861786.jpg,unseen_class
unclean,neysan,unclean/neysan/207864719.jpg,unseen_class
unclean,neysan,unclean/neysan/207965767.jpg,unseen_class
unclean,neysan,unclean/neysan/207974100.jpg,unseen_class
unclean,neysan,unclean/neysan/208014246.jpg,unseen_class
unclean,neysan,unclean/neysan/208025714.jpg,unseen_class
unclean,neysan,unclean/neysan/208031990.jpg,unseen_class
unclean,neysan,unclean/neysan/208036477.jpg,unseen_class
unclean,neysan,unclean/neysan/208044083.jpg,unseen_class
unclean,neysan,unclean/neysan/208091182.jpg,unseen_class
unclean,neysan,unclean/neysan/208096370.jpg,unseen_class
unclean,neysan,unclean/neysan/208131330.jpg,unseen_class
unclean,neysan,unclean/neysan/208195180.jpg,unseen_class
unclean,neysan,unclean/neysan/208197304.jpg,unseen_class
unclean,neysan,unclean/neysan/208228643.jpg,unseen_class
unclean,neysan,unclean/neysan/208270780.jpg,unseen_class
unclean,neysan,unclean/neysan/208280084.jpg,unseen_class
unclean,neysan,unclean/neysan/208285763.jpg,unseen_class
unclean,neysan,unclean/neysan/208296936.jpg,unseen_class
unclean,neysan,unclean/neysan/208328663.jpg,unseen_class
unclean,neysan,unclean/neysan/208331769.jpg,unseen_class
unclean,neysan,unclean/neysan/208337677.jpg,unseen_class
unclean,neysan,unclean/neysan/208339363.jpg,unseen_class
unclean,neysan,unclean/neysan/208386363.jpg,unseen_class
unclean,neysan,unclean/neysan/208422550.jpg,unseen_class
unclean,neysan,unclean/neysan/208431179.jpg,unseen_class
unclean,neysan,unclean/neysan/208475226.jpg,unseen_class
unclean,neysan,unclean/neysan/208497709.jpg,unseen_class
unclean,neysan,unclean/neysan/208529735.jpg,unseen_class
unclean,neysan,unclean/neysan/208582339.jpg,unseen_class
unclean,neysan,unclean/neysan/208586813.jpg,unseen_class
unclean,neysan,unclean/neysan/208592216.jpg,unseen_class
unclean,neysan,unclean/neysan/208593884.jpg,unseen_class
unclean,neysan,unclean/neysan/208657736.jpg,unseen_class
unclean,neysan,unclean/neysan/208671162.jpg,unseen_class
unclean,neysan,unclean/neysan/208678784.jpg,unseen_class
unclean,neysan,unclean/neysan/208707423.jpg,unseen_class
unclean,neysan,unclean/neysan/208758342.jpg,unseen_class
unclean,neysan,unclean/neysan/208758405.jpg,unseen_class
unclean,neysan,unclean/neysan/209014176.jpg,unseen_class
unclean,neysan,unclean/neysan/209052190.jpg,unseen_class
unclean,neysan,unclean/neysan/209096424.jpg,unseen_class
unclean,neysan,unclean/neysan/209172997.jpg,unseen_class
unclean,neysan,unclean/neysan/209271297.jpg,unseen_class
unclean,neysan,unclean/neysan/209303406.jpg,unseen_class
unclean,neysan,unclean/neysan/209320911.jpg,unseen_class
unclean,neysan,unclean/neysan/209440438.jpg,unseen_class
unclean,neysan,unclean/neysan/209493858.jpg,unseen_class
unclean,neysan,unclean/neysan/209500130.jpg,unseen_class
unclean,neysan,unclean/neysan/209693167.jpg,unseen_class
unclean,neysan,unclean/neysan/209726658.jpg,unseen_class
unclean,neysan,unclean/neysan/209749493.jpg,unseen_class
unclean,neysan,unclean/neysan/209766482.jpg,unseen_class
unclean,neysan,unclean/neysan/209893847.jpg,unseen_class
unclean,neysan,unclean/neysan/209919775.jpg,unseen_class
unclean,neysan,unclean/neysan/209937838.jpg,unseen_class
unclean,neysan,unclean/neysan/209943473.jpg,unseen_class
unclean,neysan,unclean/neysan/210121027.jpg,unseen_class
unclean,neysan,unclean/neysan/210404279.jpg,unseen_class
unclean,neysan,unclean/neysan/210576543.jpg,unseen_class
unclean,neysan,unclean/neysan/210603202.jpg,unseen_class
unclean,neysan,unclean/neysan/210682674.jpg,unseen_class
unclean,neysan,unclean/neysan/210735083.jpg,unseen_class
unclean,neysan,unclean/neysan/211040523.jpg,unseen_class
unclean,neysan,unclean/neysan/211048353.jpg,unseen_class
unclean,neysan,unclean/neysan/211341025.jpg,unseen_class
unclean,neysan,unclean/neysan/211397697.jpg,unseen_class
unclean,neysan,unclean/neysan/211529650.jpg,unseen_class
unclean,neysan,unclean/neysan/211681485.jpg,unseen_class
unclean,neysan,unclean/neysan/211683675.jpg,unseen_class
unclean,neysan,unclean/neysan/211742372.jpg,unseen_class
unclean,neysan,unclean/neysan/211821251.jpg,unseen_class
unclean,neysan,unclean/neysan/211921402.jpg,unseen_class
unclean,neysan,unclean/neysan/211960009.jpg,unseen_class
unclean,neysan,unclean/neysan/211979013.jpg,unseen_class
unclean,neysan,unclean/neysan/212001729.jpg,unseen_class
unclean,neysan,unclean/neysan/212002204.jpg,unseen_class
unclean,neysan,unclean/neysan/212029693.jpg,unseen_class
unclean,neysan,unclean/neysan/212037438.jpg,unseen_class
unclean,neysan,unclean/neysan/212107731.jpg,unseen_class
unclean,neysan,unclean/neysan/212131849.jpg,unseen_class
unclean,neysan,unclean/neysan/212164480.jpg,unseen_class
unclean,neysan,unclean/neysan/212177980.jpg,unseen_class
unclean,neysan,unclean/neysan/212179510.jpg,unseen_class
unclean,neysan,unclean/neysan/212188576.jpg,unseen_class
unclean,neysan,unclean/neysan/212199241.jpg,unseen_class
unclean,neysan,unclean/neysan/212205108.jpg,unseen_class
unclean,neysan,unclean/neysan/212228652.jpg,unseen_class
unclean,neysan,unclean/neysan/212246766.jpg,unseen_class
unclean,neysan,unclean/neysan/212275461.jpg,unseen_class
unclean,neysan,unclean/neysan/212286109.jpg,unseen_class
unclean,neysan,unclean/neysan/212344272.jpg,unseen_class
unclean,neysan,unclean/neysan/212359578.jpg,unseen_class
unclean,neysan,unclean/neysan/212400936.jpg,unseen_class
unclean,neysan,unclean/neysan/212468834.jpg,unseen_class
unclean,neysan,unclean/neysan/212486564.jpg,unseen_class
unclean,neysan,unclean/neysan/212557753.jpg,unseen_class
unclean,neysan,unclean/neysan/212670484.jpg,unseen_class
unclean,neysan,unclean/neysan/212899489.jpg,unseen_class
unclean,neysan,unclean/neysan/212916547.jpg,unseen_class
unclean,neysan,unclean/neysan/212933941.jpg,unseen_class
unclean,neysan,unclean/neysan/212946567.jpg,unseen_class
unclean,neysan,unclean/neysan/213024260.jpg,unseen_class
unclean,neysan,unclean/neysan/213201102.jpg,unseen_class
unclean,neysan,unclean/neysan/213213974.jpg,unseen_class
unclean,neysan,unclean/neysan/213250902.jpg,unseen_class
unclean,neysan,unclean/neysan/213306634.jpg,unseen_class
unclean,neysan,unclean/neysan/213349964.jpg,unseen_class
unclean,neysan,unclean/neysan/213393744.jpg,unseen_class
unclean,neysan,unclean/neysan/213453392.jpg,unseen_class
unclean,neysan,unclean/neysan/213474257.jpg,unseen_class
unclean,neysan,unclean/neysan/213477815.jpg,unseen_class
unclean,neysan,unclean/neysan/213498106.jpg,unseen_class
unclean,neysan,unclean/neysan/213499081.jpg,unseen_class
unclean,neysan,unclean/neysan/213510187.jpg,unseen_class
unclean,neysan,unclean/neysan/213512974.jpg,unseen_class
unclean,neysan,unclean/neysan/213516467.jpg,unseen_class
unclean,neysan,unclean/neysan/213543287.jpg,unseen_class
unclean,neysan,unclean/neysan/213563450.jpg,unseen_class
unclean,neysan,unclean/neysan/213596552.jpg,unseen_class
unclean,neysan,unclean/neysan/213632816.jpg,unseen_class
unclean,neysan,unclean/neysan/213693780.jpg,unseen_class
unclean,neysan,unclean/neysan/213775881.jpg,unseen_class
unclean,neysan,unclean/neysan/213797207.jpg,unseen_class
unclean,neysan,unclean/neysan/213802809.jpg,unseen_class
unclean,neysan,unclean/neysan/213961662.jpg,unseen_class
unclean,neysan,unclean/neysan/214033035.jpg,unseen_class
unclean,neysan,unclean/neysan/214297729.jpg,unseen_class
unclean,neysan,unclean/neysan/214354307.jpg,unseen_class
unclean,neysan,unclean/neysan/214415720.jpg,unseen_class
unclean,neysan,unclean/neysan/214500693.jpg,unseen_class
unclean,neysan,unclean/neysan/214534544.jpg,unseen_class
unclean,neysan,unclean/neysan/214538220.jpg,unseen_class
unclean,neysan,unclean/neysan/214543167.jpg,unseen_class
unclean,neysan,unclean/neysan/214570473.jpg,unseen_class
unclean,neysan,unclean/neysan/214572271.jpg,unseen_class
unclean,neysan,unclean/neysan/214575134.jpg,unseen_class
unclean,neysan,unclean/neysan/214596732.jpg,unseen_class
unclean,neysan,unclean/neysan/214628303.jpg,unseen_class
unclean,neysan,unclean/neysan/214679839.jpg,unseen_class
unclean,neysan,unclean/neysan/214704493.jpg,unseen_class
unclean,neysan,unclean/neysan/214710884.jpg,unseen_class
unclean,neysan,unclean/neysan/214716307.jpg,unseen_class
unclean,neysan,unclean/neysan/214776623.jpg,unseen_class
unclean,neysan,unclean/neysan/214782972.jpg,unseen_class
unclean,neysan,unclean/neysan/214814000.jpg,unseen_class
unclean,neysan,unclean/neysan/214838660.jpg,unseen_class
unclean,neysan,unclean/neysan/214844236.jpg,unseen_class
unclean,neysan,unclean/neysan/214846176.jpg,unseen_class
unclean,neysan,unclean/neysan/215022451.jpg,unseen_class
unclean,neysan,unclean/neysan/215055953.jpg,unseen_class
unclean,neysan,unclean/neysan/215107013.jpg,unseen_class
unclean,neysan,unclean/neysan/215109203.jpg,unseen_class
unclean,neysan,unclean/neysan/215297064.jpg,unseen_class
unclean,neysan,unclean/neysan/215575111.jpg,unseen_class
unclean,neysan,unclean/neysan/215583918.jpg,unseen_class
unclean,neysan,unclean/neysan/215607701.jpg,unseen_class
unclean,neysan,unclean/neysan/215616328.jpg,unseen_class
unclean,neysan,unclean/neysan/215649880.jpg,unseen_class
unclean,neysan,unclean/neysan/215698156.jpg,unseen_class
unclean,neysan,unclean/neysan/215714541.jpg,unseen_class
unclean,neysan,unclean/neysan/215717560.jpg,unseen_class
unclean,neysan,unclean/neysan/215720225.jpg,unseen_class
unclean,neysan,unclean/neysan/215726436.jpg,unseen_class
unclean,neysan,unclean/neysan/215733811.jpg,unseen_class
unclean,neysan,unclean/neysan/215738096.jpg,unseen_class
unclean,neysan,unclean/neysan/215755752.jpg,unseen_class
unclean,neysan,unclean/neysan/215780374.jpg,unseen_class
unclean,neysan,unclean/neysan/215821681.jpg,unseen_class
unclean,neysan,unclean/neysan/215836175.jpg,unseen_class
unclean,neysan,unclean/neysan/215857042.jpg,unseen_class
unclean,neysan,unclean/neysan/215880051.jpg,unseen_class
unclean,neysan,unclean/neysan/215896255.jpg,unseen_class
unclean,neysan,unclean/neysan/215904549.jpg,unseen_class
unclean,neysan,unclean/neysan/215976038.jpg,unseen_class
unclean,neysan,unclean/neysan/215977687.jpg,unseen_class
unclean,neysan,unclean/neysan/216001977.jpg,unseen_class
unclean,neysan,unclean/neysan/216011516.jpg,unseen_class
unclean,neysan,unclean/neysan/216034128.jpg,unseen_class
unclean,neysan,unclean/neysan/216044833.jpg,unseen_class
unclean,neysan,unclean/neysan/216085337.jpg,unseen_class
unclean,neysan,unclean/neysan/216105326.jpg,unseen_class
unclean,neysan,unclean/neysan/216107182.jpg,unseen_class
unclean,neysan,unclean/neysan/216119284.jpg,unseen_class
unclean,neysan,unclean/neysan/216129042.jpg,unseen_class
unclean,neysan,unclean/neysan/216156094.jpg,unseen_class
unclean,neysan,unclean/neysan/216245889.jpg,unseen_class
unclean,neysan,unclean/neysan/216279064.jpg,unseen_class
unclean,neysan,unclean/neysan/216335667.jpg,unseen_class
unclean,neysan,unclean/neysan/216342000.jpg,unseen_class
unclean,neysan,unclean/neysan/216417392.jpg,unseen_class
unclean,neysan,unclean/neysan/216425162.jpg,unseen_class
unclean,neysan,unclean/neysan/216462815.jpg,unseen_class
unclean,neysan,unclean/neysan/216525289.jpg,unseen_class
unclean,neysan,unclean/neysan/216534642.jpg,unseen_class
unclean,neysan,unclean/neysan/216558081.jpg,unseen_class
unclean,neysan,unclean/neysan/216606189.jpg,unseen_class
unclean,neysan,unclean/neysan/216625212.jpg,unseen_class
unclean,neysan,unclean/neysan/216646205.jpg,unseen_class
unclean,neysan,unclean/neysan/216688804.jpg,unseen_class
unclean,neysan,unclean/neysan/216713191.jpg,unseen_class
unclean,neysan,unclean/neysan/216752426.jpg,unseen_class
unclean,neysan,unclean/neysan/216755502.jpg,unseen_class
unclean,neysan,unclean/neysan/216755768.jpg,unseen_class
unclean,neysan,unclean/neysan/216798672.jpg,unseen_class
unclean,neysan,unclean/neysan/216849972.jpg,unseen_class
unclean,neysan,unclean/neysan/216976584.jpg,unseen_class
unclean,neysan,unclean/neysan/216996756.jpg,unseen_class
unclean,neysan,unclean/neysan/217018686.jpg,unseen_class
unclean,neysan,unclean/neysan/217028894.jpg,unseen_class
unclean,neysan,unclean/neysan/217063632.jpg,unseen_class
unclean,neysan,unclean/neysan/217090683.jpg,unseen_class
unclean,neysan,unclean/neysan/217097271.jpg,unseen_class
unclean,neysan,unclean/neysan/217136863.jpg,unseen_class
unclean,neysan,unclean/neysan/217170964.jpg,unseen_class
unclean,neysan,unclean/neysan/217192410.jpg,unseen_class
unclean,neysan,unclean/neysan/217231423.jpg,unseen_class
unclean,neysan,unclean/neysan/217260102.jpg,unseen_class
unclean,neysan,unclean/neysan/217279618.jpg,unseen_class
unclean,neysan,unclean/neysan/217352815.jpg,unseen_class
unclean,neysan,unclean/neysan/217427995.jpg,unseen_class
unclean,neysan,unclean/neysan/217434868.jpg,unseen_class
unclean,neysan,unclean/neysan/217515157.jpg,unseen_class
unclean,neysan,unclean/neysan/217554061.jpg,unseen_class
unclean,neysan,unclean/neysan/217558673.jpg,unseen_class
unclean,neysan,unclean/neysan/217570438.jpg,unseen_class
unclean,neysan,unclean/neysan/217684475.jpg,unseen_class
unclean,neysan,unclean/neysan/217698430.jpg,unseen_class
unclean,neysan,unclean/neysan/217770313.jpg,unseen_class
unclean,neysan,unclean/neysan/217784730.jpg,unseen_class
unclean,neysan,unclean/neysan/217829551.jpg,unseen_class
unclean,neysan,unclean/neysan/217844142.jpg,unseen_class
unclean,neysan,unclean/neysan/217889120.jpg,unseen_class
unclean,neysan,unclean/neysan/217961793.jpg,unseen_class
unclean,neysan,unclean/neysan/217964355.jpg,unseen_class
unclean,neysan,unclean/neysan/217970196.jpg,unseen_class
unclean,neysan,unclean/neysan/217977559.jpg,unseen_class
unclean,neysan,unclean/neysan/217981226.jpg,unseen_class
unclean,neysan,unclean/neysan/217990722.jpg,unseen_class
unclean,neysan,unclean/neysan/218015373.jpg,unseen_class
unclean,neysan,unclean/neysan/218042482.jpg,unseen_class
unclean,neysan,unclean/neysan/218044166.jpg,unseen_class
unclean,neysan,unclean/neysan/218059558.jpg,unseen_class
unclean,neysan,unclean/neysan/218061222.jpg,unseen_class
unclean,neysan,unclean/neysan/218080336.jpg,unseen_class
unclean,neysan,unclean/neysan/218080868.jpg,unseen_class
unclean,neysan,unclean/neysan/218101940.jpg,unseen_class
unclean,neysan,unclean/neysan/218120114.jpg,unseen_class
unclean,neysan,unclean/neysan/218155360.jpg,unseen_class
unclean,neysan,unclean/neysan/218169177.jpg,unseen_class
unclean,neysan,unclean/neysan/218187967.jpg,unseen_class
unclean,neysan,unclean/neysan/218189460.jpg,unseen_class
unclean,neysan,unclean/neysan/218251629.jpg,unseen_class
unclean,neysan,unclean/neysan/218259572.jpg,unseen_class
unclean,neysan,unclean/neysan/218269888.jpg,unseen_class
unclean,neysan,unclean/neysan/218311235.jpg,unseen_class
unclean,neysan,unclean/neysan/218352401.jpg,unseen_class
unclean,neysan,unclean/neysan/218353100.jpg,unseen_class
unclean,neysan,unclean/neysan/218377226.jpg,unseen_class
unclean,neysan,unclean/neysan/218438512.jpg,unseen_class
unclean,neysan,unclean/neysan/218481035.jpg,unseen_class
unclean,neysan,unclean/neysan/218511513.jpg,unseen_class
unclean,neysan,unclean/neysan/218516808.jpg,unseen_class
unclean,neysan,unclean/neysan/218565025.jpg,unseen_class
unclean,neysan,unclean/neysan/218571705.jpg,unseen_class
unclean,neysan,unclean/neysan/218575779.jpg,unseen_class
unclean,neysan,unclean/neysan/218579053.jpg,unseen_class
unclean,neysan,unclean/neysan/218587266.jpg,unseen_class
unclean,neysan,unclean/neysan/218594379.jpg,unseen_class
unclean,neysan,unclean/neysan/218618891.jpg,unseen_class
unclean,neysan,unclean/neysan/218619586.jpg,unseen_class
unclean,neysan,unclean/neysan/218621398.jpg,unseen_class
unclean,neysan,unclean/neysan/218624569.jpg,unseen_class
unclean,neysan,unclean/neysan/218653329.jpg,unseen_class
unclean,neysan,unclean/neysan/218667942.jpg,unseen_class
unclean,neysan,unclean/neysan/218692911.jpg,unseen_class
unclean,neysan,unclean/neysan/218701154.jpg,unseen_class
unclean,neysan,unclean/neysan/218706383.jpg,unseen_class
unclean,neysan,unclean/neysan/218706427.jpg,unseen_class
unclean,neysan,unclean/neysan/218706597.jpg,unseen_class
unclean,neysan,unclean/neysan/218733711.jpg,unseen_class
unclean,neysan,unclean/neysan/218743756.jpg,unseen_class
unclean,neysan,unclean/neysan/218753316.jpg,unseen_class
unclean,neysan,unclean/neysan/218769882.jpg,unseen_class
unclean,neysan,unclean/neysan/218785295.jpg,unseen_class
unclean,neysan,unclean/neysan/218807829.jpg,unseen_class
unclean,neysan,unclean/neysan/218844658.jpg,unseen_class
unclean,neysan,unclean/neysan/218847866.jpg,unseen_class
unclean,neysan,unclean/neysan/218870355.jpg,unseen_class
unclean,neysan,unclean/neysan/218873530.jpg,unseen_class
unclean,neysan,unclean/neysan/218879049.jpg,unseen_class
unclean,neysan,unclean/neysan/218879297.jpg,unseen_class
unclean,neysan,unclean/neysan/218886563.jpg,unseen_class
unclean,neysan,unclean/neysan/218890033.jpg,unseen_class
unclean,neysan,unclean/neysan/218912535.jpg,unseen_class
unclean,neysan,unclean/neysan/218932038.jpg,unseen_class
unclean,neysan,unclean/neysan/218939947.jpg,unseen_class
unclean,neysan,unclean/neysan/218970336.jpg,unseen_class
unclean,neysan,unclean/neysan/218980394.jpg,unseen_class
unclean,neysan,unclean/neysan/218981053.jpg,unseen_class
unclean,neysan,unclean/neysan/218981637.jpg,unseen_class
unclean,neysan,unclean/neysan/218984663.jpg,unseen_class
unclean,neysan,unclean/neysan/219013565.jpg,unseen_class
unclean,neysan,unclean/neysan/219016956.jpg,unseen_class
unclean,neysan,unclean/neysan/219037231.jpg,unseen_class
unclean,neysan,unclean/neysan/219111121.jpg,unseen_class
unclean,neysan,unclean/neysan/219117401.jpg,unseen_class
unclean,savari,unclean/savari/194293170.jpg,unclean_candidate
unclean,savari,unclean/savari/195433974.jpg,unclean_candidate
unclean,savari,unclean/savari/195552420.jpg,unclean_candidate
unclean,savari,unclean/savari/195724812.jpg,unclean_candidate
unclean,savari,unclean/savari/195800847.jpg,unclean_candidate
unclean,savari,unclean/savari/195877097.jpg,unclean_candidate
unclean,savari,unclean/savari/195946835.jpg,unclean_candidate
unclean,savari,unclean/savari/197061032.jpg,unclean_candidate
unclean,savari,unclean/savari/197570674.jpg,unclean_candidate
unclean,savari,unclean/savari/197726987.jpg,unclean_candidate
unclean,savari,unclean/savari/197940827.jpg,unclean_candidate
unclean,savari,unclean/savari/198043112.jpg,unclean_candidate
unclean,savari,unclean/savari/198098595.jpg,unclean_candidate
unclean,savari,unclean/savari/198102291.jpg,unclean_candidate
unclean,savari,unclean/savari/198114661.jpg,unclean_candidate
unclean,savari,unclean/savari/198373557.jpg,unclean_candidate
unclean,savari,unclean/savari/198464048.jpg,unclean_candidate
unclean,savari,unclean/savari/198468980.jpg,unclean_candidate
unclean,savari,unclean/savari/198480913.jpg,unclean_candidate
unclean,savari,unclean/savari/198541116.jpg,unclean_candidate
unclean,savari,unclean/savari/198640972.jpg,unclean_candidate
unclean,savari,unclean/savari/199250608.jpg,unclean_candidate
unclean,savari,unclean/savari/199291703.jpg,unclean_candidate
unclean,savari,unclean/savari/199652334.jpg,unclean_candidate
unclean,savari,unclean/savari/199825671.jpg,unclean_candidate
unclean,savari,unclean/savari/199838206.jpg,unclean_candidate
unclean,savari,unclean/savari/199907289.jpg,unclean_candidate
unclean,savari,unclean/savari/200499854.jpg,unclean_candidate
unclean,savari,unclean/savari/200806002.jpg,unclean_candidate
unclean,savari,unclean/savari/200931514.jpg,unclean_candidate
unclean,savari,unclean/savari/201454407.jpg,unclean_candidate
unclean,savari,unclean/savari/201705208.jpg,unclean_candidate
unclean,savari,unclean/savari/201795618.jpg,unclean_candidate
unclean,savari,unclean/savari/201795933.jpg,unclean_candidate
unclean,savari,unclean/savari/202162130.jpg,unclean_candidate
unclean,savari,unclean/savari/202172611.jpg,unclean_candidate
unclean,savari,unclean/savari/202545543.jpg,unclean_candidate
unclean,savari,unclean/savari/203013904.jpg,unclean_candidate
unclean,savari,unclean/savari/203405391.jpg,unclean_candidate
unclean,savari,unclean/savari/205048854.jpg,unclean_candidate
unclean,savari,unclean/savari/205160387.jpg,unclean_candidate
unclean,savari,unclean/savari/205317151.jpg,unclean_candidate
unclean,savari,unclean/savari/205576507.jpg,unclean_candidate
unclean,savari,unclean/savari/205668577.jpg,unclean_candidate
unclean,savari,unclean/savari/205754454.jpg,unclean_candidate
unclean,savari,unclean/savari/205865817.jpg,unclean_candidate
unclean,savari,unclean/savari/206138343.jpg,unclean_candidate
unclean,savari,unclean/savari/206190231.jpg,unclean_candidate
unclean,savari,unclean/savari/206276702.jpg,unclean_candidate
unclean,savari,unclean/savari/206277240.jpg,unclean_candidate
unclean,savari,unclean/savari/206416762.jpg,unclean_candidate
unclean,savari,unclean/savari/206644295.jpg,unclean_candidate
unclean,savari,unclean/savari/206793149.jpg,unclean_candidate
unclean,savari,unclean/savari/206883575.jpg,unclean_candidate
unclean,savari,unclean/savari/207151442.jpg,unclean_candidate
unclean,savari,unclean/savari/207298239.jpg,unclean_candidate
unclean,savari,unclean/savari/207764744.jpg,unclean_candidate
unclean,savari,unclean/savari/207785205.jpg,unclean_candidate
unclean,savari,unclean/savari/207835536.jpg,unclean_candidate
unclean,savari,unclean/savari/207938297.jpg,unclean_candidate
unclean,savari,unclean/savari/208215002.jpg,unclean_candidate
unclean,savari,unclean/savari/208418093.jpg,unclean_candidate
unclean,savari,unclean/savari/208507398.jpg,unclean_candidate
unclean,savari,unclean/savari/208741036.jpg,unclean_candidate
unclean,savari,unclean/savari/208835631.jpg,unclean_candidate
unclean,savari,unclean/savari/208896884.jpg,unclean_candidate
unclean,savari,unclean/savari/209019732.jpg,unclean_candidate
unclean,savari,unclean/savari/209038770.jpg,unclean_candidate
unclean,savari,unclean/savari/209155552.jpg,unclean_candidate
unclean,savari,unclean/savari/209165603.jpg,unclean_candidate
unclean,savari,unclean/savari/209430101.jpg,unclean_candidate
unclean,savari,unclean/savari/209434334.jpg,unclean_candidate
unclean,savari,unclean/savari/209449668.jpg,unclean_candidate
unclean,savari,unclean/savari/209690806.jpg,unclean_candidate
unclean,savari,unclean/savari/209718955.jpg,unclean_candidate
unclean,savari,unclean/savari/210000938.jpg,unclean_candidate
unclean,savari,unclean/savari/210043852.jpg,unclean_candidate
unclean,savari,unclean/savari/210205517.jpg,unclean_candidate
unclean,savari,unclean/savari/210273275.jpg,unclean_candidate
unclean,savari,unclean/savari/210380464.jpg,unclean_candidate
unclean,savari,unclean/savari/210494128.jpg,unclean_candidate
unclean,savari,unclean/savari/210514855.jpg,unclean_candidate
unclean,savari,unclean/savari/210570601.jpg,unclean_candidate
unclean,savari,unclean/savari/210591541.jpg,unclean_candidate
unclean,savari,unclean/savari/210680167.jpg,unclean_candidate
unclean,savari,unclean/savari/210708482.jpg,unclean_candidate
unclean,savari,unclean/savari/210824968.jpg,unclean_candidate
unclean,savari,unclean/savari/210866108.jpg,unclean_candidate
unclean,savari,unclean/savari/210955415.jpg,unclean_candidate
unclean,savari,unclean/savari/211101941.jpg,unclean_candidate
unclean,savari,unclean/savari/211317276.jpg,unclean_candidate
unclean,savari,unclean/savari/211342364.jpg,unclean_candidate
unclean,savari,unclean/savari/211383068.jpg,unclean_candidate
unclean,savari,unclean/savari/211490232.jpg,unclean_candidate
unclean,savari,unclean/savari/211607090.jpg,unclean_candidate
unclean,savari,unclean/savari/211858432.jpg,unclean_candidate
unclean,savari,unclean/savari/211872752.jpg,unclean_candidate
unclean,savari,unclean/savari/211934537.jpg,unclean_candidate
unclean,savari,unclean/savari/212125069.jpg,unclean_candidate
unclean,savari,unclean/savari/212213154.jpg,unclean_candidate
unclean,savari,unclean/savari/212245343.jpg,unclean_candidate
unclean,savari,unclean/savari/212277145.jpg,unclean_candidate
unclean,savari,unclean/savari/212357584.jpg,unclean_candidate
unclean,savari,unclean/savari/212557751.jpg,unclean_candidate
unclean,savari,unclean/savari/212740634.jpg,unclean_candidate
unclean,savari,unclean/savari/212763648.jpg,unclean_candidate
unclean,savari,unclean/savari/213161227.jpg,unclean_candidate
unclean,savari,unclean/savari/213269293.jpg,unclean_candidate
unclean,savari,unclean/savari/213387241.jpg,unclean_candidate
unclean,savari,unclean/savari/213558533.jpg,unclean_candidate
unclean,savari,unclean/savari/213701981.jpg,unclean_candidate
unclean,savari,unclean/savari/214318978.jpg,unclean_candidate
unclean,savari,unclean/savari/214344756.jpg,unclean_candidate
unclean,savari,unclean/savari/214536826.jpg,unclean_candidate
unclean,savari,unclean/savari/214593501.jpg,unclean_candidate
unclean,savari,unclean/savari/214619124.jpg,unclean_candidate
unclean,savari,unclean/savari/214631845.jpg,unclean_candidate
unclean,savari,unclean/savari/214643894.jpg,unclean_candidate
unclean,savari,unclean/savari/214692016.jpg,unclean_candidate
unclean,savari,unclean/savari/214697912.jpg,unclean_candidate
unclean,savari,unclean/savari/214729380.jpg,unclean_candidate
unclean,savari,unclean/savari/214737191.jpg,unclean_candidate
unclean,savari,unclean/savari/214764331.jpg,unclean_candidate
unclean,savari,unclean/savari/214818268.jpg,unclean_candidate
unclean,savari,unclean/savari/214832756.jpg,unclean_candidate
unclean,savari,unclean/savari/214835469.jpg,unclean_candidate
unclean,savari,unclean/savari/214848779.jpg,unclean_candidate
unclean,savari,unclean/savari/215119324.jpg,unclean_candidate
unclean,savari,unclean/savari/215184231.jpg,drop_near_test
unclean,savari,unclean/savari/215537143.jpg,unclean_candidate
unclean,savari,unclean/savari/215575196.jpg,unclean_candidate
unclean,savari,unclean/savari/215723061.jpg,unclean_candidate
unclean,savari,unclean/savari/215792985.jpg,unclean_candidate
unclean,savari,unclean/savari/215797978.jpg,unclean_candidate
unclean,savari,unclean/savari/215808755.jpg,unclean_candidate
unclean,savari,unclean/savari/215847437.jpg,unclean_candidate
unclean,savari,unclean/savari/215899289.jpg,unclean_candidate
unclean,savari,unclean/savari/215925240.jpg,unclean_candidate
unclean,savari,unclean/savari/215933473.jpg,unclean_candidate
unclean,savari,unclean/savari/215951198.jpg,unclean_candidate
unclean,savari,unclean/savari/215996726.jpg,unclean_candidate
unclean,savari,unclean/savari/216014638.jpg,unclean_candidate
unclean,savari,unclean/savari/216019296.jpg,unclean_candidate
unclean,savari,unclean/savari/216079172.jpg,unclean_candidate
unclean,savari,unclean/savari/216079866.jpg,unclean_candidate
unclean,savari,unclean/savari/216080208.jpg,unclean_candidate
unclean,savari,unclean/savari/216138705.jpg,unclean_candidate
unclean,savari,unclean/savari/216246147.jpg,unclean_candidate
unclean,savari,unclean/savari/216331636.jpg,unclean_candidate
unclean,savari,unclean/savari/216348327.jpg,unclean_candidate
unclean,savari,unclean/savari/216370669.jpg,unclean_candidate
unclean,savari,unclean/savari/216428705.jpg,unclean_candidate
unclean,savari,unclean/savari/216442459.jpg,unclean_candidate
unclean,savari,unclean/savari/216539715.jpg,unclean_candidate
unclean,savari,unclean/savari/216565316.jpg,unclean_candidate
unclean,savari,unclean/savari/216570081.jpg,unclean_candidate
unclean,savari,unclean/savari/216574742.jpg,unclean_candidate
unclean,savari,unclean/savari/216585140.jpg,unclean_candidate
unclean,savari,unclean/savari/216586565.jpg,unclean_candidate
unclean,savari,unclean/savari/216624665.jpg,unclean_candidate
unclean,savari,unclean/savari/216634139.jpg,unclean_candidate
unclean,savari,unclean/savari/216657566.jpg,unclean_candidate
unclean,savari,unclean/savari/216661534.jpg,unclean_candidate
unclean,savari,unclean/savari/216679332.jpg,unclean_candidate
unclean,savari,unclean/savari/216704359.jpg,unclean_candidate
unclean,savari,unclean/savari/216707659.jpg,unclean_candidate
unclean,savari,unclean/savari/216729257.jpg,unclean_candidate
unclean,savari,unclean/savari/216733797.jpg,unclean_candidate
unclean,savari,unclean/savari/216751233.jpg,unclean_candidate
unclean,savari,unclean/savari/216757355.jpg,unclean_candidate
unclean,savari,unclean/savari/216802984.jpg,unclean_candidate
unclean,savari,unclean/savari/216824152.jpg,unclean_candidate
unclean,savari,unclean/savari/216856504.jpg,unclean_candidate
unclean,savari,unclean/savari/216860877.jpg,unclean_candidate
unclean,savari,unclean/savari/216902320.jpg,unclean_candidate
unclean,savari,unclean/savari/216915296.jpg,unclean_candidate
unclean,savari,unclean/savari/216956677.jpg,unclean_candidate
unclean,savari,unclean/savari/216973782.jpg,unclean_candidate
unclean,savari,unclean/savari/217001814.jpg,unclean_candidate
unclean,savari,unclean/savari/217011281.jpg,unclean_candidate
unclean,savari,unclean/savari/217040826.jpg,unclean_candidate
unclean,savari,unclean/savari/217108489.jpg,unclean_candidate
unclean,savari,unclean/savari/217174516.jpg,unclean_candidate
unclean,savari,unclean/savari/217243561.jpg,unclean_candidate
unclean,savari,unclean/savari/217248973.jpg,unclean_candidate
unclean,savari,unclean/savari/217249647.jpg,unclean_candidate
unclean,savari,unclean/savari/217279795.jpg,unclean_candidate
unclean,savari,unclean/savari/217283312.jpg,unclean_candidate
unclean,savari,unclean/savari/217304565.jpg,unclean_candidate
unclean,savari,unclean/savari/217339387.jpg,unclean_candidate
unclean,savari,unclean/savari/217368312.jpg,unclean_candidate
unclean,savari,unclean/savari/217377465.jpg,unclean_candidate
unclean,savari,unclean/savari/217378404.jpg,unclean_candidate
unclean,savari,unclean/savari/217384414.jpg,unclean_candidate
unclean,savari,unclean/savari/217393464.jpg,unclean_candidate
unclean,savari,unclean/savari/217408734.jpg,unclean_candidate
unclean,savari,unclean/savari/217430133.jpg,unclean_candidate
unclean,savari,unclean/savari/217448062.jpg,unclean_candidate
unclean,savari,unclean/savari/217486577.jpg,unclean_candidate
unclean,savari,unclean/savari/217504043.jpg,unclean_candidate
unclean,savari,unclean/savari/217510361.jpg,unclean_candidate
unclean,savari,unclean/savari/217516553.jpg,unclean_candidate
unclean,savari,unclean/savari/217522146.jpg,unclean_candidate
unclean,savari,unclean/savari/217561081.jpg,unclean_candidate
unclean,savari,unclean/savari/217567603.jpg,unclean_candidate
unclean,savari,unclean/savari/217596839.jpg,unclean_candidate
unclean,savari,unclean/savari/217648709.jpg,unclean_candidate
unclean,savari,unclean/savari/217678723.jpg,unclean_candidate
unclean,savari,unclean/savari/217699390.jpg,unclean_candidate
unclean,savari,unclean/savari/217709880.jpg,unclean_candidate
unclean,savari,unclean/savari/217737227.jpg,unclean_candidate
unclean,savari,unclean/savari/217746881.jpg,unclean_candidate
unclean,savari,unclean/savari/217768353.jpg,unclean_candidate
unclean,savari,unclean/savari/217841511.jpg,unclean_candidate
unclean,savari,unclean/savari/217937778.jpg,unclean_candidate
unclean,savari,unclean/savari/217945404.jpg,unclean_candidate
unclean,savari,unclean/savari/218003673.jpg,unclean_candidate
unclean,savari,unclean/savari/218141985.jpg,unclean_candidate
unclean,savari,unclean/savari/218159810.jpg,unclean_candidate
unclean,savari,unclean/savari/218166407.jpg,unclean_candidate
unclean,savari,unclean/savari/218198627.jpg,unclean_candidate
unclean,savari,unclean/savari/218202038.jpg,unclean_candidate
unclean,savari,unclean/savari/218223019.jpg,unclean_candidate
unclean,savari,unclean/savari/218252931.jpg,unclean_candidate
unclean,savari,unclean/savari/218298842.jpg,unclean_candidate
unclean,savari,unclean/savari/218304819.jpg,unclean_candidate
unclean,savari,unclean/savari/218307784.jpg,unclean_candidate
unclean,savari,unclean/savari/218310441.jpg,unclean_candidate
unclean,savari,unclean/savari/218311049.jpg,unclean_candidate
unclean,savari,unclean/savari/218315298.jpg,unclean_candidate
unclean,savari,unclean/savari/218315557.jpg,unclean_candidate
unclean,savari,unclean/savari/218327694.jpg,unclean_candidate
unclean,savari,unclean/savari/218355363.jpg,unclean_candidate
unclean,savari,unclean/savari/218372965.jpg,unclean_candidate
unclean,savari,unclean/savari/218467171.jpg,unclean_candidate
unclean,savari,unclean/savari/218594536.jpg,unclean_candidate
unclean,savari,unclean/savari/218644350.jpg,unclean_candidate
unclean,savari,unclean/savari/218689207.jpg,unclean_candidate
unclean,savari,unclean/savari/218693364.jpg,unclean_candidate
unclean,savari,unclean/savari/218713286.jpg,unclean_candidate
unclean,savari,unclean/savari/218722193.jpg,unclean_candidate
unclean,savari,unclean/savari/218734546.jpg,unclean_candidate
unclean,savari,unclean/savari/218743709.jpg,unclean_candidate
unclean,savari,unclean/savari/218819463.jpg,unclean_candidate
unclean,savari,unclean/savari/218822178.jpg,unclean_candidate
unclean,savari,unclean/savari/218944137.jpg,unclean_candidate
unclean,savari,unclean/savari/218954447.jpg,unclean_candidate
unclean,savari,unclean/savari/218985685.jpg,unclean_candidate
unclean,savari,unclean/savari/218989944.jpg,unclean_candidate
unclean,savari,unclean/savari/219006680.jpg,unclean_candidate
unclean,savari,unclean/savari/219008456.jpg,unclean_candidate
unclean,taxi,unclean/taxi/195950678.jpg,unclean_candidate
unclean,taxi,unclean/taxi/196935725.jpg,unclean_candidate
unclean,taxi,unclean/taxi/197011132.jpg,unclean_candidate
unclean,taxi,unclean/taxi/197838399.jpg,unclean_candidate
unclean,taxi,unclean/taxi/197862478.jpg,unclean_candidate
unclean,taxi,unclean/taxi/198088855.jpg,unclean_candidate
unclean,taxi,unclean/taxi/198126746.jpg,unclean_candidate
unclean,taxi,unclean/taxi/198214415.jpg,unclean_candidate
unclean,taxi,unclean/taxi/198241462.jpg,unclean_candidate
unclean,taxi,unclean/taxi/198359281.jpg,unclean_candidate
unclean,taxi,unclean/taxi/198686634.jpg,unclean_candidate
unclean,taxi,unclean/taxi/198784132.jpg,unclean_candidate
unclean,taxi,unclean/taxi/199096740.jpg,unclean_candidate
unclean,taxi,unclean/taxi/199209656.jpg,unclean_candidate
unclean,taxi,unclean/taxi/199494864.jpg,unclean_candidate
unclean,taxi,unclean/taxi/199661592.jpg,unclean_candidate
unclean,taxi,unclean/taxi/199704344.jpg,unclean_candidate
unclean,taxi,unclean/taxi/199796114.jpg,unclean_candidate
unclean,taxi,unclean/taxi/199975006.jpg,unclean_candidate
unclean,taxi,unclean/taxi/199993681.jpg,unclean_candidate
unclean,taxi,unclean/taxi/200016494.jpg,unclean_candidate
unclean,taxi,unclean/taxi/200088909.jpg,unclean_candidate
unclean,taxi,unclean/taxi/200264885.jpg,unclean_candidate
unclean,taxi,unclean/taxi/211642643.jpg,unclean_candidate
unclean,taxi,unclean/taxi/211808559.jpg,unclean_candidate
unclean,taxi,unclean/taxi/211861167.jpg,unclean_candidate
unclean,taxi,unclean/taxi/211928111.jpg,unclean_candidate
unclean,taxi,unclean/taxi/212015814.jpg,unclean_candidate
unclean,taxi,unclean/taxi/212080463.jpg,unclean_candidate
unclean,taxi,unclean/taxi/212197580.jpg,unclean_candidate
unclean,taxi,unclean/taxi/212216436.jpg,unclean_candidate
unclean,taxi,unclean/taxi/212338658.jpg,unclean_candidate
unclean,taxi,unclean/taxi/212492667.jpg,unclean_candidate
unclean,taxi,unclean/taxi/212512475.jpg,unclean_candidate
unclean,taxi,unclean/taxi/212556511.jpg,unclean_candidate
unclean,taxi,unclean/taxi/212584711.jpg,unclean_candidate
unclean,taxi,unclean/taxi/212746503.jpg,unclean_candidate
unclean,taxi,unclean/taxi/212778844.jpg,unclean_candidate
unclean,taxi,unclean/taxi/213011071.jpg,unclean_candidate
unclean,taxi,unclean/taxi/213192920.jpg,unclean_candidate
unclean,taxi,unclean/taxi/213293394.jpg,unclean_candidate
unclean,taxi,unclean/taxi/213424798.jpg,unclean_candidate
unclean,taxi,unclean/taxi/213492354.jpg,unclean_candidate
unclean,taxi,unclean/taxi/213603022.jpg,unclean_candidate
unclean,taxi,unclean/taxi/213723238.jpg,unclean_candidate
unclean,taxi,unclean/taxi/213771064.jpg,unclean_candidate
unclean,taxi,unclean/taxi/214281537.jpg,unclean_candidate
unclean,taxi,unclean/taxi/214350776.jpg,unclean_candidate
unclean,taxi,unclean/taxi/214415281.jpg,unclean_candidate
unclean,taxi,unclean/taxi/214429642.jpg,unclean_candidate
unclean,taxi,unclean/taxi/214543438.jpg,drop_near_test
unclean,taxi,unclean/taxi/214640530.jpg,unclean_candidate
unclean,taxi,unclean/taxi/214685953.jpg,unclean_candidate
unclean,taxi,unclean/taxi/214713078.jpg,unclean_candidate
unclean,taxi,unclean/taxi/214761981.jpg,unclean_candidate
unclean,taxi,unclean/taxi/214791515.jpg,unclean_candidate
unclean,taxi,unclean/taxi/214811342.jpg,unclean_candidate
unclean,taxi,unclean/taxi/214842341.jpg,unclean_candidate
unclean,taxi,unclean/taxi/215049694.jpg,unclean_candidate
unclean,taxi,unclean/taxi/215062575.jpg,unclean_candidate
unclean,taxi,unclean/taxi/215089910.jpg,unclean_candidate
unclean,taxi,unclean/taxi/215096099.jpg,unclean_candidate
unclean,taxi,unclean/taxi/215162820.jpg,unclean_candidate
unclean,taxi,unclean/taxi/215179571.jpg,unclean_candidate
unclean,taxi,unclean/taxi/215184166.jpg,unclean_candidate
unclean,taxi,unclean/taxi/215503531.jpg,unclean_candidate
unclean,taxi,unclean/taxi/215558511.jpg,unclean_candidate
unclean,taxi,unclean/taxi/215575671.jpg,unclean_candidate
unclean,taxi,unclean/taxi/215578060.jpg,unclean_candidate
unclean,taxi,unclean/taxi/215591038.jpg,unclean_candidate
unclean,taxi,unclean/taxi/215608527.jpg,unclean_candidate
unclean,taxi,unclean/taxi/215610691.jpg,unclean_candidate
unclean,taxi,unclean/taxi/215647683.jpg,unclean_candidate
unclean,taxi,unclean/taxi/215689485.jpg,unclean_candidate
unclean,taxi,unclean/taxi/215701889.jpg,unclean_candidate
unclean,taxi,unclean/taxi/215712033.jpg,unclean_candidate
unclean,taxi,unclean/taxi/215729322.jpg,unclean_candidate
unclean,taxi,unclean/taxi/215730723.jpg,unclean_candidate
unclean,taxi,unclean/taxi/215733952.jpg,unclean_candidate
unclean,taxi,unclean/taxi/215802930.jpg,unclean_candidate
unclean,taxi,unclean/taxi/215818747.jpg,unclean_candidate
unclean,taxi,unclean/taxi/215840117.jpg,unclean_candidate
unclean,taxi,unclean/taxi/215891348.jpg,unclean_candidate
unclean,taxi,unclean/taxi/215905052.jpg,unclean_candidate
unclean,taxi,unclean/taxi/215928273.jpg,unclean_candidate
unclean,taxi,unclean/taxi/215970135.jpg,unclean_candidate
unclean,taxi,unclean/taxi/215998371.jpg,unclean_candidate
unclean,taxi,unclean/taxi/216008159.jpg,unclean_candidate
unclean,taxi,unclean/taxi/216029720.jpg,unclean_candidate
unclean,taxi,unclean/taxi/216041867.jpg,unclean_candidate
unclean,taxi,unclean/taxi/216047371.jpg,unclean_candidate
unclean,taxi,unclean/taxi/216052387.jpg,unclean_candidate
unclean,taxi,unclean/taxi/216070972.jpg,unclean_candidate
unclean,taxi,unclean/taxi/216079256.jpg,unclean_candidate
unclean,taxi,unclean/taxi/216098185.jpg,unclean_candidate
unclean,taxi,unclean/taxi/216110847.jpg,unclean_candidate
unclean,taxi,unclean/taxi/216125287.jpg,unclean_candidate
unclean,taxi,unclean/taxi/216140407.jpg,unclean_candidate
unclean,taxi,unclean/taxi/216177990.jpg,unclean_candidate
unclean,taxi,unclean/taxi/216207428.jpg,unclean_candidate
unclean,taxi,unclean/taxi/216241992.jpg,unclean_candidate
unclean,taxi,unclean/taxi/216266678.jpg,unclean_candidate
unclean,taxi,unclean/taxi/216369226.jpg,unclean_candidate
unclean,taxi,unclean/taxi/216373691.jpg,unclean_candidate
unclean,taxi,unclean/taxi/216389622.jpg,unclean_candidate
unclean,taxi,unclean/taxi/216432563.jpg,unclean_candidate
unclean,taxi,unclean/taxi/216445018.jpg,unclean_candidate
unclean,taxi,unclean/taxi/216456703.jpg,unclean_candidate
unclean,taxi,unclean/taxi/216527052.jpg,unclean_candidate
unclean,taxi,unclean/taxi/216554605.jpg,unclean_candidate
unclean,taxi,unclean/taxi/216557002.jpg,unclean_candidate
unclean,taxi,unclean/taxi/216587626.jpg,unclean_candidate
unclean,taxi,unclean/taxi/216597558.jpg,unclean_candidate
unclean,taxi,unclean/taxi/216601542.jpg,unclean_candidate
unclean,taxi,unclean/taxi/216608752.jpg,drop_near_test
unclean,taxi,unclean/taxi/216611461.jpg,unclean_candidate
unclean,taxi,unclean/taxi/216617210.jpg,unclean_candidate
unclean,taxi,unclean/taxi/216629797.jpg,unclean_candidate
unclean,taxi,unclean/taxi/216646720.jpg,unclean_candidate
unclean,taxi,unclean/taxi/216675429.jpg,unclean_candidate
unclean,taxi,unclean/taxi/216684150.jpg,unclean_candidate
unclean,taxi,unclean/taxi/216746933.jpg,unclean_candidate
unclean,taxi,unclean/taxi/216752830.jpg,unclean_candidate
unclean,taxi,unclean/taxi/216780403.jpg,unclean_candidate
unclean,taxi,unclean/taxi/216809988.jpg,unclean_candidate
unclean,taxi,unclean/taxi/216818182.jpg,unclean_candidate
unclean,taxi,unclean/taxi/216820907.jpg,unclean_candidate
unclean,taxi,unclean/taxi/216828711.jpg,unclean_candidate
unclean,taxi,unclean/taxi/216835817.jpg,unclean_candidate
unclean,taxi,unclean/taxi/216847527.jpg,unclean_candidate
unclean,taxi,unclean/taxi/216848358.jpg,unclean_candidate
unclean,taxi,unclean/taxi/216860683.jpg,unclean_candidate
unclean,taxi,unclean/taxi/216875057.jpg,unclean_candidate
unclean,taxi,unclean/taxi/216878077.jpg,unclean_candidate
unclean,taxi,unclean/taxi/216891850.jpg,unclean_candidate
unclean,taxi,unclean/taxi/216894830.jpg,unclean_candidate
unclean,taxi,unclean/taxi/216949199.jpg,unclean_candidate
unclean,taxi,unclean/taxi/216978702.jpg,unclean_candidate
unclean,taxi,unclean/taxi/217016702.jpg,unclean_candidate
unclean,taxi,unclean/taxi/217024637.jpg,unclean_candidate
unclean,taxi,unclean/taxi/217024752.jpg,unclean_candidate
unclean,taxi,unclean/taxi/217041267.jpg,unclean_candidate
unclean,taxi,unclean/taxi/217051130.jpg,unclean_candidate
unclean,taxi,unclean/taxi/217106962.jpg,unclean_candidate
unclean,taxi,unclean/taxi/217107971.jpg,unclean_candidate
unclean,taxi,unclean/taxi/217137849.jpg,unclean_candidate
unclean,taxi,unclean/taxi/217191582.jpg,unclean_candidate
unclean,taxi,unclean/taxi/217194334.jpg,unclean_candidate
unclean,taxi,unclean/taxi/217201191.jpg,unclean_candidate
unclean,taxi,unclean/taxi/217212092.jpg,unclean_candidate
unclean,taxi,unclean/taxi/217215925.jpg,unclean_candidate
unclean,taxi,unclean/taxi/217218520.jpg,unclean_candidate
unclean,taxi,unclean/taxi/217239782.jpg,unclean_candidate
unclean,taxi,unclean/taxi/217247964.jpg,unclean_candidate
unclean,taxi,unclean/taxi/217253719.jpg,unclean_candidate
unclean,taxi,unclean/taxi/217257668.jpg,unclean_candidate
unclean,taxi,unclean/taxi/217265862.jpg,unclean_candidate
unclean,taxi,unclean/taxi/217269377.jpg,unclean_candidate
unclean,taxi,unclean/taxi/217354473.jpg,unclean_candidate
unclean,taxi,unclean/taxi/217354919.jpg,unclean_candidate
unclean,taxi,unclean/taxi/217360055.jpg,unclean_candidate
unclean,taxi,unclean/taxi/217408003.jpg,unclean_candidate
unclean,taxi,unclean/taxi/217418779.jpg,unclean_candidate
unclean,taxi,unclean/taxi/217430278.jpg,unclean_candidate
unclean,taxi,unclean/taxi/217484586.jpg,unclean_candidate
unclean,taxi,unclean/taxi/217501689.jpg,unclean_candidate
unclean,taxi,unclean/taxi/217502539.jpg,unclean_candidate
unclean,taxi,unclean/taxi/217551050.jpg,unclean_candidate
unclean,taxi,unclean/taxi/217567828.jpg,unclean_candidate
unclean,taxi,unclean/taxi/217605723.jpg,unclean_candidate
unclean,taxi,unclean/taxi/217644232.jpg,unclean_candidate
unclean,taxi,unclean/taxi/217739057.jpg,unclean_candidate
unclean,taxi,unclean/taxi/217763966.jpg,unclean_candidate
unclean,taxi,unclean/taxi/217800553.jpg,unclean_candidate
unclean,taxi,unclean/taxi/217899602.jpg,unclean_candidate
unclean,taxi,unclean/taxi/217902707.jpg,unclean_candidate
unclean,taxi,unclean/taxi/217918556.jpg,unclean_candidate
unclean,taxi,unclean/taxi/217953643.jpg,unclean_candidate
unclean,taxi,unclean/taxi/217957079.jpg,unclean_candidate
unclean,taxi,unclean/taxi/217967703.jpg,unclean_candidate
unclean,taxi,unclean/taxi/217978353.jpg,unclean_candidate
unclean,taxi,unclean/taxi/217979957.jpg,unclean_candidate
unclean,taxi,unclean/taxi/217990923.jpg,unclean_candidate
unclean,taxi,unclean/taxi/218006006.jpg,unclean_candidate
unclean,taxi,unclean/taxi/218010664.jpg,unclean_candidate
unclean,taxi,unclean/taxi/218028690.jpg,unclean_candidate
unclean,taxi,unclean/taxi/218042131.jpg,unclean_candidate
unclean,taxi,unclean/taxi/218069773.jpg,unclean_candidate
unclean,taxi,unclean/taxi/218076751.jpg,unclean_candidate
unclean,taxi,unclean/taxi/218081372.jpg,unclean_candidate
unclean,taxi,unclean/taxi/218106502.jpg,unclean_candidate
unclean,taxi,unclean/taxi/218118406.jpg,unclean_candidate
unclean,taxi,unclean/taxi/218120131.jpg,unclean_candidate
unclean,taxi,unclean/taxi/218124538.jpg,unclean_candidate
unclean,taxi,unclean/taxi/218140851.jpg,unclean_candidate
unclean,taxi,unclean/taxi/218160438.jpg,unclean_candidate
unclean,taxi,unclean/taxi/218182821.jpg,unclean_candidate
unclean,taxi,unclean/taxi/218187498.jpg,unclean_candidate
unclean,taxi,unclean/taxi/218189366.jpg,unclean_candidate
unclean,taxi,unclean/taxi/218189795.jpg,unclean_candidate
unclean,taxi,unclean/taxi/218212988.jpg,unclean_candidate
unclean,taxi,unclean/taxi/218236851.jpg,unclean_candidate
unclean,taxi,unclean/taxi/218243226.jpg,unclean_candidate
unclean,taxi,unclean/taxi/218256574.jpg,unclean_candidate
unclean,taxi,unclean/taxi/218257216.jpg,unclean_candidate
unclean,taxi,unclean/taxi/218260137.jpg,unclean_candidate
unclean,taxi,unclean/taxi/218266883.jpg,unclean_candidate
unclean,taxi,unclean/taxi/218278120.jpg,unclean_candidate
unclean,taxi,unclean/taxi/218305132.jpg,unclean_candidate
unclean,taxi,unclean/taxi/218306921.jpg,unclean_candidate
unclean,taxi,unclean/taxi/218311093.jpg,unclean_candidate
unclean,taxi,unclean/taxi/218319555.jpg,unclean_candidate
unclean,taxi,unclean/taxi/218332011.jpg,unclean_candidate
unclean,taxi,unclean/taxi/218367265.jpg,unclean_candidate
unclean,taxi,unclean/taxi/218399607.jpg,unclean_candidate
unclean,taxi,unclean/taxi/218434268.jpg,unclean_candidate
unclean,taxi,unclean/taxi/218443077.jpg,unclean_candidate
unclean,taxi,unclean/taxi/218449051.jpg,unclean_candidate
unclean,taxi,unclean/taxi/218481509.jpg,unclean_candidate
unclean,taxi,unclean/taxi/218563090.jpg,unclean_candidate
unclean,taxi,unclean/taxi/218566564.jpg,unclean_candidate
unclean,taxi,unclean/taxi/218595145.jpg,unclean_candidate
unclean,taxi,unclean/taxi/218598758.jpg,unclean_candidate
unclean,taxi,unclean/taxi/218609374.jpg,unclean_candidate
unclean,taxi,unclean/taxi/218622649.jpg,unclean_candidate
unclean,taxi,unclean/taxi/218623451.jpg,unclean_candidate
unclean,taxi,unclean/taxi/218627347.jpg,unclean_candidate
unclean,taxi,unclean/taxi/218687795.jpg,unclean_candidate
unclean,taxi,unclean/taxi/218698320.jpg,unclean_candidate
unclean,taxi,unclean/taxi/218714018.jpg,unclean_candidate
unclean,taxi,unclean/taxi/218757953.jpg,unclean_candidate
unclean,taxi,unclean/taxi/218769647.jpg,unclean_candidate
unclean,taxi,unclean/taxi/218776391.jpg,unclean_candidate
unclean,taxi,unclean/taxi/218778376.jpg,unclean_candidate
unclean,taxi,unclean/taxi/218791849.jpg,unclean_candidate
unclean,taxi,unclean/taxi/218892466.jpg,unclean_candidate
unclean,taxi,unclean/taxi/218935254.jpg,unclean_candidate
unclean,taxi,unclean/taxi/218941349.jpg,unclean_candidate
unclean,taxi,unclean/taxi/218967295.jpg,unclean_candidate
unclean,taxi,unclean/taxi/218988377.jpg,unclean_candidate
unclean,taxi,unclean/taxi/219001613.jpg,unclean_candidate
unclean,taxi,unclean/taxi/219055109.jpg,unclean_candidate
unclean,taxi,unclean/taxi/219091412.jpg,unclean_candidate
unclean,vanet,unclean/vanet/193796538.jpg,unclean_candidate
unclean,vanet,unclean/vanet/194260851.jpg,unclean_candidate
unclean,vanet,unclean/vanet/194872019.jpg,unclean_candidate
unclean,vanet,unclean/vanet/195311741.jpg,unclean_candidate
unclean,vanet,unclean/vanet/197011245.jpg,unclean_candidate
unclean,vanet,unclean/vanet/197073034.jpg,unclean_candidate
unclean,vanet,unclean/vanet/197137291.jpg,unclean_candidate
unclean,vanet,unclean/vanet/197277257.jpg,unclean_candidate
unclean,vanet,unclean/vanet/197394524.jpg,unclean_candidate
unclean,vanet,unclean/vanet/197551635.jpg,unclean_candidate
unclean,vanet,unclean/vanet/197560959.jpg,unclean_candidate
unclean,vanet,unclean/vanet/197678284.jpg,unclean_candidate
unclean,vanet,unclean/vanet/197729524.jpg,unclean_candidate
unclean,vanet,unclean/vanet/197826422.jpg,unclean_candidate
unclean,vanet,unclean/vanet/197919941.jpg,unclean_candidate
unclean,vanet,unclean/vanet/198165650.jpg,unclean_candidate
unclean,vanet,unclean/vanet/198363928.jpg,unclean_candidate
unclean,vanet,unclean/vanet/198403132.jpg,unclean_candidate
unclean,vanet,unclean/vanet/198555767.jpg,unclean_candidate
unclean,vanet,unclean/vanet/198723141.jpg,unclean_candidate
unclean,vanet,unclean/vanet/198973233.jpg,unclean_candidate
unclean,vanet,unclean/vanet/198988033.jpg,unclean_candidate
unclean,vanet,unclean/vanet/200495754.jpg,unclean_candidate
unclean,vanet,unclean/vanet/201652374.jpg,unclean_candidate
unclean,vanet,unclean/vanet/202758553.jpg,unclean_candidate
unclean,vanet,unclean/vanet/203511630.jpg,unclean_candidate
unclean,vanet,unclean/vanet/204195442.jpg,unclean_candidate
unclean,vanet,unclean/vanet/204488081.jpg,unclean_candidate
unclean,vanet,unclean/vanet/204556090.jpg,unclean_candidate
unclean,vanet,unclean/vanet/204908253.jpg,unclean_candidate
unclean,vanet,unclean/vanet/205492654.jpg,unclean_candidate
unclean,vanet,unclean/vanet/205760741.jpg,unclean_candidate
unclean,vanet,unclean/vanet/205863988.jpg,unclean_candidate
unclean,vanet,unclean/vanet/205896670.jpg,unclean_candidate
unclean,vanet,unclean/vanet/206287271.jpg,unclean_candidate
unclean,vanet,unclean/vanet/206341310.jpg,unclean_candidate
unclean,vanet,unclean/vanet/206651635.jpg,unclean_candidate
unclean,vanet,unclean/vanet/207074343.jpg,unclean_candidate
unclean,vanet,unclean/vanet/207517475.jpg,unclean_candidate
unclean,vanet,unclean/vanet/207534276.jpg,unclean_candidate
unclean,vanet,unclean/vanet/207573757.jpg,unclean_candidate
unclean,vanet,unclean/vanet/207758538.jpg,unclean_candidate
unclean,vanet,unclean/vanet/207848730.jpg,unclean_candidate
unclean,vanet,unclean/vanet/207849483.jpg,unclean_candidate
unclean,vanet,unclean/vanet/208034728.jpg,unclean_candidate
unclean,vanet,unclean/vanet/208115002.jpg,unclean_candidate
unclean,vanet,unclean/vanet/208472560.jpg,unclean_candidate
unclean,vanet,unclean/vanet/208473051.jpg,unclean_candidate
unclean,vanet,unclean/vanet/208570612.jpg,unclean_candidate
unclean,vanet,unclean/vanet/208675127.jpg,unclean_candidate
unclean,vanet,unclean/vanet/208789361.jpg,unclean_candidate
unclean,vanet,unclean/vanet/208840760.jpg,unclean_candidate
unclean,vanet,unclean/vanet/209060648.jpg,unclean_candidate
unclean,vanet,unclean/vanet/209233623.jpg,unclean_candidate
unclean,vanet,unclean/vanet/209282422.jpg,unclean_candidate
unclean,vanet,unclean/vanet/209813193.jpg,unclean_candidate
unclean,vanet,unclean/vanet/209913836.jpg,unclean_candidate
unclean,vanet,unclean/vanet/209939482.jpg,unclean_candidate
unclean,vanet,unclean/vanet/210819242.jpg,unclean_candidate
unclean,vanet,unclean/vanet/212397930.jpg,unclean_candidate
unclean,vanet,unclean/vanet/212462069.jpg,unclean_candidate
unclean,vanet,unclean/vanet/212662044.jpg,unclean_candidate
unclean,vanet,unclean/vanet/212764267.jpg,unclean_candidate
unclean,vanet,unclean/vanet/212794066.jpg,unclean_candidate
unclean,vanet,unclean/vanet/213022159.jpg,unclean_candidate
unclean,vanet,unclean/vanet/213323692.jpg,unclean_candidate
unclean,vanet,unclean/vanet/213358509.jpg,unclean_candidate
unclean,vanet,unclean/vanet/213899758.jpg,unclean_candidate
unclean,vanet,unclean/vanet/214020375.jpg,unclean_candidate
unclean,vanet,unclean/vanet/214785158.jpg,unclean_candidate
unclean,vanet,unclean/vanet/214844872.jpg,unclean_candidate
unclean,vanet,unclean/vanet/215695188.jpg,unclean_candidate
unclean,vanet,unclean/vanet/215996114.jpg,unclean_candidate
unclean,vanet,unclean/vanet/216384546.jpg,unclean_candidate
unclean,vanet,unclean/vanet/216463352.jpg,unclean_candidate
unclean,vanet,unclean/vanet/216572155.jpg,unclean_candidate
unclean,vanet,unclean/vanet/216758585.jpg,unclean_candidate
unclean,vanet,unclean/vanet/216766888.jpg,unclean_candidate
unclean,vanet,unclean/vanet/216896507.jpg,unclean_candidate
unclean,vanet,unclean/vanet/216985846.jpg,unclean_candidate
unclean,vanet,unclean/vanet/217207555.jpg,unclean_candidate
unclean,vanet,unclean/vanet/217212790.jpg,unclean_candidate
unclean,vanet,unclean/vanet/217322801.jpg,unclean_candidate
unclean,vanet,unclean/vanet/217401649.jpg,unclean_candidate
unclean,vanet,unclean/vanet/217412296.jpg,unclean_candidate
unclean,vanet,unclean/vanet/217426680.jpg,unclean_candidate
unclean,vanet,unclean/vanet/217493909.jpg,unclean_candidate
unclean,vanet,unclean/vanet/217624535.jpg,unclean_candidate
unclean,vanet,unclean/vanet/217670439.jpg,unclean_candidate
unclean,vanet,unclean/vanet/217750010.jpg,unclean_candidate
unclean,vanet,unclean/vanet/217953654.jpg,unclean_candidate
unclean,vanet,unclean/vanet/218022599.jpg,unclean_candidate
unclean,vanet,unclean/vanet/218083641.jpg,unclean_candidate
unclean,vanet,unclean/vanet/218153586.jpg,unclean_candidate
unclean,vanet,unclean/vanet/218216229.jpg,unclean_candidate
unclean,vanet,unclean/vanet/218258133.jpg,unclean_candidate
unclean,vanet,unclean/vanet/218288833.jpg,unclean_candidate
unclean,vanet,unclean/vanet/218383178.jpg,unclean_candidate
unclean,vanet,unclean/vanet/218530330.jpg,unclean_candidate
unclean,vanet,unclean/vanet/218629561.jpg,unclean_candidate
unclean,vanet,unclean/vanet/218635722.jpg,unclean_candidate
unclean,vanet,unclean/vanet/218700051.jpg,unclean_candidate
unclean,vanet,unclean/vanet/218790292.jpg,unclean_candidate
unclean,vanet,unclean/vanet/218794461.jpg,unclean_candidate
unclean,vanet,unclean/vanet/218807198.jpg,unclean_candidate
unclean,vanet,unclean/vanet/218984817.jpg,unclean_candidate
unclean,vanet,unclean/vanet/219083209.jpg,unclean_candidate
unclean,vanet,unclean/vanet/219088134.jpg,unclean_candidate
